{
  "type": "FeatureCollection",
  "features": [
    {
      "type": "Feature",
      "properties": {
        "place": "Curitiba",
        "display_name": "Canindé de São Francisco, Sergipe, Região Nordeste, 49820-000, Brasil",
        "osm_type": "relation",
        "osm_id": 303895,
        "retrieved_at": "2026-09-28T15:02:43Z"
      },
      "geometry": {
        "type": "Polygon",
        "coordinates": [
          [
            [
              -38.0617097,
              -9.5909087
            ],
            [
              -38.0617083,
              -9.5911381
            ],
            [
              -38.0617041,
              -9.5911632
            ],
            [
              -38.0615729,
              -9.5914185
            ],
            [
              -38.0615616,
              -9.5914428
            ],
            [
              -38.0613904,
              -9.5916507
            ],
            [
              -38.0613795,
              -9.5916744
            ],
            [
              -38.0612543,
              -9.5918843
            ],
            [
              -38.0611415,
              -9.591976
            ],
            [
              -38.0611279,
              -9.5920214
            ],
            [
              -38.0607964,
              -9.5921341
            ],
            [
              -38.0605521,
              -9.5922525
            ],
            [
              -38.0602477,
              -9.5923111
            ],
            [
              -38.0602401,
              -9.5923184
            ],
            [
              -38.0600638,
              -9.5924413
            ],
            [
              -38.0600552,
              -9.5924628
            ],
            [
              -38.0599972,
              -9.5925905
            ],
            [
              -38.0599961,
              -9.5926046
            ],
            [
              -38.0599928,
              -9.5926467
            ],
            [
              -38.0598758,
              -9.5927646
            ],
            [
              -38.0598609,
              -9.5927853
            ],
            [
              -38.0596775,
              -9.5929283
            ],
            [
              -38.0595496,
              -9.5930819
            ],
            [
              -38.0594867,
              -9.5932067
            ],
            [
              -38.0594468,
              -9.5934596
            ],
            [
              -38.059446,
              -9.5934781
            ],
            [
              -38.0594974,
              -9.5936853
            ],
            [
              -38.0595316,
              -9.5937902
            ],
            [
              -38.0596792,
              -9.593945
            ],
            [
              -38.0598298,
              -9.5940128
            ],
            [
              -38.0598344,
              -9.5940184
            ],
            [
              -38.059885,
              -9.5940855
            ],
            [
              -38.0598984,
              -9.5941189
            ],
            [
              -38.0599011,
              -9.5942235
            ],
            [
              -38.0598914,
              -9.5942399
            ],
            [
              -38.0598111,
              -9.5943375
            ],
            [
              -38.0598016,
              -9.594359
            ],
            [
              -38.0598014,
              -9.5943751
            ],
            [
              -38.0597898,
              -9.5945179
            ],
            [
              -38.059801,
              -9.5945405
            ],
            [
              -38.0598122,
              -9.5945539
            ],
            [
              -38.0598847,
              -9.5947175
            ],
            [
              -38.0598884,
              -9.5947218
            ],
            [
              -38.0599029,
              -9.5947392
            ],
            [
              -38.0600062,
              -9.5948803
            ],
            [
              -38.0600131,
              -9.594893
            ],
            [
              -38.060176,
              -9.5950054
            ],
            [
              -38.0601794,
              -9.5950095
            ],
            [
              -38.0602885,
              -9.5950586
            ],
            [
              -38.0603024,
              -9.5950668
            ],
            [
              -38.0603752,
              -9.5951073
            ],
            [
              -38.0603815,
              -9.5951194
            ],
            [
              -38.0603986,
              -9.5951315
            ],
            [
              -38.0604326,
              -9.5952033
            ],
            [
              -38.0604391,
              -9.5952112
            ],
            [
              -38.0604415,
              -9.595227
            ],
            [
              -38.060421,
              -9.595313
            ],
            [
              -38.0604164,
              -9.5953285
            ],
            [
              -38.0603293,
              -9.5954317
            ],
            [
              -38.0603149,
              -9.5954393
            ],
            [
              -38.0601842,
              -9.5954919
            ],
            [
              -38.0600967,
              -9.5955503
            ],
            [
              -38.0600799,
              -9.5955681
            ],
            [
              -38.0598936,
              -9.5957087
            ],
            [
              -38.0595942,
              -9.5959935
            ],
            [
              -38.0595732,
              -9.5960103
            ],
            [
              -38.0592771,
              -9.596154
            ],
            [
              -38.059133,
              -9.5961891
            ],
            [
              -38.0589967,
              -9.596447
            ],
            [
              -38.0590407,
              -9.5966871
            ],
            [
              -38.0590392,
              -9.596697
            ],
            [
              -38.059034,
              -9.5970062
            ],
            [
              -38.0590179,
              -9.5970629
            ],
            [
              -38.0589646,
              -9.5972865
            ],
            [
              -38.0589565,
              -9.5973708
            ],
            [
              -38.0589859,
              -9.597529
            ],
            [
              -38.0589926,
              -9.5975732
            ],
            [
              -38.0589508,
              -9.5977906
            ],
            [
              -38.0587771,
              -9.5979518
            ],
            [
              -38.0586872,
              -9.5982018
            ],
            [
              -38.0586607,
              -9.5982882
            ],
            [
              -38.0586583,
              -9.5983042
            ],
            [
              -38.0585334,
              -9.5985405
            ],
            [
              -38.0585065,
              -9.5985482
            ],
            [
              -38.0583213,
              -9.5986862
            ],
            [
              -38.0581367,
              -9.5987918
            ],
            [
              -38.0579141,
              -9.5990489
            ],
            [
              -38.0577501,
              -9.5993454
            ],
            [
              -38.0576455,
              -9.5996429
            ],
            [
              -38.0575489,
              -9.5997348
            ],
            [
              -38.0574039,
              -9.599864
            ],
            [
              -38.0573908,
              -9.5998831
            ],
            [
              -38.0572587,
              -9.6000406
            ],
            [
              -38.0572508,
              -9.6000779
            ],
            [
              -38.0571007,
              -9.6003267
            ],
            [
              -38.0570996,
              -9.6003505
            ],
            [
              -38.0570977,
              -9.6003919
            ],
            [
              -38.0570511,
              -9.6005547
            ],
            [
              -38.0570504,
              -9.6005719
            ],
            [
              -38.0571252,
              -9.6006289
            ],
            [
              -38.0571415,
              -9.6006346
            ],
            [
              -38.0573457,
              -9.6006346
            ],
            [
              -38.0574311,
              -9.6006741
            ],
            [
              -38.0574521,
              -9.600758
            ],
            [
              -38.0573837,
              -9.6008735
            ],
            [
              -38.0572409,
              -9.6009061
            ],
            [
              -38.05718,
              -9.6010295
            ],
            [
              -38.0572118,
              -9.6011244
            ],
            [
              -38.0572593,
              -9.6012228
            ],
            [
              -38.0572043,
              -9.601296
            ],
            [
              -38.0570709,
              -9.6013324
            ],
            [
              -38.0570059,
              -9.6013975
            ],
            [
              -38.0569354,
              -9.6014622
            ],
            [
              -38.056749,
              -9.6015832
            ],
            [
              -38.0566462,
              -9.6016326
            ],
            [
              -38.0565896,
              -9.6016957
            ],
            [
              -38.0565926,
              -9.6017167
            ],
            [
              -38.0566409,
              -9.6018345
            ],
            [
              -38.0566777,
              -9.6019849
            ],
            [
              -38.0565707,
              -9.6021195
            ],
            [
              -38.0564479,
              -9.6022521
            ],
            [
              -38.0564403,
              -9.6022653
            ],
            [
              -38.0562531,
              -9.6024218
            ],
            [
              -38.0562286,
              -9.6024347
            ],
            [
              -38.0560356,
              -9.60262
            ],
            [
              -38.0557462,
              -9.602851
            ],
            [
              -38.0555962,
              -9.6029612
            ],
            [
              -38.055589,
              -9.6029795
            ],
            [
              -38.0554963,
              -9.6031479
            ],
            [
              -38.0554777,
              -9.6031717
            ],
            [
              -38.0554636,
              -9.6032073
            ],
            [
              -38.0553084,
              -9.603504
            ],
            [
              -38.0551931,
              -9.6036795
            ],
            [
              -38.0550885,
              -9.6038073
            ],
            [
              -38.054812,
              -9.6039442
            ],
            [
              -38.0548009,
              -9.603955
            ],
            [
              -38.0545779,
              -9.6040359
            ],
            [
              -38.0545619,
              -9.6040466
            ],
            [
              -38.0544046,
              -9.6040841
            ],
            [
              -38.0543177,
              -9.6040252
            ],
            [
              -38.054189,
              -9.6039224
            ],
            [
              -38.0541733,
              -9.6039224
            ],
            [
              -38.054042,
              -9.603955
            ],
            [
              -38.0539373,
              -9.604009
            ],
            [
              -38.0539268,
              -9.6040305
            ],
            [
              -38.0539268,
              -9.6040413
            ],
            [
              -38.053813,
              -9.6041479
            ],
            [
              -38.0538028,
              -9.6041638
            ],
            [
              -38.05365,
              -9.6043001
            ],
            [
              -38.0536349,
              -9.6043156
            ],
            [
              -38.0536148,
              -9.6043312
            ],
            [
              -38.0534523,
              -9.6043725
            ],
            [
              -38.0534422,
              -9.6043777
            ],
            [
              -38.0531923,
              -9.6044982
            ],
            [
              -38.0530513,
              -9.6045511
            ],
            [
              -38.0530332,
              -9.6045662
            ],
            [
              -38.0529019,
              -9.6046933
            ],
            [
              -38.0527011,
              -9.6048627
            ],
            [
              -38.0526903,
              -9.6048918
            ],
            [
              -38.0526855,
              -9.6049209
            ],
            [
              -38.0526016,
              -9.6050578
            ],
            [
              -38.0525959,
              -9.6050649
            ],
            [
              -38.0525699,
              -9.6051432
            ],
            [
              -38.0525472,
              -9.605277
            ],
            [
              -38.052542,
              -9.6053446
            ],
            [
              -38.052587,
              -9.6054707
            ],
            [
              -38.0526471,
              -9.6057341
            ],
            [
              -38.0527654,
              -9.6059186
            ],
            [
              -38.0527717,
              -9.6059316
            ],
            [
              -38.0529303,
              -9.6060353
            ],
            [
              -38.0529474,
              -9.6060353
            ],
            [
              -38.0530413,
              -9.606125
            ],
            [
              -38.0531015,
              -9.606258
            ],
            [
              -38.0531005,
              -9.6064384
            ],
            [
              -38.0531015,
              -9.6064753
            ],
            [
              -38.0530511,
              -9.6066574
            ],
            [
              -38.0531212,
              -9.6068122
            ],
            [
              -38.0531218,
              -9.6068358
            ],
            [
              -38.0531252,
              -9.6069701
            ],
            [
              -38.0531823,
              -9.6071024
            ],
            [
              -38.0532898,
              -9.6071081
            ],
            [
              -38.0533866,
              -9.6071252
            ],
            [
              -38.053494,
              -9.607165
            ],
            [
              -38.0535263,
              -9.6072383
            ],
            [
              -38.0534789,
              -9.6073554
            ],
            [
              -38.0534498,
              -9.6074802
            ],
            [
              -38.0534584,
              -9.6075845
            ],
            [
              -38.0534859,
              -9.6077242
            ],
            [
              -38.0535252,
              -9.6078691
            ],
            [
              -38.0535045,
              -9.6080331
            ],
            [
              -38.0534653,
              -9.6081455
            ],
            [
              -38.0535205,
              -9.608229
            ],
            [
              -38.0535812,
              -9.6083185
            ],
            [
              -38.0536459,
              -9.6083185
            ],
            [
              -38.0537402,
              -9.6083254
            ],
            [
              -38.0537761,
              -9.6084141
            ],
            [
              -38.0537653,
              -9.6085288
            ],
            [
              -38.0537372,
              -9.6086487
            ],
            [
              -38.0537383,
              -9.6087671
            ],
            [
              -38.0537394,
              -9.6088904
            ],
            [
              -38.0536712,
              -9.6089097
            ],
            [
              -38.0536493,
              -9.6089738
            ],
            [
              -38.053658,
              -9.6091946
            ],
            [
              -38.0536584,
              -9.6092195
            ],
            [
              -38.05364,
              -9.6094888
            ],
            [
              -38.0536257,
              -9.6096264
            ],
            [
              -38.0536443,
              -9.6097735
            ],
            [
              -38.0536501,
              -9.6097968
            ],
            [
              -38.0537057,
              -9.6099181
            ],
            [
              -38.0537549,
              -9.6100038
            ],
            [
              -38.053772,
              -9.6101278
            ],
            [
              -38.05377,
              -9.6102218
            ],
            [
              -38.0537957,
              -9.6103261
            ],
            [
              -38.0538879,
              -9.6103925
            ],
            [
              -38.0539673,
              -9.6104365
            ],
            [
              -38.0539615,
              -9.6105385
            ],
            [
              -38.0539135,
              -9.6106322
            ],
            [
              -38.0538359,
              -9.6107037
            ],
            [
              -38.0537352,
              -9.6107959
            ],
            [
              -38.053707,
              -9.6108941
            ],
            [
              -38.0536968,
              -9.6109982
            ],
            [
              -38.053746,
              -9.6111353
            ],
            [
              -38.0539399,
              -9.6112502
            ],
            [
              -38.0541373,
              -9.6113571
            ],
            [
              -38.0543216,
              -9.6114233
            ],
            [
              -38.0543839,
              -9.6114825
            ],
            [
              -38.0543763,
              -9.6115738
            ],
            [
              -38.0544078,
              -9.6117026
            ],
            [
              -38.0544566,
              -9.611798
            ],
            [
              -38.0544563,
              -9.6118107
            ],
            [
              -38.0545649,
              -9.6119549
            ],
            [
              -38.0547261,
              -9.6121273
            ],
            [
              -38.0549216,
              -9.6124212
            ],
            [
              -38.0550269,
              -9.6126712
            ],
            [
              -38.0551028,
              -9.6128302
            ],
            [
              -38.055102,
              -9.6128414
            ],
            [
              -38.0551005,
              -9.6129474
            ],
            [
              -38.0550938,
              -9.6129696
            ],
            [
              -38.0550646,
              -9.6130137
            ],
            [
              -38.0550586,
              -9.6130247
            ],
            [
              -38.0550818,
              -9.6131556
            ],
            [
              -38.0551155,
              -9.6132766
            ],
            [
              -38.0552523,
              -9.6134751
            ],
            [
              -38.0554318,
              -9.6136992
            ],
            [
              -38.0555318,
              -9.6137757
            ],
            [
              -38.0556525,
              -9.6137706
            ],
            [
              -38.0557749,
              -9.6138061
            ],
            [
              -38.0558563,
              -9.6139263
            ],
            [
              -38.0558798,
              -9.6141222
            ],
            [
              -38.0558708,
              -9.6142418
            ],
            [
              -38.0558235,
              -9.6144337
            ],
            [
              -38.0557714,
              -9.6145344
            ],
            [
              -38.0556926,
              -9.6146202
            ],
            [
              -38.0556831,
              -9.6146426
            ],
            [
              -38.0555617,
              -9.6147225
            ],
            [
              -38.0554633,
              -9.6147666
            ],
            [
              -38.0553261,
              -9.6149055
            ],
            [
              -38.0552469,
              -9.6150331
            ],
            [
              -38.0552138,
              -9.615224
            ],
            [
              -38.0552135,
              -9.6152362
            ],
            [
              -38.0551938,
              -9.6153854
            ],
            [
              -38.0551935,
              -9.6153973
            ],
            [
              -38.0551438,
              -9.6155583
            ],
            [
              -38.0551357,
              -9.6155853
            ],
            [
              -38.0550844,
              -9.6157114
            ],
            [
              -38.0551129,
              -9.6158296
            ],
            [
              -38.055169,
              -9.6159865
            ],
            [
              -38.0552481,
              -9.6160994
            ],
            [
              -38.0553067,
              -9.6162406
            ],
            [
              -38.0553016,
              -9.6163101
            ],
            [
              -38.05526,
              -9.616418
            ],
            [
              -38.0552506,
              -9.6164326
            ],
            [
              -38.0551223,
              -9.6165338
            ],
            [
              -38.0549845,
              -9.6166147
            ],
            [
              -38.0548369,
              -9.6166712
            ],
            [
              -38.0546714,
              -9.6166759
            ],
            [
              -38.0545595,
              -9.6166899
            ],
            [
              -38.0544969,
              -9.6167319
            ],
            [
              -38.0544465,
              -9.6168104
            ],
            [
              -38.0543859,
              -9.6169745
            ],
            [
              -38.0543104,
              -9.6171733
            ],
            [
              -38.0541889,
              -9.617394
            ],
            [
              -38.0540783,
              -9.6175552
            ],
            [
              -38.053935,
              -9.6176933
            ],
            [
              -38.0539333,
              -9.6177063
            ],
            [
              -38.0537769,
              -9.6178861
            ],
            [
              -38.0536343,
              -9.6180674
            ],
            [
              -38.0534603,
              -9.618232
            ],
            [
              -38.053323,
              -9.6183158
            ],
            [
              -38.0532074,
              -9.6184045
            ],
            [
              -38.0531231,
              -9.6185669
            ],
            [
              -38.0530493,
              -9.6187477
            ],
            [
              -38.0530439,
              -9.6187533
            ],
            [
              -38.0530244,
              -9.6188856
            ],
            [
              -38.0530278,
              -9.6189073
            ],
            [
              -38.053038,
              -9.6190365
            ],
            [
              -38.0530457,
              -9.6190631
            ],
            [
              -38.05305,
              -9.6191996
            ],
            [
              -38.0530481,
              -9.6192255
            ],
            [
              -38.0530044,
              -9.6193636
            ],
            [
              -38.052993,
              -9.6193888
            ],
            [
              -38.0528979,
              -9.6195382
            ],
            [
              -38.0528836,
              -9.6195431
            ],
            [
              -38.0527108,
              -9.6197174
            ],
            [
              -38.0527004,
              -9.6197412
            ],
            [
              -38.0526999,
              -9.6197507
            ],
            [
              -38.0526881,
              -9.6198961
            ],
            [
              -38.052656,
              -9.6200679
            ],
            [
              -38.0525306,
              -9.6201926
            ],
            [
              -38.0523807,
              -9.6203271
            ],
            [
              -38.0521207,
              -9.6204053
            ],
            [
              -38.0518429,
              -9.6204589
            ],
            [
              -38.0517989,
              -9.6204589
            ],
            [
              -38.051794,
              -9.6204589
            ],
            [
              -38.0516455,
              -9.6205471
            ],
            [
              -38.0516223,
              -9.6205763
            ],
            [
              -38.0516151,
              -9.6205937
            ],
            [
              -38.0515711,
              -9.6207484
            ],
            [
              -38.0515674,
              -9.6207767
            ],
            [
              -38.0514935,
              -9.6210251
            ],
            [
              -38.0514861,
              -9.6210467
            ],
            [
              -38.0514741,
              -9.6210682
            ],
            [
              -38.0514715,
              -9.6210897
            ],
            [
              -38.0512789,
              -9.6214832
            ],
            [
              -38.0511666,
              -9.6216995
            ],
            [
              -38.0511503,
              -9.6218142
            ],
            [
              -38.0511493,
              -9.6218236
            ],
            [
              -38.0511469,
              -9.6218472
            ],
            [
              -38.0512106,
              -9.6219404
            ],
            [
              -38.0513114,
              -9.6220002
            ],
            [
              -38.0513146,
              -9.6220094
            ],
            [
              -38.0513399,
              -9.622082
            ],
            [
              -38.0512597,
              -9.6221847
            ],
            [
              -38.0511826,
              -9.6222332
            ],
            [
              -38.0511276,
              -9.6223239
            ],
            [
              -38.0511585,
              -9.6224485
            ],
            [
              -38.0512332,
              -9.6225771
            ],
            [
              -38.051295,
              -9.6226675
            ],
            [
              -38.0513022,
              -9.6226973
            ],
            [
              -38.0512938,
              -9.6227921
            ],
            [
              -38.0512868,
              -9.6228156
            ],
            [
              -38.0512507,
              -9.6229491
            ],
            [
              -38.0511667,
              -9.6230857
            ],
            [
              -38.0511514,
              -9.623097
            ],
            [
              -38.0511488,
              -9.6232472
            ],
            [
              -38.051147,
              -9.6232691
            ],
            [
              -38.0511712,
              -9.6234317
            ],
            [
              -38.0511694,
              -9.623453
            ],
            [
              -38.0512254,
              -9.6235589
            ],
            [
              -38.0512425,
              -9.6235746
            ],
            [
              -38.051374,
              -9.6236475
            ],
            [
              -38.0513873,
              -9.6236527
            ],
            [
              -38.0514903,
              -9.6237604
            ],
            [
              -38.0515069,
              -9.6237757
            ],
            [
              -38.0515539,
              -9.6238413
            ],
            [
              -38.05156,
              -9.6238664
            ],
            [
              -38.0515756,
              -9.6240001
            ],
            [
              -38.0515766,
              -9.6240295
            ],
            [
              -38.0515651,
              -9.6241979
            ],
            [
              -38.0515623,
              -9.6242216
            ],
            [
              -38.0515605,
              -9.6242358
            ],
            [
              -38.0514985,
              -9.6244629
            ],
            [
              -38.0514061,
              -9.6246042
            ],
            [
              -38.051421,
              -9.6247194
            ],
            [
              -38.0515565,
              -9.6247775
            ],
            [
              -38.0516761,
              -9.6247583
            ],
            [
              -38.0517673,
              -9.6248007
            ],
            [
              -38.0518275,
              -9.6249543
            ],
            [
              -38.0518734,
              -9.6251571
            ],
            [
              -38.0519475,
              -9.6253077
            ],
            [
              -38.0520307,
              -9.6255361
            ],
            [
              -38.0520623,
              -9.6257026
            ],
            [
              -38.0520183,
              -9.6259058
            ],
            [
              -38.0520103,
              -9.6259165
            ],
            [
              -38.0520207,
              -9.6260413
            ],
            [
              -38.0520711,
              -9.6262045
            ],
            [
              -38.0520384,
              -9.6263291
            ],
            [
              -38.0519449,
              -9.6264532
            ],
            [
              -38.0518411,
              -9.6264742
            ],
            [
              -38.051843,
              -9.6265525
            ],
            [
              -38.0519426,
              -9.6268358
            ],
            [
              -38.0519945,
              -9.6271437
            ],
            [
              -38.0520205,
              -9.6274919
            ],
            [
              -38.0519894,
              -9.6278258
            ],
            [
              -38.0520062,
              -9.6280637
            ],
            [
              -38.052062,
              -9.6281837
            ],
            [
              -38.0520961,
              -9.6283653
            ],
            [
              -38.0521002,
              -9.628458
            ],
            [
              -38.0520672,
              -9.6286014
            ],
            [
              -38.0521308,
              -9.628683
            ],
            [
              -38.0523612,
              -9.6286668
            ],
            [
              -38.0526122,
              -9.6286885
            ],
            [
              -38.0528256,
              -9.628743
            ],
            [
              -38.0530349,
              -9.628868
            ],
            [
              -38.0531682,
              -9.6289084
            ],
            [
              -38.0533054,
              -9.6290398
            ],
            [
              -38.0533325,
              -9.6292253
            ],
            [
              -38.0533931,
              -9.6294004
            ],
            [
              -38.0535007,
              -9.6296196
            ],
            [
              -38.0535449,
              -9.6298137
            ],
            [
              -38.0536034,
              -9.6299639
            ],
            [
              -38.0536822,
              -9.6301144
            ],
            [
              -38.0535806,
              -9.6302277
            ],
            [
              -38.0534509,
              -9.6303786
            ],
            [
              -38.053448,
              -9.6303824
            ],
            [
              -38.0535053,
              -9.6306118
            ],
            [
              -38.0535878,
              -9.6307212
            ],
            [
              -38.0535981,
              -9.6307251
            ],
            [
              -38.0537486,
              -9.6307901
            ],
            [
              -38.0539119,
              -9.6308165
            ],
            [
              -38.0540868,
              -9.6307901
            ],
            [
              -38.0542648,
              -9.630769
            ],
            [
              -38.0544675,
              -9.6307916
            ],
            [
              -38.0547022,
              -9.6308737
            ],
            [
              -38.05491,
              -9.6310642
            ],
            [
              -38.0549601,
              -9.6313751
            ],
            [
              -38.0548952,
              -9.6315926
            ],
            [
              -38.0549669,
              -9.6317837
            ],
            [
              -38.0550892,
              -9.6318676
            ],
            [
              -38.0553295,
              -9.6320197
            ],
            [
              -38.0555331,
              -9.6321006
            ],
            [
              -38.0556256,
              -9.6321927
            ],
            [
              -38.0556235,
              -9.6322014
            ],
            [
              -38.0554408,
              -9.6322385
            ],
            [
              -38.0549601,
              -9.6322925
            ],
            [
              -38.0544366,
              -9.6322449
            ],
            [
              -38.0538464,
              -9.6323107
            ],
            [
              -38.0530922,
              -9.6326256
            ],
            [
              -38.0526044,
              -9.6327565
            ],
            [
              -38.0517843,
              -9.6328548
            ],
            [
              -38.0511292,
              -9.6328278
            ],
            [
              -38.0503914,
              -9.6326662
            ],
            [
              -38.0494869,
              -9.6324912
            ],
            [
              -38.0488721,
              -9.6323926
            ],
            [
              -38.048429,
              -9.6322651
            ],
            [
              -38.0471793,
              -9.6316262
            ],
            [
              -38.0465394,
              -9.6313825
            ],
            [
              -38.046188,
              -9.6311575
            ],
            [
              -38.0459864,
              -9.631037
            ],
            [
              -38.045581,
              -9.6308855
            ],
            [
              -38.0455466,
              -9.6308855
            ],
            [
              -38.0448734,
              -9.6306608
            ],
            [
              -38.0448236,
              -9.6306052
            ],
            [
              -38.0443873,
              -9.6303354
            ],
            [
              -38.0435643,
              -9.6298272
            ],
            [
              -38.0428056,
              -9.6293791
            ],
            [
              -38.0422208,
              -9.6290255
            ],
            [
              -38.0419541,
              -9.6289309
            ],
            [
              -38.0416754,
              -9.6287685
            ],
            [
              -38.0414585,
              -9.6285998
            ],
            [
              -38.0412607,
              -9.6281979
            ],
            [
              -38.0408142,
              -9.6278165
            ],
            [
              -38.0402976,
              -9.6276193
            ],
            [
              -38.040229,
              -9.6276269
            ],
            [
              -38.0394637,
              -9.627613
            ],
            [
              -38.0385666,
              -9.6277423
            ],
            [
              -38.037894,
              -9.6278589
            ],
            [
              -38.0371882,
              -9.6280475
            ],
            [
              -38.0368824,
              -9.6281962
            ],
            [
              -38.0364121,
              -9.6286355
            ],
            [
              -38.0361665,
              -9.6287966
            ],
            [
              -38.036165,
              -9.628809
            ],
            [
              -38.0360853,
              -9.6289572
            ],
            [
              -38.036081,
              -9.6289585
            ],
            [
              -38.0359043,
              -9.6290728
            ],
            [
              -38.0358937,
              -9.6290838
            ],
            [
              -38.0358187,
              -9.6292206
            ],
            [
              -38.0358164,
              -9.6292288
            ],
            [
              -38.0357736,
              -9.6294132
            ],
            [
              -38.0357584,
              -9.6295835
            ],
            [
              -38.0356835,
              -9.6297437
            ],
            [
              -38.0355715,
              -9.6300239
            ],
            [
              -38.0354834,
              -9.6305129
            ],
            [
              -38.0353842,
              -9.631113
            ],
            [
              -38.035358,
              -9.6311525
            ],
            [
              -38.0355206,
              -9.6321162
            ],
            [
              -38.0353484,
              -9.6327701
            ],
            [
              -38.0353007,
              -9.6328625
            ],
            [
              -38.0348104,
              -9.6333003
            ],
            [
              -38.0342348,
              -9.6335014
            ],
            [
              -38.0337599,
              -9.6337152
            ],
            [
              -38.0332703,
              -9.6343665
            ],
            [
              -38.0329916,
              -9.634898
            ],
            [
              -38.0329669,
              -9.6349025
            ],
            [
              -38.0328962,
              -9.63496
            ],
            [
              -38.03274,
              -9.6349809
            ],
            [
              -38.0325668,
              -9.6348357
            ],
            [
              -38.0324129,
              -9.6346958
            ],
            [
              -38.032232,
              -9.6346064
            ],
            [
              -38.0320542,
              -9.6345542
            ],
            [
              -38.0318159,
              -9.6346845
            ],
            [
              -38.0315798,
              -9.6347355
            ],
            [
              -38.0313833,
              -9.6347737
            ],
            [
              -38.0313526,
              -9.6347796
            ],
            [
              -38.0312355,
              -9.6348419
            ],
            [
              -38.0311082,
              -9.635018
            ],
            [
              -38.0309963,
              -9.6351842
            ],
            [
              -38.0308775,
              -9.6353159
            ],
            [
              -38.030727,
              -9.6353896
            ],
            [
              -38.0305956,
              -9.635504
            ],
            [
              -38.0304131,
              -9.6355844
            ],
            [
              -38.0301369,
              -9.6356723
            ],
            [
              -38.0301136,
              -9.635677
            ],
            [
              -38.0297461,
              -9.6358189
            ],
            [
              -38.0294371,
              -9.6359573
            ],
            [
              -38.0294206,
              -9.6359605
            ],
            [
              -38.0291024,
              -9.6360882
            ],
            [
              -38.0290678,
              -9.636105
            ],
            [
              -38.0287063,
              -9.6362088
            ],
            [
              -38.0284494,
              -9.6362233
            ],
            [
              -38.0284444,
              -9.6362242
            ],
            [
              -38.0279865,
              -9.6362638
            ],
            [
              -38.027953,
              -9.6362703
            ],
            [
              -38.0277343,
              -9.6363079
            ],
            [
              -38.0276343,
              -9.6363993
            ],
            [
              -38.0275258,
              -9.6365321
            ],
            [
              -38.0274581,
              -9.6367158
            ],
            [
              -38.027382,
              -9.6368396
            ],
            [
              -38.0273666,
              -9.6368534
            ],
            [
              -38.0272552,
              -9.636934
            ],
            [
              -38.0270334,
              -9.6370128
            ],
            [
              -38.02701,
              -9.6370171
            ],
            [
              -38.0270041,
              -9.6370182
            ],
            [
              -38.0266956,
              -9.6371331
            ],
            [
              -38.0266799,
              -9.6371412
            ],
            [
              -38.0263685,
              -9.6372289
            ],
            [
              -38.0260798,
              -9.6372837
            ],
            [
              -38.0260751,
              -9.6372811
            ],
            [
              -38.0258825,
              -9.6372875
            ],
            [
              -38.0256146,
              -9.6372625
            ],
            [
              -38.025273,
              -9.6372431
            ],
            [
              -38.0252561,
              -9.637247
            ],
            [
              -38.0249175,
              -9.6372141
            ],
            [
              -38.0249094,
              -9.6372093
            ],
            [
              -38.0246185,
              -9.6371957
            ],
            [
              -38.0246061,
              -9.6371987
            ],
            [
              -38.0243308,
              -9.6372019
            ],
            [
              -38.0242678,
              -9.6371907
            ],
            [
              -38.0241627,
              -9.6371637
            ],
            [
              -38.0240744,
              -9.6371331
            ],
            [
              -38.0239727,
              -9.6371433
            ],
            [
              -38.023961,
              -9.6371462
            ],
            [
              -38.0238855,
              -9.6371574
            ],
            [
              -38.0238701,
              -9.6371612
            ],
            [
              -38.0238047,
              -9.6371151
            ],
            [
              -38.0237291,
              -9.6370902
            ],
            [
              -38.0236509,
              -9.6370845
            ],
            [
              -38.0236368,
              -9.6370917
            ],
            [
              -38.023542,
              -9.6370651
            ],
            [
              -38.0234489,
              -9.6369519
            ],
            [
              -38.023362,
              -9.6368488
            ],
            [
              -38.0232301,
              -9.6367593
            ],
            [
              -38.0230713,
              -9.6367005
            ],
            [
              -38.0229343,
              -9.6366966
            ],
            [
              -38.022862,
              -9.636686
            ],
            [
              -38.0227969,
              -9.6366906
            ],
            [
              -38.0226431,
              -9.6367265
            ],
            [
              -38.0225284,
              -9.636774
            ],
            [
              -38.0223429,
              -9.6368321
            ],
            [
              -38.0221406,
              -9.6367852
            ],
            [
              -38.0220662,
              -9.6367968
            ],
            [
              -38.0220039,
              -9.6368736
            ],
            [
              -38.0218839,
              -9.6369774
            ],
            [
              -38.0217336,
              -9.6370007
            ],
            [
              -38.0217087,
              -9.637008
            ],
            [
              -38.0215553,
              -9.6370116
            ],
            [
              -38.0213723,
              -9.636916
            ],
            [
              -38.0212067,
              -9.6368013
            ],
            [
              -38.0211947,
              -9.6367948
            ],
            [
              -38.0210489,
              -9.6367886
            ],
            [
              -38.0210347,
              -9.636793
            ],
            [
              -38.0208813,
              -9.6368662
            ],
            [
              -38.020872,
              -9.6368691
            ],
            [
              -38.0206853,
              -9.6368259
            ],
            [
              -38.0205391,
              -9.6368642
            ],
            [
              -38.020345,
              -9.6369369
            ],
            [
              -38.0201111,
              -9.6370391
            ],
            [
              -38.0198527,
              -9.6371227
            ],
            [
              -38.0195945,
              -9.6372295
            ],
            [
              -38.0194585,
              -9.6373238
            ],
            [
              -38.0193459,
              -9.637516
            ],
            [
              -38.0193048,
              -9.6376999
            ],
            [
              -38.0192574,
              -9.6379152
            ],
            [
              -38.0192515,
              -9.6379264
            ],
            [
              -38.0191795,
              -9.6381159
            ],
            [
              -38.0190962,
              -9.6382152
            ],
            [
              -38.0189637,
              -9.6382372
            ],
            [
              -38.0188469,
              -9.6382701
            ],
            [
              -38.0186967,
              -9.63839
            ],
            [
              -38.0185993,
              -9.6385357
            ],
            [
              -38.0185344,
              -9.6386638
            ],
            [
              -38.0183725,
              -9.6387592
            ],
            [
              -38.0182229,
              -9.6387592
            ],
            [
              -38.0180466,
              -9.6387016
            ],
            [
              -38.0179318,
              -9.6386464
            ],
            [
              -38.0177996,
              -9.6385824
            ],
            [
              -38.0177145,
              -9.6386166
            ],
            [
              -38.0176768,
              -9.6387017
            ],
            [
              -38.0176732,
              -9.6387992
            ],
            [
              -38.0176357,
              -9.6388793
            ],
            [
              -38.017543,
              -9.6389172
            ],
            [
              -38.0174248,
              -9.6389382
            ],
            [
              -38.0172178,
              -9.6389053
            ],
            [
              -38.0169922,
              -9.6388873
            ],
            [
              -38.0168224,
              -9.638851
            ],
            [
              -38.0167027,
              -9.6388465
            ],
            [
              -38.0166551,
              -9.6388738
            ],
            [
              -38.016645,
              -9.6389417
            ],
            [
              -38.0166434,
              -9.6390182
            ],
            [
              -38.0165997,
              -9.6390721
            ],
            [
              -38.016517,
              -9.6391836
            ],
            [
              -38.0164219,
              -9.6393209
            ],
            [
              -38.0163531,
              -9.639435
            ],
            [
              -38.0163487,
              -9.6394481
            ],
            [
              -38.0162841,
              -9.6396133
            ],
            [
              -38.0162956,
              -9.6396995
            ],
            [
              -38.0163656,
              -9.6397552
            ],
            [
              -38.0164564,
              -9.6397852
            ],
            [
              -38.0165601,
              -9.6397851
            ],
            [
              -38.0166174,
              -9.6398193
            ],
            [
              -38.0166329,
              -9.6398703
            ],
            [
              -38.0166395,
              -9.6399424
            ],
            [
              -38.0166449,
              -9.6400687
            ],
            [
              -38.016617,
              -9.6402148
            ],
            [
              -38.0166166,
              -9.6402314
            ],
            [
              -38.0165811,
              -9.6403677
            ],
            [
              -38.0165571,
              -9.6404747
            ],
            [
              -38.0166186,
              -9.6406311
            ],
            [
              -38.0166592,
              -9.6407419
            ],
            [
              -38.0166631,
              -9.6407596
            ],
            [
              -38.0167073,
              -9.6408826
            ],
            [
              -38.0167095,
              -9.6409959
            ],
            [
              -38.0166651,
              -9.6411558
            ],
            [
              -38.0166179,
              -9.6412543
            ],
            [
              -38.0166135,
              -9.6412714
            ],
            [
              -38.016612,
              -9.6413692
            ],
            [
              -38.0166322,
              -9.6415611
            ],
            [
              -38.0166631,
              -9.641682
            ],
            [
              -38.0166865,
              -9.6418516
            ],
            [
              -38.0167244,
              -9.6419254
            ],
            [
              -38.0167903,
              -9.6419675
            ],
            [
              -38.0168531,
              -9.6419745
            ],
            [
              -38.0169196,
              -9.641957
            ],
            [
              -38.0169971,
              -9.6419043
            ],
            [
              -38.0171742,
              -9.6417668
            ],
            [
              -38.0172947,
              -9.6416995
            ],
            [
              -38.0174035,
              -9.6416959
            ],
            [
              -38.0174732,
              -9.6417172
            ],
            [
              -38.0174967,
              -9.6417632
            ],
            [
              -38.0174955,
              -9.6418126
            ],
            [
              -38.0174627,
              -9.641869
            ],
            [
              -38.0174229,
              -9.6419288
            ],
            [
              -38.0174141,
              -9.6420094
            ],
            [
              -38.0174504,
              -9.6421002
            ],
            [
              -38.0175111,
              -9.6421802
            ],
            [
              -38.0175304,
              -9.6422427
            ],
            [
              -38.0175289,
              -9.6423049
            ],
            [
              -38.0174885,
              -9.6424015
            ],
            [
              -38.0174609,
              -9.6425457
            ],
            [
              -38.0174236,
              -9.642672
            ],
            [
              -38.0174109,
              -9.6427772
            ],
            [
              -38.01739,
              -9.6429055
            ],
            [
              -38.0173462,
              -9.6429991
            ],
            [
              -38.0172827,
              -9.6431069
            ],
            [
              -38.0172015,
              -9.6431996
            ],
            [
              -38.0171055,
              -9.643224
            ],
            [
              -38.0170027,
              -9.6431997
            ],
            [
              -38.0168735,
              -9.6432289
            ],
            [
              -38.0165998,
              -9.6433212
            ],
            [
              -38.016434,
              -9.6433358
            ],
            [
              -38.0163518,
              -9.6433842
            ],
            [
              -38.0162266,
              -9.6434565
            ],
            [
              -38.0161525,
              -9.6435574
            ],
            [
              -38.0161304,
              -9.6436531
            ],
            [
              -38.0161225,
              -9.6437436
            ],
            [
              -38.01605,
              -9.6438148
            ],
            [
              -38.0159174,
              -9.6438764
            ],
            [
              -38.0157524,
              -9.6439472
            ],
            [
              -38.0155884,
              -9.6439943
            ],
            [
              -38.0153235,
              -9.643985
            ],
            [
              -38.0150967,
              -9.6438955
            ],
            [
              -38.0148788,
              -9.6437648
            ],
            [
              -38.0147803,
              -9.6437184
            ],
            [
              -38.0146921,
              -9.6437068
            ],
            [
              -38.0145932,
              -9.6437301
            ],
            [
              -38.0145457,
              -9.6437803
            ],
            [
              -38.0145417,
              -9.6438226
            ],
            [
              -38.0145958,
              -9.6438875
            ],
            [
              -38.0146083,
              -9.6439407
            ],
            [
              -38.0145985,
              -9.6440049
            ],
            [
              -38.0145614,
              -9.6440611
            ],
            [
              -38.014482,
              -9.6441984
            ],
            [
              -38.0144034,
              -9.6443374
            ],
            [
              -38.0142798,
              -9.6445348
            ],
            [
              -38.0142106,
              -9.6445879
            ],
            [
              -38.0141112,
              -9.6446407
            ],
            [
              -38.0140349,
              -9.6446617
            ],
            [
              -38.0139096,
              -9.6446548
            ],
            [
              -38.0137309,
              -9.6446303
            ],
            [
              -38.0135646,
              -9.6446198
            ],
            [
              -38.0134592,
              -9.6446163
            ],
            [
              -38.0133634,
              -9.6446304
            ],
            [
              -38.0133014,
              -9.6446549
            ],
            [
              -38.013225,
              -9.6447212
            ],
            [
              -38.0131051,
              -9.6447974
            ],
            [
              -38.0129695,
              -9.644873
            ],
            [
              -38.0128851,
              -9.6449513
            ],
            [
              -38.0128381,
              -9.6450322
            ],
            [
              -38.0128715,
              -9.6450974
            ],
            [
              -38.0129343,
              -9.645181
            ],
            [
              -38.012967,
              -9.6452874
            ],
            [
              -38.013016,
              -9.6454274
            ],
            [
              -38.0130159,
              -9.6454312
            ],
            [
              -38.0131256,
              -9.6457087
            ],
            [
              -38.0132051,
              -9.6458905
            ],
            [
              -38.0133433,
              -9.646101
            ],
            [
              -38.0134181,
              -9.6462328
            ],
            [
              -38.0134515,
              -9.6462998
            ],
            [
              -38.0134096,
              -9.6463767
            ],
            [
              -38.0133588,
              -9.6464357
            ],
            [
              -38.0132822,
              -9.6465025
            ],
            [
              -38.0132329,
              -9.6466467
            ],
            [
              -38.0131932,
              -9.6468174
            ],
            [
              -38.0131544,
              -9.6469758
            ],
            [
              -38.0130763,
              -9.6470844
            ],
            [
              -38.0129529,
              -9.6471654
            ],
            [
              -38.0127892,
              -9.6472247
            ],
            [
              -38.0126801,
              -9.6472247
            ],
            [
              -38.0125622,
              -9.6471709
            ],
            [
              -38.0124017,
              -9.6471386
            ],
            [
              -38.0121622,
              -9.6471333
            ],
            [
              -38.011959,
              -9.6471333
            ],
            [
              -38.0118909,
              -9.6471549
            ],
            [
              -38.0117807,
              -9.6472142
            ],
            [
              -38.0117018,
              -9.6472894
            ],
            [
              -38.0116383,
              -9.647407
            ],
            [
              -38.0115747,
              -9.6475769
            ],
            [
              -38.0114497,
              -9.6477925
            ],
            [
              -38.011224,
              -9.6481657
            ],
            [
              -38.0110021,
              -9.6484918
            ],
            [
              -38.0108146,
              -9.6487454
            ],
            [
              -38.010686,
              -9.6489628
            ],
            [
              -38.010599,
              -9.6491077
            ],
            [
              -38.0105985,
              -9.6491119
            ],
            [
              -38.0105119,
              -9.649196
            ],
            [
              -38.010451,
              -9.6492252
            ],
            [
              -38.0103888,
              -9.649196
            ],
            [
              -38.0102601,
              -9.6491751
            ],
            [
              -38.0101125,
              -9.6491458
            ],
            [
              -38.0099596,
              -9.649129
            ],
            [
              -38.009857,
              -9.6491079
            ],
            [
              -38.0097005,
              -9.6490186
            ],
            [
              -38.0095711,
              -9.6489937
            ],
            [
              -38.0094655,
              -9.6489638
            ],
            [
              -38.0093266,
              -9.6489135
            ],
            [
              -38.009141,
              -9.6489388
            ],
            [
              -38.0090436,
              -9.6489589
            ],
            [
              -38.0089614,
              -9.6490583
            ],
            [
              -38.0089511,
              -9.649151
            ],
            [
              -38.0090443,
              -9.6493204
            ],
            [
              -38.009163,
              -9.6494458
            ],
            [
              -38.0092903,
              -9.6495859
            ],
            [
              -38.00932,
              -9.6496769
            ],
            [
              -38.0093415,
              -9.6497391
            ],
            [
              -38.009339,
              -9.6497846
            ],
            [
              -38.0093195,
              -9.6498276
            ],
            [
              -38.0092881,
              -9.6498562
            ],
            [
              -38.0119225,
              -9.6508315
            ],
            [
              -38.013638,
              -9.6514385
            ],
            [
              -38.0142156,
              -9.6518087
            ],
            [
              -38.0152142,
              -9.6526648
            ],
            [
              -38.0158792,
              -9.6531782
            ],
            [
              -38.0173619,
              -9.6552862
            ],
            [
              -38.0177639,
              -9.6556826
            ],
            [
              -38.0180715,
              -9.6560519
            ],
            [
              -38.0182251,
              -9.6563156
            ],
            [
              -38.0183342,
              -9.6566805
            ],
            [
              -38.0184346,
              -9.6573202
            ],
            [
              -38.0184824,
              -9.6574543
            ],
            [
              -38.0187177,
              -9.6577536
            ],
            [
              -38.0189162,
              -9.657934
            ],
            [
              -38.0190399,
              -9.6580464
            ],
            [
              -38.0192709,
              -9.6582242
            ],
            [
              -38.0192945,
              -9.6583965
            ],
            [
              -38.0192936,
              -9.6587171
            ],
            [
              -38.0193348,
              -9.6589721
            ],
            [
              -38.0194534,
              -9.6590878
            ],
            [
              -38.0197812,
              -9.6591318
            ],
            [
              -38.0200608,
              -9.6591996
            ],
            [
              -38.0202337,
              -9.6594441
            ],
            [
              -38.020315,
              -9.659711
            ],
            [
              -38.0203388,
              -9.659789
            ],
            [
              -38.0204923,
              -9.6600479
            ],
            [
              -38.0207572,
              -9.660197
            ],
            [
              -38.0210945,
              -9.6602793
            ],
            [
              -38.0214659,
              -9.6602612
            ],
            [
              -38.0218133,
              -9.6602335
            ],
            [
              -38.0218808,
              -9.6602097
            ],
            [
              -38.0219245,
              -9.6601189
            ],
            [
              -38.0219201,
              -9.6599801
            ],
            [
              -38.0218868,
              -9.6598173
            ],
            [
              -38.0218824,
              -9.6596594
            ],
            [
              -38.0220516,
              -9.6595402
            ],
            [
              -38.0223171,
              -9.6594596
            ],
            [
              -38.0224711,
              -9.6595558
            ],
            [
              -38.0226925,
              -9.6597287
            ],
            [
              -38.0228802,
              -9.6598345
            ],
            [
              -38.0229622,
              -9.65983
            ],
            [
              -38.0230446,
              -9.6597153
            ],
            [
              -38.0231898,
              -9.6595339
            ],
            [
              -38.0233301,
              -9.6593572
            ],
            [
              -38.0235385,
              -9.6590037
            ],
            [
              -38.0237418,
              -9.6587411
            ],
            [
              -38.0238678,
              -9.6585452
            ],
            [
              -38.0239838,
              -9.6584403
            ],
            [
              -38.0242003,
              -9.6583662
            ],
            [
              -38.0243047,
              -9.6582297
            ],
            [
              -38.0243917,
              -9.6581438
            ],
            [
              -38.0244115,
              -9.6579715
            ],
            [
              -38.0243832,
              -9.6577465
            ],
            [
              -38.024244,
              -9.6575212
            ],
            [
              -38.0241529,
              -9.6573343
            ],
            [
              -38.0241247,
              -9.6570998
            ],
            [
              -38.0241011,
              -9.6569083
            ],
            [
              -38.0241977,
              -9.6568463
            ],
            [
              -38.0243907,
              -9.6568421
            ],
            [
              -38.0245018,
              -9.6567515
            ],
            [
              -38.0245892,
              -9.6565699
            ],
            [
              -38.0246428,
              -9.656369
            ],
            [
              -38.0247543,
              -9.6561588
            ],
            [
              -38.0249332,
              -9.6560253
            ],
            [
              -38.0250828,
              -9.6559683
            ],
            [
              -38.0253724,
              -9.6558926
            ],
            [
              -38.0255749,
              -9.6558979
            ],
            [
              -38.0257341,
              -9.6558984
            ],
            [
              -38.0258738,
              -9.6559466
            ],
            [
              -38.0259989,
              -9.6560427
            ],
            [
              -38.0261432,
              -9.6561914
            ],
            [
              -38.0262685,
              -9.6562205
            ],
            [
              -38.0263314,
              -9.6561585
            ],
            [
              -38.0263704,
              -9.656015
            ],
            [
              -38.0264911,
              -9.6559388
            ],
            [
              -38.0266457,
              -9.6558579
            ],
            [
              -38.0267664,
              -9.6558151
            ],
            [
              -38.0268773,
              -9.6558155
            ],
            [
              -38.0270173,
              -9.6557584
            ],
            [
              -38.0270946,
              -9.6557347
            ],
            [
              -38.0271862,
              -9.6557493
            ],
            [
              -38.0272728,
              -9.6557974
            ],
            [
              -38.0273497,
              -9.6559125
            ],
            [
              -38.0274314,
              -9.6559989
            ],
            [
              -38.027494,
              -9.6560325
            ],
            [
              -38.0276435,
              -9.6560378
            ],
            [
              -38.0277736,
              -9.6560812
            ],
            [
              -38.0279219,
              -9.6559511
            ],
            [
              -38.0322192,
              -9.6606865
            ],
            [
              -38.0343001,
              -9.6867161
            ],
            [
              -38.0344439,
              -9.6868104
            ],
            [
              -38.0349889,
              -9.6871069
            ],
            [
              -38.0350743,
              -9.6871534
            ],
            [
              -38.0354829,
              -9.6872959
            ],
            [
              -38.0359157,
              -9.6873314
            ],
            [
              -38.0365128,
              -9.687358
            ],
            [
              -38.0371226,
              -9.6872516
            ],
            [
              -38.0376192,
              -9.6871087
            ],
            [
              -38.038154,
              -9.6868725
            ],
            [
              -38.0386113,
              -9.6866447
            ],
            [
              -38.0392054,
              -9.6863962
            ],
            [
              -38.0397126,
              -9.6863962
            ],
            [
              -38.0402281,
              -9.6863963
            ],
            [
              -38.0406655,
              -9.6864765
            ],
            [
              -38.0410239,
              -9.6866624
            ],
            [
              -38.0412711,
              -9.686829
            ],
            [
              -38.0415378,
              -9.6871693
            ],
            [
              -38.0417045,
              -9.6874701
            ],
            [
              -38.0417114,
              -9.6874913
            ],
            [
              -38.0419268,
              -9.687942
            ],
            [
              -38.042123,
              -9.6883963
            ],
            [
              -38.0423053,
              -9.6887579
            ],
            [
              -38.0423172,
              -9.688777
            ],
            [
              -38.0426263,
              -9.6891457
            ],
            [
              -38.0430655,
              -9.6896039
            ],
            [
              -38.0432672,
              -9.689883
            ],
            [
              -38.0433326,
              -9.690032
            ],
            [
              -38.0434036,
              -9.6903396
            ],
            [
              -38.04341,
              -9.6903541
            ],
            [
              -38.043467,
              -9.6905623
            ],
            [
              -38.0434569,
              -9.6906452
            ],
            [
              -38.0434545,
              -9.6906647
            ],
            [
              -38.043454,
              -9.6906687
            ],
            [
              -38.0433277,
              -9.6908232
            ],
            [
              -38.0431278,
              -9.6909828
            ],
            [
              -38.0428397,
              -9.6911521
            ],
            [
              -38.0425285,
              -9.6913745
            ],
            [
              -38.0423139,
              -9.69171
            ],
            [
              -38.0420916,
              -9.69218
            ],
            [
              -38.0419886,
              -9.6924723
            ],
            [
              -38.0419329,
              -9.6928675
            ],
            [
              -38.0419896,
              -9.6931479
            ],
            [
              -38.0422436,
              -9.6935273
            ],
            [
              -38.0427625,
              -9.6943516
            ],
            [
              -38.0431789,
              -9.6947576
            ],
            [
              -38.0435128,
              -9.6951051
            ],
            [
              -38.0439556,
              -9.6954509
            ],
            [
              -38.0444767,
              -9.6959798
            ],
            [
              -38.0447141,
              -9.6964271
            ],
            [
              -38.0449455,
              -9.6968631
            ],
            [
              -38.0450038,
              -9.6971616
            ],
            [
              -38.0450383,
              -9.6974549
            ],
            [
              -38.0449693,
              -9.6977703
            ],
            [
              -38.0447594,
              -9.6983308
            ],
            [
              -38.0444074,
              -9.6992111
            ],
            [
              -38.044066,
              -9.6998194
            ],
            [
              -38.0436547,
              -9.7004503
            ],
            [
              -38.0433808,
              -9.7009566
            ],
            [
              -38.0432533,
              -9.701263
            ],
            [
              -38.0432233,
              -9.7018003
            ],
            [
              -38.0432933,
              -9.7023471
            ],
            [
              -38.0433072,
              -9.7027899
            ],
            [
              -38.0431846,
              -9.7031644
            ],
            [
              -38.0428707,
              -9.7038209
            ],
            [
              -38.0427832,
              -9.7043729
            ],
            [
              -38.0428097,
              -9.7048681
            ],
            [
              -38.0428509,
              -9.7052234
            ],
            [
              -38.0428599,
              -9.7052735
            ],
            [
              -38.0431177,
              -9.7057781
            ],
            [
              -38.0433735,
              -9.7061607
            ],
            [
              -38.0435961,
              -9.7066259
            ],
            [
              -38.0436042,
              -9.7066602
            ],
            [
              -38.0437382,
              -9.7071104
            ],
            [
              -38.0437374,
              -9.7071215
            ],
            [
              -38.0437922,
              -9.7080234
            ],
            [
              -38.0437437,
              -9.7086912
            ],
            [
              -38.0437065,
              -9.7094096
            ],
            [
              -38.0438307,
              -9.7103041
            ],
            [
              -38.0441723,
              -9.7114696
            ],
            [
              -38.044159,
              -9.711877
            ],
            [
              -38.0441647,
              -9.7124154
            ],
            [
              -38.0441057,
              -9.7128244
            ],
            [
              -38.0439887,
              -9.7135907
            ],
            [
              -38.0437239,
              -9.7142301
            ],
            [
              -38.0436487,
              -9.7147649
            ],
            [
              -38.0436285,
              -9.7155894
            ],
            [
              -38.0437198,
              -9.7165057
            ],
            [
              -38.0439168,
              -9.717314
            ],
            [
              -38.0440425,
              -9.7182515
            ],
            [
              -38.0440496,
              -9.7186524
            ],
            [
              -38.0440445,
              -9.7187105
            ],
            [
              -38.0439748,
              -9.7190316
            ],
            [
              -38.0436949,
              -9.7196973
            ],
            [
              -38.0436687,
              -9.719773
            ],
            [
              -38.0431842,
              -9.7205809
            ],
            [
              -38.0431822,
              -9.7206115
            ],
            [
              -38.0428225,
              -9.7213162
            ],
            [
              -38.0427915,
              -9.7213645
            ],
            [
              -38.0427905,
              -9.7213838
            ],
            [
              -38.0427457,
              -9.7217073
            ],
            [
              -38.0428013,
              -9.7220029
            ],
            [
              -38.0427965,
              -9.7222869
            ],
            [
              -38.0430124,
              -9.7226966
            ],
            [
              -38.0432213,
              -9.7230561
            ],
            [
              -38.0432675,
              -9.7232338
            ],
            [
              -38.0432891,
              -9.7233991
            ],
            [
              -38.043204,
              -9.7235399
            ],
            [
              -38.0430489,
              -9.723774
            ],
            [
              -38.0427926,
              -9.7240125
            ],
            [
              -38.0420128,
              -9.724668
            ],
            [
              -38.0407671,
              -9.7252989
            ],
            [
              -38.0404213,
              -9.7254654
            ],
            [
              -38.0401866,
              -9.7256427
            ],
            [
              -38.0401722,
              -9.7256805
            ],
            [
              -38.0400122,
              -9.7260157
            ],
            [
              -38.0397449,
              -9.7266265
            ],
            [
              -38.039624,
              -9.7269522
            ],
            [
              -38.0395075,
              -9.727266
            ],
            [
              -38.0393978,
              -9.7276336
            ],
            [
              -38.0393934,
              -9.7278396
            ],
            [
              -38.0393916,
              -9.7278746
            ],
            [
              -38.0394426,
              -9.7283295
            ],
            [
              -38.0394447,
              -9.7285956
            ],
            [
              -38.0394433,
              -9.7286211
            ],
            [
              -38.0394784,
              -9.7287847
            ],
            [
              -38.0394887,
              -9.7287972
            ],
            [
              -38.039626,
              -9.7288899
            ],
            [
              -38.0397121,
              -9.72906
            ],
            [
              -38.0397413,
              -9.7293464
            ],
            [
              -38.0397558,
              -9.729581
            ],
            [
              -38.0397667,
              -9.7296221
            ],
            [
              -38.040052,
              -9.7298536
            ],
            [
              -38.0404643,
              -9.7300557
            ],
            [
              -38.0408281,
              -9.7303353
            ],
            [
              -38.0409558,
              -9.730806
            ],
            [
              -38.0410766,
              -9.7313225
            ],
            [
              -38.0411475,
              -9.731651
            ],
            [
              -38.041222,
              -9.7321885
            ],
            [
              -38.0412238,
              -9.7325812
            ],
            [
              -38.0410558,
              -9.7328738
            ],
            [
              -38.0406798,
              -9.7331719
            ],
            [
              -38.0403706,
              -9.7334388
            ],
            [
              -38.0401746,
              -9.7335574
            ],
            [
              -38.0399843,
              -9.7337837
            ],
            [
              -38.039645,
              -9.7341766
            ],
            [
              -38.0393645,
              -9.7344755
            ],
            [
              -38.0389851,
              -9.734865
            ],
            [
              -38.0389847,
              -9.7348908
            ],
            [
              -38.0388095,
              -9.7354991
            ],
            [
              -38.0384908,
              -9.7363406
            ],
            [
              -38.0384744,
              -9.7363566
            ],
            [
              -38.0382143,
              -9.7369413
            ],
            [
              -38.0380081,
              -9.7372324
            ],
            [
              -38.0378639,
              -9.7375973
            ],
            [
              -38.0378504,
              -9.7376185
            ],
            [
              -38.0377287,
              -9.737983
            ],
            [
              -38.0377285,
              -9.7380107
            ],
            [
              -38.0376095,
              -9.7382996
            ],
            [
              -38.03759,
              -9.7383269
            ],
            [
              -38.0374085,
              -9.7385706
            ],
            [
              -38.0373014,
              -9.7387645
            ],
            [
              -38.0372309,
              -9.7388185
            ],
            [
              -38.0372178,
              -9.7388846
            ],
            [
              -38.03723,
              -9.7389718
            ],
            [
              -38.0372787,
              -9.7390547
            ],
            [
              -38.03728,
              -9.7391095
            ],
            [
              -38.0372759,
              -9.7391548
            ],
            [
              -38.0372149,
              -9.7392473
            ],
            [
              -38.0372063,
              -9.7392592
            ],
            [
              -38.0371353,
              -9.7393473
            ],
            [
              -38.0371215,
              -9.7393503
            ],
            [
              -38.0371159,
              -9.739359
            ],
            [
              -38.0370136,
              -9.7393968
            ],
            [
              -38.0369311,
              -9.739417
            ],
            [
              -38.0368492,
              -9.7395108
            ],
            [
              -38.0367807,
              -9.7396908
            ],
            [
              -38.0367632,
              -9.7398481
            ],
            [
              -38.0367629,
              -9.7398633
            ],
            [
              -38.0367787,
              -9.7399464
            ],
            [
              -38.036782,
              -9.739954
            ],
            [
              -38.0368641,
              -9.7400213
            ],
            [
              -38.0369107,
              -9.7400919
            ],
            [
              -38.0369152,
              -9.7401728
            ],
            [
              -38.0368767,
              -9.7402636
            ],
            [
              -38.0368449,
              -9.7404823
            ],
            [
              -38.0369254,
              -9.7406733
            ],
            [
              -38.0370597,
              -9.7408814
            ],
            [
              -38.0371184,
              -9.7411122
            ],
            [
              -38.0371172,
              -9.7411432
            ],
            [
              -38.0370865,
              -9.7413098
            ],
            [
              -38.0370324,
              -9.7414628
            ],
            [
              -38.0370415,
              -9.7415419
            ],
            [
              -38.037127,
              -9.741675
            ],
            [
              -38.0372183,
              -9.7417953
            ],
            [
              -38.0372623,
              -9.7418911
            ],
            [
              -38.0372751,
              -9.7420101
            ],
            [
              -38.0372045,
              -9.7423159
            ],
            [
              -38.0371778,
              -9.7426771
            ],
            [
              -38.0371979,
              -9.7430122
            ],
            [
              -38.0373106,
              -9.7433338
            ],
            [
              -38.0375953,
              -9.7437244
            ],
            [
              -38.0378431,
              -9.7441479
            ],
            [
              -38.0378956,
              -9.7444752
            ],
            [
              -38.0377643,
              -9.744824
            ],
            [
              -38.0376229,
              -9.7451362
            ],
            [
              -38.0373461,
              -9.7453895
            ],
            [
              -38.0372068,
              -9.7456531
            ],
            [
              -38.0371818,
              -9.7458815
            ],
            [
              -38.0371817,
              -9.7458929
            ],
            [
              -38.0372473,
              -9.746143
            ],
            [
              -38.0373007,
              -9.7464373
            ],
            [
              -38.0372306,
              -9.7466739
            ],
            [
              -38.0374626,
              -9.7470662
            ],
            [
              -38.037635,
              -9.7474563
            ],
            [
              -38.0379012,
              -9.7476733
            ],
            [
              -38.0380839,
              -9.7479733
            ],
            [
              -38.0382418,
              -9.7483195
            ],
            [
              -38.0383417,
              -9.7486165
            ],
            [
              -38.0386009,
              -9.7490181
            ],
            [
              -38.0386122,
              -9.7490298
            ],
            [
              -38.0387441,
              -9.7493819
            ],
            [
              -38.0387435,
              -9.749417
            ],
            [
              -38.0386916,
              -9.7497437
            ],
            [
              -38.038619,
              -9.7500946
            ],
            [
              -38.0383568,
              -9.7503697
            ],
            [
              -38.0380145,
              -9.750724
            ],
            [
              -38.0374708,
              -9.7511405
            ],
            [
              -38.0368771,
              -9.7513478
            ],
            [
              -38.036544,
              -9.7516178
            ],
            [
              -38.0363575,
              -9.7521076
            ],
            [
              -38.0363219,
              -9.7526719
            ],
            [
              -38.0360585,
              -9.753247
            ],
            [
              -38.0358145,
              -9.7537558
            ],
            [
              -38.035303,
              -9.7541998
            ],
            [
              -38.0352406,
              -9.754276
            ],
            [
              -38.0346628,
              -9.7545195
            ],
            [
              -38.0340853,
              -9.7548527
            ],
            [
              -38.0336888,
              -9.7552594
            ],
            [
              -38.033365,
              -9.7559615
            ],
            [
              -38.0332079,
              -9.7566186
            ],
            [
              -38.0330755,
              -9.7570011
            ],
            [
              -38.033064,
              -9.7572108
            ],
            [
              -38.0330615,
              -9.7573473
            ],
            [
              -38.0330608,
              -9.7573873
            ],
            [
              -38.0332985,
              -9.7579075
            ],
            [
              -38.0335227,
              -9.7581392
            ],
            [
              -38.033553,
              -9.7581548
            ],
            [
              -38.0339339,
              -9.7587212
            ],
            [
              -38.0339621,
              -9.7587904
            ],
            [
              -38.0341526,
              -9.7592101
            ],
            [
              -38.0342399,
              -9.759542
            ],
            [
              -38.0342919,
              -9.759661
            ],
            [
              -38.0342812,
              -9.7598007
            ],
            [
              -38.0341904,
              -9.7599339
            ],
            [
              -38.0341842,
              -9.7599498
            ],
            [
              -38.0340287,
              -9.760087
            ],
            [
              -38.033781,
              -9.7602805
            ],
            [
              -38.0337697,
              -9.7603013
            ],
            [
              -38.0335786,
              -9.7604385
            ],
            [
              -38.0335571,
              -9.7604539
            ],
            [
              -38.0335466,
              -9.7604614
            ],
            [
              -38.0333852,
              -9.7605775
            ],
            [
              -38.0331912,
              -9.7606288
            ],
            [
              -38.0330586,
              -9.7607764
            ],
            [
              -38.0330013,
              -9.760882
            ],
            [
              -38.03295,
              -9.7611198
            ],
            [
              -38.0328118,
              -9.761319
            ],
            [
              -38.032684,
              -9.7614767
            ],
            [
              -38.0326679,
              -9.7615051
            ],
            [
              -38.0325254,
              -9.7615899
            ],
            [
              -38.0323253,
              -9.7616181
            ],
            [
              -38.0320702,
              -9.7615994
            ],
            [
              -38.031781,
              -9.7615288
            ],
            [
              -38.0316521,
              -9.7614767
            ],
            [
              -38.0315836,
              -9.7614957
            ],
            [
              -38.0314704,
              -9.7615004
            ],
            [
              -38.031424,
              -9.7615382
            ],
            [
              -38.0313449,
              -9.7616275
            ],
            [
              -38.031203,
              -9.7617577
            ],
            [
              -38.0311385,
              -9.7618726
            ],
            [
              -38.0311054,
              -9.7619954
            ],
            [
              -38.0311054,
              -9.7619999
            ],
            [
              -38.0310953,
              -9.7620765
            ],
            [
              -38.0311372,
              -9.7621969
            ],
            [
              -38.0312864,
              -9.7623597
            ],
            [
              -38.0314905,
              -9.7625244
            ],
            [
              -38.0316248,
              -9.7626951
            ],
            [
              -38.0317746,
              -9.762905
            ],
            [
              -38.0318538,
              -9.7630496
            ],
            [
              -38.0319051,
              -9.7631671
            ],
            [
              -38.0319049,
              -9.7631721
            ],
            [
              -38.0319408,
              -9.7634083
            ],
            [
              -38.031925,
              -9.7636493
            ],
            [
              -38.0318942,
              -9.7639231
            ],
            [
              -38.0318932,
              -9.7639468
            ],
            [
              -38.0318925,
              -9.763961
            ],
            [
              -38.0319049,
              -9.7641809
            ],
            [
              -38.031917,
              -9.7642087
            ],
            [
              -38.0319874,
              -9.7644055
            ],
            [
              -38.0320579,
              -9.764487
            ],
            [
              -38.0321193,
              -9.7646088
            ],
            [
              -38.0321222,
              -9.7646205
            ],
            [
              -38.0321634,
              -9.7647058
            ],
            [
              -38.0322787,
              -9.7648321
            ],
            [
              -38.0322933,
              -9.7649303
            ],
            [
              -38.0323234,
              -9.7650533
            ],
            [
              -38.032314,
              -9.7651927
            ],
            [
              -38.0322901,
              -9.7652975
            ],
            [
              -38.032258,
              -9.7654257
            ],
            [
              -38.0322233,
              -9.7654961
            ],
            [
              -38.0322195,
              -9.7655031
            ],
            [
              -38.0321332,
              -9.765545
            ],
            [
              -38.0319618,
              -9.765559
            ],
            [
              -38.0318112,
              -9.7655625
            ],
            [
              -38.0316239,
              -9.7655659
            ],
            [
              -38.0314429,
              -9.7656006
            ],
            [
              -38.0311861,
              -9.765642
            ],
            [
              -38.0309249,
              -9.7657344
            ],
            [
              -38.0307471,
              -9.7657616
            ],
            [
              -38.0306507,
              -9.7657446
            ],
            [
              -38.0305143,
              -9.7657242
            ],
            [
              -38.030456,
              -9.7657514
            ],
            [
              -38.030429,
              -9.7658055
            ],
            [
              -38.0304181,
              -9.765916
            ],
            [
              -38.0304717,
              -9.7660466
            ],
            [
              -38.0306215,
              -9.7661784
            ],
            [
              -38.0308453,
              -9.7663628
            ],
            [
              -38.0308526,
              -9.7663705
            ],
            [
              -38.0310101,
              -9.7664668
            ],
            [
              -38.0310137,
              -9.7664707
            ],
            [
              -38.0311652,
              -9.7665127
            ],
            [
              -38.0312949,
              -9.7665393
            ],
            [
              -38.0314276,
              -9.7666225
            ],
            [
              -38.0315066,
              -9.7667605
            ],
            [
              -38.0315065,
              -9.7667679
            ],
            [
              -38.0315763,
              -9.7670047
            ],
            [
              -38.0315828,
              -9.7670227
            ],
            [
              -38.031706,
              -9.7671506
            ],
            [
              -38.0318606,
              -9.7672766
            ],
            [
              -38.0319665,
              -9.7673972
            ],
            [
              -38.0319961,
              -9.7675428
            ],
            [
              -38.0320924,
              -9.7677218
            ],
            [
              -38.0322424,
              -9.7678977
            ],
            [
              -38.0323395,
              -9.7679963
            ],
            [
              -38.0323424,
              -9.768008
            ],
            [
              -38.032419,
              -9.7680705
            ],
            [
              -38.0324406,
              -9.7680744
            ],
            [
              -38.0325424,
              -9.7681828
            ],
            [
              -38.0325421,
              -9.7682862
            ],
            [
              -38.0325111,
              -9.7683659
            ],
            [
              -38.0324361,
              -9.7684111
            ],
            [
              -38.0322993,
              -9.7684749
            ],
            [
              -38.0320996,
              -9.7685307
            ],
            [
              -38.031737,
              -9.7686011
            ],
            [
              -38.0315941,
              -9.7686269
            ],
            [
              -38.0314338,
              -9.7686599
            ],
            [
              -38.0313485,
              -9.7686782
            ],
            [
              -38.0312984,
              -9.7687329
            ],
            [
              -38.0312552,
              -9.7688522
            ],
            [
              -38.0312512,
              -9.7689274
            ],
            [
              -38.0312913,
              -9.769057
            ],
            [
              -38.0313382,
              -9.7692122
            ],
            [
              -38.0315047,
              -9.7693709
            ],
            [
              -38.0317488,
              -9.7695094
            ],
            [
              -38.0320262,
              -9.7696847
            ],
            [
              -38.0322319,
              -9.7697836
            ],
            [
              -38.0323685,
              -9.7698772
            ],
            [
              -38.0324755,
              -9.7699192
            ],
            [
              -38.032557,
              -9.7699285
            ],
            [
              -38.0325946,
              -9.7699844
            ],
            [
              -38.0325983,
              -9.7699983
            ],
            [
              -38.0325967,
              -9.7701002
            ],
            [
              -38.0325366,
              -9.770275
            ],
            [
              -38.0324342,
              -9.770489
            ],
            [
              -38.0324287,
              -9.7705071
            ],
            [
              -38.0323116,
              -9.7706828
            ],
            [
              -38.0321604,
              -9.770848
            ],
            [
              -38.032018,
              -9.7709456
            ],
            [
              -38.0318932,
              -9.7709876
            ],
            [
              -38.0318054,
              -9.7709841
            ],
            [
              -38.0317186,
              -9.7709702
            ],
            [
              -38.0316279,
              -9.7709179
            ],
            [
              -38.0315191,
              -9.7708758
            ],
            [
              -38.0313815,
              -9.7708477
            ],
            [
              -38.0311884,
              -9.7707735
            ],
            [
              -38.0309043,
              -9.770638
            ],
            [
              -38.0307994,
              -9.7705985
            ],
            [
              -38.0307889,
              -9.7706021
            ],
            [
              -38.0307406,
              -9.7706021
            ],
            [
              -38.0307302,
              -9.7706057
            ],
            [
              -38.0306631,
              -9.7706488
            ],
            [
              -38.0305937,
              -9.7707665
            ],
            [
              -38.030548,
              -9.7709074
            ],
            [
              -38.0304936,
              -9.7711292
            ],
            [
              -38.0304121,
              -9.7715242
            ],
            [
              -38.0303906,
              -9.7716752
            ],
            [
              -38.0303613,
              -9.7718723
            ],
            [
              -38.0303573,
              -9.7720407
            ],
            [
              -38.0303572,
              -9.7720443
            ],
            [
              -38.0303101,
              -9.7722992
            ],
            [
              -38.0302277,
              -9.7724962
            ],
            [
              -38.0302241,
              -9.7725067
            ],
            [
              -38.0301509,
              -9.7726452
            ],
            [
              -38.030144,
              -9.772652
            ],
            [
              -38.0299974,
              -9.7728766
            ],
            [
              -38.0298571,
              -9.7730304
            ],
            [
              -38.0297022,
              -9.7731402
            ],
            [
              -38.0295926,
              -9.7732071
            ],
            [
              -38.0294289,
              -9.7732771
            ],
            [
              -38.029258,
              -9.7733292
            ],
            [
              -38.0291294,
              -9.7733879
            ],
            [
              -38.0289423,
              -9.7734837
            ],
            [
              -38.0288614,
              -9.7735142
            ],
            [
              -38.0287464,
              -9.7735312
            ],
            [
              -38.0286924,
              -9.7735346
            ],
            [
              -38.0286344,
              -9.7735616
            ],
            [
              -38.0286073,
              -9.7736187
            ],
            [
              -38.0285589,
              -9.7737649
            ],
            [
              -38.0285552,
              -9.7738956
            ],
            [
              -38.0285459,
              -9.7740052
            ],
            [
              -38.0285129,
              -9.7740849
            ],
            [
              -38.0284473,
              -9.7741355
            ],
            [
              -38.0284155,
              -9.7741921
            ],
            [
              -38.0284268,
              -9.7742358
            ],
            [
              -38.0284266,
              -9.774242
            ],
            [
              -38.0284677,
              -9.7743041
            ],
            [
              -38.0285146,
              -9.7743626
            ],
            [
              -38.0285314,
              -9.7744115
            ],
            [
              -38.028515,
              -9.7744602
            ],
            [
              -38.0285148,
              -9.7744693
            ],
            [
              -38.0285164,
              -9.7745206
            ],
            [
              -38.028613,
              -9.7746727
            ],
            [
              -38.0287731,
              -9.77494
            ],
            [
              -38.0288907,
              -9.7751439
            ],
            [
              -38.0289655,
              -9.7752955
            ],
            [
              -38.0290122,
              -9.7754515
            ],
            [
              -38.0290504,
              -9.7755367
            ],
            [
              -38.0290845,
              -9.7755767
            ],
            [
              -38.0290804,
              -9.7756391
            ],
            [
              -38.0290517,
              -9.7756889
            ],
            [
              -38.0289932,
              -9.7757312
            ],
            [
              -38.0289271,
              -9.7757784
            ],
            [
              -38.0288497,
              -9.7758221
            ],
            [
              -38.0287455,
              -9.7758859
            ],
            [
              -38.028554,
              -9.7759235
            ],
            [
              -38.0283844,
              -9.7759235
            ],
            [
              -38.0282467,
              -9.7759177
            ],
            [
              -38.0280435,
              -9.7758888
            ],
            [
              -38.0279204,
              -9.7758656
            ],
            [
              -38.0277982,
              -9.7757959
            ],
            [
              -38.0277148,
              -9.7757814
            ],
            [
              -38.0276223,
              -9.7757901
            ],
            [
              -38.0275091,
              -9.7758424
            ],
            [
              -38.0273904,
              -9.7759091
            ],
            [
              -38.0273788,
              -9.7759148
            ],
            [
              -38.0272062,
              -9.7759696
            ],
            [
              -38.0271173,
              -9.7759725
            ],
            [
              -38.0270369,
              -9.7759466
            ],
            [
              -38.0269447,
              -9.7758743
            ],
            [
              -38.0268923,
              -9.7757872
            ],
            [
              -38.0268681,
              -9.7756631
            ],
            [
              -38.026854,
              -9.7755701
            ],
            [
              -38.0268156,
              -9.7755078
            ],
            [
              -38.0267666,
              -9.7754706
            ],
            [
              -38.0267153,
              -9.7754392
            ],
            [
              -38.0267014,
              -9.7753841
            ],
            [
              -38.0266601,
              -9.7753327
            ],
            [
              -38.0266004,
              -9.7753149
            ],
            [
              -38.0265906,
              -9.7753169
            ],
            [
              -38.0264974,
              -9.7753129
            ],
            [
              -38.0264877,
              -9.7753129
            ],
            [
              -38.0264135,
              -9.7753347
            ],
            [
              -38.0263001,
              -9.775392
            ],
            [
              -38.0262145,
              -9.7754274
            ],
            [
              -38.0262009,
              -9.7754333
            ],
            [
              -38.0261041,
              -9.7754412
            ],
            [
              -38.0260963,
              -9.7754412
            ],
            [
              -38.0260073,
              -9.7754588
            ],
            [
              -38.0259493,
              -9.7754686
            ],
            [
              -38.0259146,
              -9.7754686
            ],
            [
              -38.0258778,
              -9.7754392
            ],
            [
              -38.0258352,
              -9.7754353
            ],
            [
              -38.0257811,
              -9.7754372
            ],
            [
              -38.0257406,
              -9.775453
            ],
            [
              -38.0257214,
              -9.7754989
            ],
            [
              -38.0256885,
              -9.7755428
            ],
            [
              -38.0256516,
              -9.7756078
            ],
            [
              -38.0255915,
              -9.7757091
            ],
            [
              -38.0255374,
              -9.7757651
            ],
            [
              -38.0254901,
              -9.775887
            ],
            [
              -38.0254338,
              -9.7760366
            ],
            [
              -38.0253934,
              -9.7761315
            ],
            [
              -38.0253237,
              -9.776167
            ],
            [
              -38.0252909,
              -9.776204
            ],
            [
              -38.0252098,
              -9.7762229
            ],
            [
              -38.0251133,
              -9.7762379
            ],
            [
              -38.0250419,
              -9.7762301
            ],
            [
              -38.0249769,
              -9.7762292
            ],
            [
              -38.0249319,
              -9.7762432
            ],
            [
              -38.0249066,
              -9.7763002
            ],
            [
              -38.0248177,
              -9.77635
            ],
            [
              -38.0247134,
              -9.776337
            ],
            [
              -38.0246449,
              -9.776337
            ],
            [
              -38.0245946,
              -9.7763684
            ],
            [
              -38.0245413,
              -9.7764204
            ],
            [
              -38.0245338,
              -9.7764256
            ],
            [
              -38.0244617,
              -9.7764696
            ],
            [
              -38.0244026,
              -9.7764978
            ],
            [
              -38.0243653,
              -9.7765363
            ],
            [
              -38.0243829,
              -9.7765948
            ],
            [
              -38.0243834,
              -9.7766629
            ],
            [
              -38.0244217,
              -9.7767657
            ],
            [
              -38.0244903,
              -9.7768365
            ],
            [
              -38.0245704,
              -9.7769087
            ],
            [
              -38.0246321,
              -9.7769422
            ],
            [
              -38.0246684,
              -9.7769778
            ],
            [
              -38.0247197,
              -9.7770483
            ],
            [
              -38.0247449,
              -9.7771073
            ],
            [
              -38.0247305,
              -9.7771913
            ],
            [
              -38.0246943,
              -9.7773143
            ],
            [
              -38.0246666,
              -9.7773934
            ],
            [
              -38.0246019,
              -9.777445
            ],
            [
              -38.0245164,
              -9.7774654
            ],
            [
              -38.0244226,
              -9.7774675
            ],
            [
              -38.0244185,
              -9.7774695
            ],
            [
              -38.0242506,
              -9.777412
            ],
            [
              -38.0241033,
              -9.777308
            ],
            [
              -38.0239927,
              -9.7771849
            ],
            [
              -38.0238957,
              -9.7770326
            ],
            [
              -38.0238281,
              -9.77691
            ],
            [
              -38.0237397,
              -9.7767973
            ],
            [
              -38.0237318,
              -9.7767952
            ],
            [
              -38.0236874,
              -9.7767758
            ],
            [
              -38.0236393,
              -9.7767736
            ],
            [
              -38.0236172,
              -9.7767498
            ],
            [
              -38.0236177,
              -9.7767194
            ],
            [
              -38.0235758,
              -9.7767129
            ],
            [
              -38.0235217,
              -9.7767325
            ],
            [
              -38.0234266,
              -9.7767952
            ],
            [
              -38.0233564,
              -9.7768931
            ],
            [
              -38.0233243,
              -9.7769997
            ],
            [
              -38.0233236,
              -9.7770121
            ],
            [
              -38.0233252,
              -9.7770182
            ],
            [
              -38.0233161,
              -9.7771404
            ],
            [
              -38.0233126,
              -9.7772657
            ],
            [
              -38.0233121,
              -9.7772736
            ],
            [
              -38.0232779,
              -9.777336
            ],
            [
              -38.0232338,
              -9.7774509
            ],
            [
              -38.0232234,
              -9.7774698
            ],
            [
              -38.0232212,
              -9.7774755
            ],
            [
              -38.0231686,
              -9.7775577
            ],
            [
              -38.0230374,
              -9.777684
            ],
            [
              -38.0229038,
              -9.7777595
            ],
            [
              -38.0227572,
              -9.7778042
            ],
            [
              -38.0226318,
              -9.777819
            ],
            [
              -38.0225159,
              -9.7778141
            ],
            [
              -38.0223861,
              -9.7777769
            ],
            [
              -38.0222715,
              -9.777747
            ],
            [
              -38.0221208,
              -9.777747
            ],
            [
              -38.021996,
              -9.7777545
            ],
            [
              -38.0218751,
              -9.7777943
            ],
            [
              -38.0218653,
              -9.7778017
            ],
            [
              -38.021751,
              -9.7778066
            ],
            [
              -38.0217391,
              -9.7778066
            ],
            [
              -38.0216273,
              -9.777819
            ],
            [
              -38.0215537,
              -9.7777719
            ],
            [
              -38.0214717,
              -9.7776738
            ],
            [
              -38.0214194,
              -9.7775503
            ],
            [
              -38.0213674,
              -9.7773824
            ],
            [
              -38.0212906,
              -9.7772034
            ],
            [
              -38.0212163,
              -9.7770072
            ],
            [
              -38.0211226,
              -9.776885
            ],
            [
              -38.0210647,
              -9.7768599
            ],
            [
              -38.0209856,
              -9.7768616
            ],
            [
              -38.0208851,
              -9.776934
            ],
            [
              -38.0207127,
              -9.7770419
            ],
            [
              -38.0205385,
              -9.7771438
            ],
            [
              -38.0204078,
              -9.7772361
            ],
            [
              -38.0203997,
              -9.7772361
            ],
            [
              -38.0202896,
              -9.7773094
            ],
            [
              -38.020218,
              -9.7773724
            ],
            [
              -38.0201386,
              -9.7774545
            ],
            [
              -38.0200979,
              -9.7775099
            ],
            [
              -38.0200708,
              -9.7775672
            ],
            [
              -38.0200571,
              -9.777615
            ],
            [
              -38.0200472,
              -9.7776935
            ],
            [
              -38.0200701,
              -9.7778027
            ],
            [
              -38.0200738,
              -9.7779524
            ],
            [
              -38.0200759,
              -9.7779653
            ],
            [
              -38.0201349,
              -9.7781231
            ],
            [
              -38.0201634,
              -9.778208
            ],
            [
              -38.0201904,
              -9.7783266
            ],
            [
              -38.0202067,
              -9.778537
            ],
            [
              -38.0201957,
              -9.778709
            ],
            [
              -38.0201419,
              -9.7788894
            ],
            [
              -38.020077,
              -9.779109
            ],
            [
              -38.0200213,
              -9.7792968
            ],
            [
              -38.0199438,
              -9.7795022
            ],
            [
              -38.0198475,
              -9.7796824
            ],
            [
              -38.0197996,
              -9.7798477
            ],
            [
              -38.019798,
              -9.7798631
            ],
            [
              -38.0197992,
              -9.7800326
            ],
            [
              -38.0197867,
              -9.7801582
            ],
            [
              -38.019765,
              -9.7803693
            ],
            [
              -38.0198096,
              -9.7805974
            ],
            [
              -38.0198573,
              -9.780771
            ],
            [
              -38.0199187,
              -9.7809227
            ],
            [
              -38.0199266,
              -9.7810235
            ],
            [
              -38.0199468,
              -9.7811032
            ],
            [
              -38.0199285,
              -9.781175
            ],
            [
              -38.0199028,
              -9.7812416
            ],
            [
              -38.0198388,
              -9.7812791
            ],
            [
              -38.0196352,
              -9.7813286
            ],
            [
              -38.0194361,
              -9.7813971
            ],
            [
              -38.0192569,
              -9.7814262
            ],
            [
              -38.0190883,
              -9.7813971
            ],
            [
              -38.0189903,
              -9.7813874
            ],
            [
              -38.0188911,
              -9.7814455
            ],
            [
              -38.0187483,
              -9.7816845
            ],
            [
              -38.0186375,
              -9.7818943
            ],
            [
              -38.0186307,
              -9.7819204
            ],
            [
              -38.0185801,
              -9.7820696
            ],
            [
              -38.0184777,
              -9.7823318
            ],
            [
              -38.0184257,
              -9.7824354
            ],
            [
              -38.0184263,
              -9.7824508
            ],
            [
              -38.0183742,
              -9.7826312
            ],
            [
              -38.0183716,
              -9.7826458
            ],
            [
              -38.0183721,
              -9.7826568
            ],
            [
              -38.0182411,
              -9.7828634
            ],
            [
              -38.0182383,
              -9.7828704
            ],
            [
              -38.0181824,
              -9.7829798
            ],
            [
              -38.0181831,
              -9.7829899
            ],
            [
              -38.0180919,
              -9.7832091
            ],
            [
              -38.0180803,
              -9.7832154
            ],
            [
              -38.018039,
              -9.7832837
            ],
            [
              -38.0179723,
              -9.7834802
            ],
            [
              -38.0179386,
              -9.7836048
            ],
            [
              -38.0178973,
              -9.7838555
            ],
            [
              -38.0179211,
              -9.7839633
            ],
            [
              -38.017978,
              -9.784113
            ],
            [
              -38.0181234,
              -9.78435
            ],
            [
              -38.018194,
              -9.7844997
            ],
            [
              -38.0182028,
              -9.7845208
            ],
            [
              -38.0182353,
              -9.7846503
            ],
            [
              -38.0182979,
              -9.7847716
            ],
            [
              -38.018378,
              -9.7848851
            ],
            [
              -38.0183692,
              -9.7849961
            ],
            [
              -38.0183612,
              -9.7851278
            ],
            [
              -38.0183202,
              -9.785256
            ],
            [
              -38.0183203,
              -9.7852605
            ],
            [
              -38.0183338,
              -9.7853455
            ],
            [
              -38.0183984,
              -9.7854593
            ],
            [
              -38.0184085,
              -9.7855957
            ],
            [
              -38.018432,
              -9.7857077
            ],
            [
              -38.0184793,
              -9.7858289
            ],
            [
              -38.0184915,
              -9.7859662
            ],
            [
              -38.0184854,
              -9.78602
            ],
            [
              -38.0184855,
              -9.7860276
            ],
            [
              -38.0184149,
              -9.7860504
            ],
            [
              -38.0183268,
              -9.786039
            ],
            [
              -38.0182746,
              -9.785997
            ],
            [
              -38.0181546,
              -9.7859079
            ],
            [
              -38.018063,
              -9.7859235
            ],
            [
              -38.0180202,
              -9.7860009
            ],
            [
              -38.0179598,
              -9.7861441
            ],
            [
              -38.0179612,
              -9.7861626
            ],
            [
              -38.0179625,
              -9.786181
            ],
            [
              -38.017979,
              -9.7862683
            ],
            [
              -38.0179864,
              -9.7862791
            ],
            [
              -38.0180337,
              -9.7863468
            ],
            [
              -38.0181039,
              -9.7864164
            ],
            [
              -38.018161,
              -9.7864734
            ],
            [
              -38.0182153,
              -9.7866413
            ],
            [
              -38.0182901,
              -9.7866652
            ],
            [
              -38.0183985,
              -9.7867133
            ],
            [
              -38.0184948,
              -9.7867854
            ],
            [
              -38.0185519,
              -9.7868633
            ],
            [
              -38.0186018,
              -9.7869547
            ],
            [
              -38.0186617,
              -9.7870774
            ],
            [
              -38.0187483,
              -9.7871981
            ],
            [
              -38.0189852,
              -9.7873496
            ],
            [
              -38.0191785,
              -9.7874275
            ],
            [
              -38.019294,
              -9.7874404
            ],
            [
              -38.0194119,
              -9.7874146
            ],
            [
              -38.0195191,
              -9.7874661
            ],
            [
              -38.019745,
              -9.7875237
            ],
            [
              -38.019939,
              -9.7874982
            ],
            [
              -38.0200996,
              -9.787421
            ],
            [
              -38.0203103,
              -9.7872775
            ],
            [
              -38.0204753,
              -9.7872047
            ],
            [
              -38.0206247,
              -9.7871981
            ],
            [
              -38.0207913,
              -9.7871714
            ],
            [
              -38.0209792,
              -9.7871914
            ],
            [
              -38.021288,
              -9.7873234
            ],
            [
              -38.0214151,
              -9.7874016
            ],
            [
              -38.021508,
              -9.7875617
            ],
            [
              -38.0215975,
              -9.787811
            ],
            [
              -38.0216163,
              -9.7879806
            ],
            [
              -38.0215647,
              -9.788111
            ],
            [
              -38.0214961,
              -9.7882737
            ],
            [
              -38.0214635,
              -9.7884494
            ],
            [
              -38.0214296,
              -9.788577
            ],
            [
              -38.0213221,
              -9.7887775
            ],
            [
              -38.0213155,
              -9.7888041
            ],
            [
              -38.0212231,
              -9.7889617
            ],
            [
              -38.0212212,
              -9.788998
            ],
            [
              -38.0212201,
              -9.7890186
            ],
            [
              -38.0211696,
              -9.7892362
            ],
            [
              -38.0210975,
              -9.7894665
            ],
            [
              -38.0210513,
              -9.789614
            ],
            [
              -38.0209296,
              -9.7899364
            ],
            [
              -38.0208698,
              -9.7902332
            ],
            [
              -38.020869,
              -9.7902591
            ],
            [
              -38.0208219,
              -9.7904468
            ],
            [
              -38.0208217,
              -9.7904553
            ],
            [
              -38.0208499,
              -9.7906067
            ],
            [
              -38.020916,
              -9.7908301
            ],
            [
              -38.0208767,
              -9.7910412
            ],
            [
              -38.0207938,
              -9.7913978
            ],
            [
              -38.0207501,
              -9.7916756
            ],
            [
              -38.0206873,
              -9.7917866
            ],
            [
              -38.0206049,
              -9.7917757
            ],
            [
              -38.0205712,
              -9.7918315
            ],
            [
              -38.0205296,
              -9.7919541
            ],
            [
              -38.0205289,
              -9.7920809
            ],
            [
              -38.0206083,
              -9.7922117
            ],
            [
              -38.0206229,
              -9.7923171
            ],
            [
              -38.020627,
              -9.7924269
            ],
            [
              -38.0205981,
              -9.7925068
            ],
            [
              -38.0205364,
              -9.7925578
            ],
            [
              -38.0204622,
              -9.7925691
            ],
            [
              -38.0203492,
              -9.7925691
            ],
            [
              -38.0201728,
              -9.7925465
            ],
            [
              -38.0199371,
              -9.7925012
            ],
            [
              -38.0196356,
              -9.7924613
            ],
            [
              -38.019367,
              -9.7924039
            ],
            [
              -38.0191865,
              -9.7923578
            ],
            [
              -38.0190817,
              -9.792352
            ],
            [
              -38.0189987,
              -9.7923867
            ],
            [
              -38.0189319,
              -9.7924384
            ],
            [
              -38.0189176,
              -9.7925409
            ],
            [
              -38.0189411,
              -9.7927033
            ],
            [
              -38.0189423,
              -9.7927254
            ],
            [
              -38.018963,
              -9.7928406
            ],
            [
              -38.0189506,
              -9.7929702
            ],
            [
              -38.0189899,
              -9.7930818
            ],
            [
              -38.0189955,
              -9.7930976
            ],
            [
              -38.0190874,
              -9.7932385
            ],
            [
              -38.0193419,
              -9.7934122
            ],
            [
              -38.0195672,
              -9.7935522
            ],
            [
              -38.0197883,
              -9.7936605
            ],
            [
              -38.0199107,
              -9.7937864
            ],
            [
              -38.0200463,
              -9.7938103
            ],
            [
              -38.0201511,
              -9.7937815
            ],
            [
              -38.0203259,
              -9.7937188
            ],
            [
              -38.0205244,
              -9.7935769
            ],
            [
              -38.0206489,
              -9.7934925
            ],
            [
              -38.0207772,
              -9.7934424
            ],
            [
              -38.0208797,
              -9.7934373
            ],
            [
              -38.0209794,
              -9.7934675
            ],
            [
              -38.02104,
              -9.793572
            ],
            [
              -38.0210291,
              -9.7936994
            ],
            [
              -38.0209783,
              -9.7938722
            ],
            [
              -38.020906,
              -9.7940456
            ],
            [
              -38.0207532,
              -9.7943227
            ],
            [
              -38.0206836,
              -9.7943847
            ],
            [
              -38.020601,
              -9.7943847
            ],
            [
              -38.020506,
              -9.7943715
            ],
            [
              -38.0203794,
              -9.7943803
            ],
            [
              -38.0202006,
              -9.794398
            ],
            [
              -38.0200398,
              -9.7944024
            ],
            [
              -38.0198776,
              -9.7944066
            ],
            [
              -38.0198704,
              -9.7944068
            ],
            [
              -38.0197401,
              -9.7944068
            ],
            [
              -38.0195718,
              -9.7944725
            ],
            [
              -38.0194314,
              -9.7945591
            ],
            [
              -38.0192991,
              -9.7947039
            ],
            [
              -38.0192098,
              -9.7948043
            ],
            [
              -38.0191133,
              -9.7948992
            ],
            [
              -38.0190391,
              -9.7949967
            ],
            [
              -38.0190273,
              -9.7950088
            ],
            [
              -38.0189735,
              -9.7951483
            ],
            [
              -38.0189221,
              -9.7952423
            ],
            [
              -38.0189188,
              -9.795254
            ],
            [
              -38.018755,
              -9.7953998
            ],
            [
              -38.0185425,
              -9.7955459
            ],
            [
              -38.0184504,
              -9.7956047
            ],
            [
              -38.0183825,
              -9.7956443
            ],
            [
              -38.018379,
              -9.7956548
            ],
            [
              -38.0183543,
              -9.7957198
            ],
            [
              -38.0183618,
              -9.7957736
            ],
            [
              -38.0183623,
              -9.7957786
            ],
            [
              -38.0184242,
              -9.7958565
            ],
            [
              -38.0184294,
              -9.7958664
            ],
            [
              -38.0185317,
              -9.7959571
            ],
            [
              -38.0186123,
              -9.7960408
            ],
            [
              -38.0186421,
              -9.7961411
            ],
            [
              -38.0186447,
              -9.7961503
            ],
            [
              -38.0186793,
              -9.796205
            ],
            [
              -38.018684,
              -9.796214
            ],
            [
              -38.0186927,
              -9.796223
            ],
            [
              -38.0187784,
              -9.7962898
            ],
            [
              -38.0187788,
              -9.7962987
            ],
            [
              -38.0189024,
              -9.7964092
            ],
            [
              -38.0189148,
              -9.7964199
            ],
            [
              -38.018919,
              -9.7964262
            ],
            [
              -38.0190237,
              -9.7964726
            ],
            [
              -38.0191093,
              -9.7964935
            ],
            [
              -38.0191907,
              -9.7964852
            ],
            [
              -38.0192702,
              -9.7964831
            ],
            [
              -38.0193446,
              -9.7965143
            ],
            [
              -38.0194238,
              -9.7965981
            ],
            [
              -38.0194806,
              -9.796666
            ],
            [
              -38.0195718,
              -9.7967277
            ],
            [
              -38.0197319,
              -9.7968968
            ],
            [
              -38.01974,
              -9.7969056
            ],
            [
              -38.0199022,
              -9.7970548
            ],
            [
              -38.0200022,
              -9.797159
            ],
            [
              -38.0201335,
              -9.7972751
            ],
            [
              -38.0201975,
              -9.797424
            ],
            [
              -38.0202616,
              -9.79755
            ],
            [
              -38.0202609,
              -9.7975667
            ],
            [
              -38.0203082,
              -9.7976187
            ],
            [
              -38.0203809,
              -9.7976747
            ],
            [
              -38.0204179,
              -9.7977595
            ],
            [
              -38.020426,
              -9.797863
            ],
            [
              -38.0204086,
              -9.7980025
            ],
            [
              -38.0204075,
              -9.7980184
            ],
            [
              -38.0203491,
              -9.7981733
            ],
            [
              -38.0203487,
              -9.7981785
            ],
            [
              -38.0203425,
              -9.7981967
            ],
            [
              -38.020342,
              -9.7982044
            ],
            [
              -38.0203181,
              -9.7983022
            ],
            [
              -38.0203049,
              -9.7983149
            ],
            [
              -38.0202528,
              -9.7983962
            ],
            [
              -38.02025,
              -9.7984012
            ],
            [
              -38.020176,
              -9.798444
            ],
            [
              -38.0201633,
              -9.7984515
            ],
            [
              -38.0201048,
              -9.798489
            ],
            [
              -38.0200996,
              -9.798494
            ],
            [
              -38.0200087,
              -9.7985535
            ],
            [
              -38.0199439,
              -9.798642
            ],
            [
              -38.0198955,
              -9.7987061
            ],
            [
              -38.0198097,
              -9.7987751
            ],
            [
              -38.0197672,
              -9.7988496
            ],
            [
              -38.0197659,
              -9.7988593
            ],
            [
              -38.0197532,
              -9.7989486
            ],
            [
              -38.0197523,
              -9.7989549
            ],
            [
              -38.0197497,
              -9.7989739
            ],
            [
              -38.0197041,
              -9.799117
            ],
            [
              -38.0196159,
              -9.7992084
            ],
            [
              -38.0195393,
              -9.7992626
            ],
            [
              -38.0194736,
              -9.7993458
            ],
            [
              -38.0194729,
              -9.7993517
            ],
            [
              -38.0194308,
              -9.7994277
            ],
            [
              -38.0194188,
              -9.7994364
            ],
            [
              -38.0193364,
              -9.7995142
            ],
            [
              -38.01933,
              -9.7995227
            ],
            [
              -38.0192365,
              -9.799588
            ],
            [
              -38.0191287,
              -9.7996161
            ],
            [
              -38.0189891,
              -9.7996105
            ],
            [
              -38.0188506,
              -9.799588
            ],
            [
              -38.0187067,
              -9.7996049
            ],
            [
              -38.0185558,
              -9.7996747
            ],
            [
              -38.0185448,
              -9.799683
            ],
            [
              -38.0184678,
              -9.799836
            ],
            [
              -38.0184596,
              -9.7998467
            ],
            [
              -38.0184113,
              -9.7999425
            ],
            [
              -38.0183116,
              -9.8000677
            ],
            [
              -38.0182866,
              -9.8001935
            ],
            [
              -38.0182861,
              -9.8002066
            ],
            [
              -38.0183025,
              -9.8003135
            ],
            [
              -38.0183715,
              -9.8004466
            ],
            [
              -38.0183794,
              -9.8004623
            ],
            [
              -38.0184114,
              -9.8006255
            ],
            [
              -38.0184109,
              -9.8007516
            ],
            [
              -38.0184105,
              -9.8007605
            ],
            [
              -38.01841,
              -9.8007694
            ],
            [
              -38.0183698,
              -9.8009268
            ],
            [
              -38.0182868,
              -9.8011021
            ],
            [
              -38.018281,
              -9.8011133
            ],
            [
              -38.0181957,
              -9.80128
            ],
            [
              -38.0181856,
              -9.8013547
            ],
            [
              -38.0181852,
              -9.801368
            ],
            [
              -38.0182193,
              -9.8014441
            ],
            [
              -38.0183181,
              -9.8015601
            ],
            [
              -38.0184902,
              -9.8016835
            ],
            [
              -38.018628,
              -9.8017868
            ],
            [
              -38.0186445,
              -9.8018302
            ],
            [
              -38.0186464,
              -9.801903
            ],
            [
              -38.0186283,
              -9.8019716
            ],
            [
              -38.0185247,
              -9.8021685
            ],
            [
              -38.0184487,
              -9.802262
            ],
            [
              -38.0183143,
              -9.8023415
            ],
            [
              -38.0180617,
              -9.8024528
            ],
            [
              -38.0180472,
              -9.802453
            ],
            [
              -38.0179501,
              -9.8024695
            ],
            [
              -38.0178031,
              -9.8024133
            ],
            [
              -38.0177936,
              -9.8024092
            ],
            [
              -38.0177083,
              -9.8023723
            ],
            [
              -38.0176988,
              -9.802364
            ],
            [
              -38.0176092,
              -9.8023551
            ],
            [
              -38.0175365,
              -9.8023482
            ],
            [
              -38.0175273,
              -9.8023442
            ],
            [
              -38.0174397,
              -9.802259
            ],
            [
              -38.0174327,
              -9.8022448
            ],
            [
              -38.017362,
              -9.8021471
            ],
            [
              -38.0173529,
              -9.8021313
            ],
            [
              -38.01731,
              -9.8020507
            ],
            [
              -38.017208,
              -9.8020194
            ],
            [
              -38.017133,
              -9.8020194
            ],
            [
              -38.0170348,
              -9.8020316
            ],
            [
              -38.0168471,
              -9.8020801
            ],
            [
              -38.0168414,
              -9.8020861
            ],
            [
              -38.0167551,
              -9.8021342
            ],
            [
              -38.0167123,
              -9.8022356
            ],
            [
              -38.0167095,
              -9.8022445
            ],
            [
              -38.0166983,
              -9.8023418
            ],
            [
              -38.0167228,
              -9.8025325
            ],
            [
              -38.016767,
              -9.8026292
            ],
            [
              -38.0167782,
              -9.8027689
            ],
            [
              -38.0167888,
              -9.8030511
            ],
            [
              -38.0167764,
              -9.803205
            ],
            [
              -38.016776,
              -9.8032126
            ],
            [
              -38.0167627,
              -9.8034508
            ],
            [
              -38.0167335,
              -9.803518
            ],
            [
              -38.0167329,
              -9.8035291
            ],
            [
              -38.0166828,
              -9.803581
            ],
            [
              -38.0166112,
              -9.8036327
            ],
            [
              -38.016533,
              -9.8036769
            ],
            [
              -38.0164379,
              -9.8037864
            ],
            [
              -38.0163598,
              -9.8039417
            ],
            [
              -38.0163628,
              -9.803956
            ],
            [
              -38.016306,
              -9.8041371
            ],
            [
              -38.0163018,
              -9.8041547
            ],
            [
              -38.0162119,
              -9.8043015
            ],
            [
              -38.0160884,
              -9.8044395
            ],
            [
              -38.0160093,
              -9.8045283
            ],
            [
              -38.0160057,
              -9.8045317
            ],
            [
              -38.0159684,
              -9.80464
            ],
            [
              -38.0159112,
              -9.8047272
            ],
            [
              -38.015828,
              -9.8047506
            ],
            [
              -38.0157103,
              -9.8047872
            ],
            [
              -38.0155685,
              -9.8048836
            ],
            [
              -38.0153597,
              -9.8049919
            ],
            [
              -38.0153453,
              -9.8050054
            ],
            [
              -38.0151911,
              -9.8051129
            ],
            [
              -38.0151904,
              -9.8051218
            ],
            [
              -38.0150883,
              -9.8053124
            ],
            [
              -38.0149606,
              -9.8054484
            ],
            [
              -38.0149419,
              -9.8054659
            ],
            [
              -38.0147838,
              -9.8055528
            ],
            [
              -38.014682,
              -9.8055832
            ],
            [
              -38.0146019,
              -9.8055399
            ],
            [
              -38.0145597,
              -9.8053609
            ],
            [
              -38.0145375,
              -9.8052065
            ],
            [
              -38.0144693,
              -9.8050818
            ],
            [
              -38.0144076,
              -9.8049921
            ],
            [
              -38.0142772,
              -9.804938
            ],
            [
              -38.0141765,
              -9.8049064
            ],
            [
              -38.0140776,
              -9.8049381
            ],
            [
              -38.0139882,
              -9.8050774
            ],
            [
              -38.0138599,
              -9.8052199
            ],
            [
              -38.0135992,
              -9.8055246
            ],
            [
              -38.013305,
              -9.8058623
            ],
            [
              -38.0130025,
              -9.8062913
            ],
            [
              -38.0127781,
              -9.8065586
            ],
            [
              -38.0127773,
              -9.806582
            ],
            [
              -38.0124699,
              -9.8068779
            ],
            [
              -38.0122645,
              -9.8071557
            ],
            [
              -38.0120194,
              -9.8075054
            ],
            [
              -38.0119423,
              -9.8076246
            ],
            [
              -38.0118418,
              -9.807753
            ],
            [
              -38.0118377,
              -9.8077637
            ],
            [
              -38.0117941,
              -9.8078623
            ],
            [
              -38.0118163,
              -9.8079321
            ],
            [
              -38.011914,
              -9.8080634
            ],
            [
              -38.0120572,
              -9.8081861
            ],
            [
              -38.0120702,
              -9.8081895
            ],
            [
              -38.0121437,
              -9.8083341
            ],
            [
              -38.0121494,
              -9.8084204
            ],
            [
              -38.0121477,
              -9.8084402
            ],
            [
              -38.0121011,
              -9.8085681
            ],
            [
              -38.012026,
              -9.8086555
            ],
            [
              -38.0119214,
              -9.8087166
            ],
            [
              -38.0118183,
              -9.8087199
            ],
            [
              -38.011675,
              -9.8086699
            ],
            [
              -38.0115479,
              -9.8086285
            ],
            [
              -38.0114461,
              -9.8085348
            ],
            [
              -38.0113966,
              -9.8084194
            ],
            [
              -38.0113185,
              -9.8083824
            ],
            [
              -38.0112102,
              -9.808393
            ],
            [
              -38.0110923,
              -9.8084563
            ],
            [
              -38.0109296,
              -9.8085766
            ],
            [
              -38.0108306,
              -9.8086276
            ],
            [
              -38.0108187,
              -9.8086338
            ],
            [
              -38.0107482,
              -9.8086286
            ],
            [
              -38.0107018,
              -9.8085714
            ],
            [
              -38.0106548,
              -9.8083773
            ],
            [
              -38.010631,
              -9.8081319
            ],
            [
              -38.010575,
              -9.8080455
            ],
            [
              -38.0104384,
              -9.8079967
            ],
            [
              -38.0103076,
              -9.8080184
            ],
            [
              -38.0101928,
              -9.808132
            ],
            [
              -38.0100867,
              -9.8081911
            ],
            [
              -38.009963,
              -9.8081965
            ],
            [
              -38.0098084,
              -9.8082018
            ],
            [
              -38.0096317,
              -9.8082606
            ],
            [
              -38.0094078,
              -9.808388
            ],
            [
              -38.0092073,
              -9.808467
            ],
            [
              -38.0090388,
              -9.808509
            ],
            [
              -38.0087946,
              -9.8085665
            ],
            [
              -38.0086431,
              -9.8086527
            ],
            [
              -38.0085796,
              -9.8087099
            ],
            [
              -38.0084772,
              -9.8088102
            ],
            [
              -38.0083549,
              -9.8090036
            ],
            [
              -38.0083235,
              -9.8091116
            ],
            [
              -38.0082965,
              -9.8092393
            ],
            [
              -38.0082532,
              -9.8093104
            ],
            [
              -38.0082508,
              -9.8093128
            ],
            [
              -38.0082069,
              -9.809348
            ],
            [
              -38.0081537,
              -9.8093854
            ],
            [
              -38.0079817,
              -9.8095992
            ],
            [
              -38.0078333,
              -9.8098094
            ],
            [
              -38.0077335,
              -9.8099423
            ],
            [
              -38.0076939,
              -9.8100754
            ],
            [
              -38.0076939,
              -9.8100807
            ],
            [
              -38.007678,
              -9.8101688
            ],
            [
              -38.0076779,
              -9.8101767
            ],
            [
              -38.0076421,
              -9.8102844
            ],
            [
              -38.007607,
              -9.8103723
            ],
            [
              -38.0076045,
              -9.8103801
            ],
            [
              -38.0075403,
              -9.8104515
            ],
            [
              -38.0075379,
              -9.8104617
            ],
            [
              -38.0074769,
              -9.8105272
            ],
            [
              -38.0074745,
              -9.8105373
            ],
            [
              -38.0073681,
              -9.8106145
            ],
            [
              -38.0072504,
              -9.8106717
            ],
            [
              -38.0071629,
              -9.8106855
            ],
            [
              -38.0069881,
              -9.8107213
            ],
            [
              -38.0068675,
              -9.8107624
            ],
            [
              -38.0067423,
              -9.8108141
            ],
            [
              -38.0065903,
              -9.8108896
            ],
            [
              -38.0064875,
              -9.8109801
            ],
            [
              -38.0064254,
              -9.8110197
            ],
            [
              -38.0063354,
              -9.8110065
            ],
            [
              -38.006273,
              -9.8110039
            ],
            [
              -38.0062236,
              -9.811025
            ],
            [
              -38.0061467,
              -9.8110844
            ],
            [
              -38.0060779,
              -9.8111747
            ],
            [
              -38.0060746,
              -9.811184
            ],
            [
              -38.0060151,
              -9.8113241
            ],
            [
              -38.0060063,
              -9.8113361
            ],
            [
              -38.0059713,
              -9.8115479
            ],
            [
              -38.0059709,
              -9.8115566
            ],
            [
              -38.0058724,
              -9.8118782
            ],
            [
              -38.0058268,
              -9.8119936
            ],
            [
              -38.0057886,
              -9.8120674
            ],
            [
              -38.0057805,
              -9.812083
            ],
            [
              -38.0056989,
              -9.8121194
            ],
            [
              -38.0056834,
              -9.812135
            ],
            [
              -38.0056119,
              -9.8122068
            ],
            [
              -38.0056043,
              -9.8122144
            ],
            [
              -38.0053909,
              -9.812382
            ],
            [
              -38.0053811,
              -9.8123894
            ],
            [
              -38.0053812,
              -9.8123992
            ],
            [
              -38.0053499,
              -9.8124698
            ],
            [
              -38.0053452,
              -9.8124794
            ],
            [
              -38.0053477,
              -9.8124891
            ],
            [
              -38.0053385,
              -9.8125536
            ],
            [
              -38.0053387,
              -9.8125679
            ],
            [
              -38.0053511,
              -9.8126314
            ],
            [
              -38.0053587,
              -9.8126988
            ],
            [
              -38.0053258,
              -9.8127553
            ],
            [
              -38.005111,
              -9.8129375
            ],
            [
              -38.0048086,
              -9.8130608
            ],
            [
              -38.0045069,
              -9.8131823
            ],
            [
              -38.004184,
              -9.8132674
            ],
            [
              -38.003899,
              -9.8133059
            ],
            [
              -38.0036871,
              -9.8132906
            ],
            [
              -38.0034024,
              -9.8132482
            ],
            [
              -38.003191,
              -9.813159
            ],
            [
              -38.0030762,
              -9.8130412
            ],
            [
              -38.0029487,
              -9.8130049
            ],
            [
              -38.0028005,
              -9.8129862
            ],
            [
              -38.0024943,
              -9.8129863
            ],
            [
              -38.0021915,
              -9.81299
            ],
            [
              -38.0019978,
              -9.813072
            ],
            [
              -38.0019649,
              -9.8131384
            ],
            [
              -38.0019566,
              -9.8132153
            ],
            [
              -38.0019978,
              -9.8132698
            ],
            [
              -38.001993,
              -9.8133383
            ],
            [
              -38.0019823,
              -9.8133527
            ],
            [
              -38.0019255,
              -9.8134276
            ],
            [
              -38.001879,
              -9.8135292
            ],
            [
              -38.0017606,
              -9.8135905
            ],
            [
              -38.0015832,
              -9.8135943
            ],
            [
              -38.0014199,
              -9.8135867
            ],
            [
              -38.0012828,
              -9.8136095
            ],
            [
              -38.0010541,
              -9.8136697
            ],
            [
              -38.0009558,
              -9.8137181
            ],
            [
              -38.000904,
              -9.8138026
            ],
            [
              -38.0009035,
              -9.8138135
            ],
            [
              -38.0008447,
              -9.813939
            ],
            [
              -38.0007913,
              -9.8140371
            ],
            [
              -38.000734,
              -9.8140991
            ],
            [
              -38.0007276,
              -9.8141093
            ],
            [
              -38.000629,
              -9.8141569
            ],
            [
              -38.0004894,
              -9.8141805
            ],
            [
              -38.0003928,
              -9.8142306
            ],
            [
              -38.0003088,
              -9.8142439
            ],
            [
              -38.0002001,
              -9.814224
            ],
            [
              -38.0000946,
              -9.8142207
            ],
            [
              -38.0000112,
              -9.8142406
            ],
            [
              -37.9999705,
              -9.8143261
            ],
            [
              -37.9999691,
              -9.8143542
            ],
            [
              -37.9999833,
              -9.8144422
            ],
            [
              -37.9999897,
              -9.8144818
            ],
            [
              -38.0000673,
              -9.8147038
            ],
            [
              -38.000151,
              -9.8148784
            ],
            [
              -38.000235,
              -9.8149799
            ],
            [
              -38.000535,
              -9.815144
            ],
            [
              -38.0007082,
              -9.8153051
            ],
            [
              -38.0007634,
              -9.8155194
            ],
            [
              -38.0007634,
              -9.8155472
            ],
            [
              -38.0007096,
              -9.815799
            ],
            [
              -38.0007043,
              -9.8158152
            ],
            [
              -38.0005529,
              -9.8161688
            ],
            [
              -38.0005531,
              -9.8161843
            ],
            [
              -38.0003611,
              -9.8167194
            ],
            [
              -38.000235,
              -9.8170507
            ],
            [
              -38.0001449,
              -9.8171814
            ],
            [
              -37.9999872,
              -9.8173436
            ],
            [
              -37.9998031,
              -9.8175241
            ],
            [
              -37.9997995,
              -9.8175341
            ],
            [
              -37.999688,
              -9.8176851
            ],
            [
              -37.9996788,
              -9.8176948
            ],
            [
              -37.9996035,
              -9.8178221
            ],
            [
              -37.9996032,
              -9.8178315
            ],
            [
              -37.9995478,
              -9.8180248
            ],
            [
              -37.9995134,
              -9.8181664
            ],
            [
              -37.9994882,
              -9.8182959
            ],
            [
              -37.9995089,
              -9.8183888
            ],
            [
              -37.9995134,
              -9.8183985
            ],
            [
              -37.9995587,
              -9.818523
            ],
            [
              -37.9996897,
              -9.8185937
            ],
            [
              -37.9999037,
              -9.8186635
            ],
            [
              -38.0001037,
              -9.8187508
            ],
            [
              -38.0002673,
              -9.8187871
            ],
            [
              -38.0003458,
              -9.8188591
            ],
            [
              -38.0003493,
              -9.8188725
            ],
            [
              -38.0003693,
              -9.8189961
            ],
            [
              -38.0003296,
              -9.8191256
            ],
            [
              -38.0003295,
              -9.8191299
            ],
            [
              -38.0002718,
              -9.819306
            ],
            [
              -38.0002375,
              -9.8194727
            ],
            [
              -38.0002372,
              -9.8194967
            ],
            [
              -38.000261,
              -9.8195876
            ],
            [
              -38.0002609,
              -9.8195954
            ],
            [
              -38.0002641,
              -9.8196227
            ],
            [
              -38.0004147,
              -9.8197875
            ],
            [
              -38.000527,
              -9.8199326
            ],
            [
              -38.0005368,
              -9.8199436
            ],
            [
              -38.000603,
              -9.8200267
            ],
            [
              -38.000646,
              -9.8200808
            ],
            [
              -38.0006874,
              -9.8201866
            ],
            [
              -38.0006904,
              -9.8203087
            ],
            [
              -38.0006285,
              -9.8204286
            ],
            [
              -38.0005153,
              -9.8205575
            ],
            [
              -38.0004154,
              -9.8206676
            ],
            [
              -38.0003811,
              -9.820779
            ],
            [
              -38.0003954,
              -9.8208731
            ],
            [
              -38.0004904,
              -9.8210161
            ],
            [
              -38.0005083,
              -9.8211232
            ],
            [
              -38.0005074,
              -9.8211373
            ],
            [
              -38.0004888,
              -9.8212383
            ],
            [
              -38.0004135,
              -9.8213438
            ],
            [
              -38.000352,
              -9.8214402
            ],
            [
              -38.0003317,
              -9.8214958
            ],
            [
              -38.0003312,
              -9.8215056
            ],
            [
              -38.0003965,
              -9.8215986
            ],
            [
              -38.0004023,
              -9.8215986
            ],
            [
              -38.0004643,
              -9.8217207
            ],
            [
              -38.0004688,
              -9.8217392
            ],
            [
              -38.0004838,
              -9.8218574
            ],
            [
              -38.0004836,
              -9.8218604
            ],
            [
              -38.0004725,
              -9.8219841
            ],
            [
              -38.0004718,
              -9.8219956
            ],
            [
              -38.0004669,
              -9.822144
            ],
            [
              -38.0004433,
              -9.8223287
            ],
            [
              -38.000442,
              -9.8223518
            ],
            [
              -38.0004413,
              -9.8223649
            ],
            [
              -38.0004426,
              -9.8224593
            ],
            [
              -38.0004452,
              -9.8224722
            ],
            [
              -38.0004423,
              -9.8225235
            ],
            [
              -38.0004418,
              -9.822533
            ],
            [
              -38.0003561,
              -9.8226246
            ],
            [
              -38.0003008,
              -9.8227116
            ],
            [
              -38.0003007,
              -9.8227147
            ],
            [
              -38.0001888,
              -9.8229013
            ],
            [
              -38.0000384,
              -9.8230976
            ],
            [
              -37.999908,
              -9.8232065
            ],
            [
              -37.9997947,
              -9.8232838
            ],
            [
              -37.9997461,
              -9.8233391
            ],
            [
              -37.9997169,
              -9.8234231
            ],
            [
              -37.9997546,
              -9.8235143
            ],
            [
              -37.9997448,
              -9.8237048
            ],
            [
              -37.9997023,
              -9.8238195
            ],
            [
              -37.9996004,
              -9.823959
            ],
            [
              -37.9993971,
              -9.8241475
            ],
            [
              -37.9993873,
              -9.824166
            ],
            [
              -37.9991707,
              -9.8243624
            ],
            [
              -37.9989654,
              -9.8245178
            ],
            [
              -37.998884,
              -9.8246418
            ],
            [
              -37.9988308,
              -9.8248078
            ],
            [
              -37.9987743,
              -9.8249468
            ],
            [
              -37.9986911,
              -9.8250726
            ],
            [
              -37.9984774,
              -9.8253609
            ],
            [
              -37.9983982,
              -9.8255354
            ],
            [
              -37.9983434,
              -9.8256986
            ],
            [
              -37.9983094,
              -9.8259879
            ],
            [
              -37.9983193,
              -9.8260869
            ],
            [
              -37.9983514,
              -9.8261673
            ],
            [
              -37.9984744,
              -9.8262303
            ],
            [
              -37.9986106,
              -9.8263075
            ],
            [
              -37.9988192,
              -9.8264655
            ],
            [
              -37.9989029,
              -9.8265487
            ],
            [
              -37.9989545,
              -9.8266615
            ],
            [
              -37.9989723,
              -9.826823
            ],
            [
              -37.9990076,
              -9.8270393
            ],
            [
              -37.999032,
              -9.8271979
            ],
            [
              -37.9990343,
              -9.8272096
            ],
            [
              -37.9990975,
              -9.8274277
            ],
            [
              -37.9991325,
              -9.8275499
            ],
            [
              -37.9992391,
              -9.8276371
            ],
            [
              -37.999364,
              -9.8276919
            ],
            [
              -37.9994903,
              -9.8277088
            ],
            [
              -37.999503,
              -9.8277117
            ],
            [
              -37.9996352,
              -9.8277425
            ],
            [
              -37.9998058,
              -9.827789
            ],
            [
              -37.9999538,
              -9.8277923
            ],
            [
              -38.0000979,
              -9.8277791
            ],
            [
              -38.0001897,
              -9.8277956
            ],
            [
              -38.0002579,
              -9.8278771
            ],
            [
              -38.0002638,
              -9.8278868
            ],
            [
              -38.0002862,
              -9.8279724
            ],
            [
              -38.0002719,
              -9.8280407
            ],
            [
              -38.0002668,
              -9.8280499
            ],
            [
              -38.0002407,
              -9.8281524
            ],
            [
              -38.0002411,
              -9.8281613
            ],
            [
              -38.0002424,
              -9.8282605
            ],
            [
              -38.0002456,
              -9.8282749
            ],
            [
              -38.00029,
              -9.8283372
            ],
            [
              -38.0003723,
              -9.8283929
            ],
            [
              -38.0004176,
              -9.8284746
            ],
            [
              -38.0004289,
              -9.8285569
            ],
            [
              -38.0004291,
              -9.8285752
            ],
            [
              -38.0003951,
              -9.8286472
            ],
            [
              -38.0003902,
              -9.8286549
            ],
            [
              -38.0003417,
              -9.8287938
            ],
            [
              -38.0003393,
              -9.8287962
            ],
            [
              -38.0003412,
              -9.8289514
            ],
            [
              -38.0003578,
              -9.8290497
            ],
            [
              -38.0003904,
              -9.8291499
            ],
            [
              -38.0003947,
              -9.8291658
            ],
            [
              -38.0005031,
              -9.8292676
            ],
            [
              -38.0006381,
              -9.8294575
            ],
            [
              -38.0007601,
              -9.8296827
            ],
            [
              -38.0007865,
              -9.8298703
            ],
            [
              -38.0007657,
              -9.8299713
            ],
            [
              -38.0006485,
              -9.8301824
            ],
            [
              -38.0004991,
              -9.8304109
            ],
            [
              -38.000497,
              -9.8304229
            ],
            [
              -38.0004213,
              -9.8306077
            ],
            [
              -38.00042,
              -9.8306277
            ],
            [
              -38.000322,
              -9.8308445
            ],
            [
              -38.0003174,
              -9.8308526
            ],
            [
              -38.0001436,
              -9.8312364
            ],
            [
              -38.0000207,
              -9.8315375
            ],
            [
              -37.9999271,
              -9.8317404
            ],
            [
              -37.9998863,
              -9.8318782
            ],
            [
              -37.9998885,
              -9.8318924
            ],
            [
              -37.9998908,
              -9.8319666
            ],
            [
              -37.9998929,
              -9.8319806
            ],
            [
              -37.9999507,
              -9.8321046
            ],
            [
              -38.0000364,
              -9.8322253
            ],
            [
              -38.0001044,
              -9.8322942
            ],
            [
              -38.0002074,
              -9.8323492
            ],
            [
              -38.0002969,
              -9.8324226
            ],
            [
              -38.0003853,
              -9.8325778
            ],
            [
              -38.0003919,
              -9.832587
            ],
            [
              -38.000452,
              -9.8326803
            ],
            [
              -38.0004582,
              -9.8326862
            ],
            [
              -38.0005204,
              -9.832757
            ],
            [
              -38.000527,
              -9.8327686
            ],
            [
              -38.0006036,
              -9.8328265
            ],
            [
              -38.0006788,
              -9.8328808
            ],
            [
              -38.0007134,
              -9.8329455
            ],
            [
              -38.0007418,
              -9.8330828
            ],
            [
              -38.0007423,
              -9.8330908
            ],
            [
              -38.0007931,
              -9.833376
            ],
            [
              -38.0008164,
              -9.8335168
            ],
            [
              -38.0008556,
              -9.8338685
            ],
            [
              -38.0008594,
              -9.8340775
            ],
            [
              -38.0008376,
              -9.8341853
            ],
            [
              -38.0007997,
              -9.834257
            ],
            [
              -38.0007678,
              -9.8342705
            ],
            [
              -38.0007006,
              -9.8341957
            ],
            [
              -38.0005818,
              -9.8340915
            ],
            [
              -38.0005725,
              -9.834088
            ],
            [
              -38.0004852,
              -9.8340598
            ],
            [
              -38.00046,
              -9.834116
            ],
            [
              -38.0004245,
              -9.8342468
            ],
            [
              -38.000451,
              -9.8344296
            ],
            [
              -38.0004645,
              -9.8344491
            ],
            [
              -38.0005213,
              -9.834627
            ],
            [
              -38.0006124,
              -9.8348215
            ],
            [
              -38.0006576,
              -9.8348987
            ],
            [
              -38.0007743,
              -9.8349985
            ],
            [
              -38.0009692,
              -9.8351195
            ],
            [
              -38.0011481,
              -9.8352823
            ],
            [
              -38.0012345,
              -9.8354072
            ],
            [
              -38.001243,
              -9.8355323
            ],
            [
              -38.0011854,
              -9.8356507
            ],
            [
              -38.0011963,
              -9.8357324
            ],
            [
              -38.0012683,
              -9.8357828
            ],
            [
              -38.0014187,
              -9.8358359
            ],
            [
              -38.0014274,
              -9.8358392
            ],
            [
              -38.0015698,
              -9.8359046
            ],
            [
              -38.0016749,
              -9.8359882
            ],
            [
              -38.0016831,
              -9.8360041
            ],
            [
              -38.0017152,
              -9.8360733
            ],
            [
              -38.001715,
              -9.8360796
            ],
            [
              -38.0017093,
              -9.8361599
            ],
            [
              -38.0016777,
              -9.8362687
            ],
            [
              -38.0016866,
              -9.8363585
            ],
            [
              -38.0017711,
              -9.836481
            ],
            [
              -38.0019313,
              -9.8367156
            ],
            [
              -38.0020725,
              -9.8368714
            ],
            [
              -38.0021864,
              -9.8370616
            ],
            [
              -38.0023563,
              -9.8373427
            ],
            [
              -38.002544,
              -9.8376033
            ],
            [
              -38.0027592,
              -9.8377953
            ],
            [
              -38.0029423,
              -9.8380078
            ],
            [
              -38.003065,
              -9.8382628
            ],
            [
              -38.0030746,
              -9.8384825
            ],
            [
              -38.0030694,
              -9.8388013
            ],
            [
              -38.0029995,
              -9.8391118
            ],
            [
              -38.002862,
              -9.8394004
            ],
            [
              -38.0027061,
              -9.8396278
            ],
            [
              -38.0026194,
              -9.8397971
            ],
            [
              -38.0026252,
              -9.8399041
            ],
            [
              -38.0026239,
              -9.8399241
            ],
            [
              -38.002665,
              -9.8401544
            ],
            [
              -38.0025851,
              -9.8403418
            ],
            [
              -38.0025012,
              -9.8407137
            ],
            [
              -38.0025001,
              -9.8407323
            ],
            [
              -38.0023968,
              -9.8409589
            ],
            [
              -38.0021582,
              -9.8412106
            ],
            [
              -38.0021515,
              -9.8412284
            ],
            [
              -38.0017731,
              -9.8414566
            ],
            [
              -38.0015205,
              -9.8415936
            ],
            [
              -38.0013724,
              -9.8417324
            ],
            [
              -38.0012722,
              -9.841881
            ],
            [
              -38.0012822,
              -9.8419983
            ],
            [
              -38.0012814,
              -9.8420157
            ],
            [
              -38.001326,
              -9.8421485
            ],
            [
              -38.0013249,
              -9.8421714
            ],
            [
              -38.0014625,
              -9.8423358
            ],
            [
              -38.0014716,
              -9.8423526
            ],
            [
              -38.0015177,
              -9.8425027
            ],
            [
              -38.0015015,
              -9.842607
            ],
            [
              -38.0014286,
              -9.8427584
            ],
            [
              -38.0014274,
              -9.8427798
            ],
            [
              -38.0012481,
              -9.8429441
            ],
            [
              -38.001026,
              -9.8431825
            ],
            [
              -38.0008638,
              -9.8433396
            ],
            [
              -38.0007661,
              -9.8434692
            ],
            [
              -38.0007423,
              -9.843484
            ],
            [
              -38.0005856,
              -9.8436066
            ],
            [
              -38.0003986,
              -9.8437419
            ],
            [
              -38.0002416,
              -9.843823
            ],
            [
              -38.0000807,
              -9.8438608
            ],
            [
              -37.9999186,
              -9.8438324
            ],
            [
              -37.9997132,
              -9.8437753
            ],
            [
              -37.9995135,
              -9.8437658
            ],
            [
              -37.9993922,
              -9.8437907
            ],
            [
              -37.9990861,
              -9.8439471
            ],
            [
              -37.9989483,
              -9.8439873
            ],
            [
              -37.9988167,
              -9.8439586
            ],
            [
              -37.9986796,
              -9.8439529
            ],
            [
              -37.998573,
              -9.8439701
            ],
            [
              -37.9984577,
              -9.8441179
            ],
            [
              -37.9984528,
              -9.8441292
            ],
            [
              -37.9983491,
              -9.8442524
            ],
            [
              -37.9982595,
              -9.844269
            ],
            [
              -37.998134,
              -9.8442468
            ],
            [
              -37.997919,
              -9.8441179
            ],
            [
              -37.9976753,
              -9.8439815
            ],
            [
              -37.9974797,
              -9.8439356
            ],
            [
              -37.997267,
              -9.8439471
            ],
            [
              -37.9969177,
              -9.8440158
            ],
            [
              -37.9965892,
              -9.8441123
            ],
            [
              -37.9963436,
              -9.8442021
            ],
            [
              -37.9961896,
              -9.8443243
            ],
            [
              -37.9961853,
              -9.8443298
            ],
            [
              -37.9961117,
              -9.8445153
            ],
            [
              -37.9961155,
              -9.8445423
            ],
            [
              -37.9962023,
              -9.8449219
            ],
            [
              -37.9962051,
              -9.8449425
            ],
            [
              -37.9961647,
              -9.8451065
            ],
            [
              -37.9961577,
              -9.8451325
            ],
            [
              -37.996075,
              -9.8453372
            ],
            [
              -37.9958904,
              -9.8454709
            ],
            [
              -37.9955719,
              -9.8455945
            ],
            [
              -37.9954413,
              -9.8457242
            ],
            [
              -37.9953866,
              -9.845852
            ],
            [
              -37.9953949,
              -9.8458837
            ],
            [
              -37.9954435,
              -9.8460633
            ],
            [
              -37.9954442,
              -9.8460787
            ],
            [
              -37.9957098,
              -9.8463143
            ],
            [
              -37.9957236,
              -9.8463367
            ],
            [
              -37.9959151,
              -9.84647
            ],
            [
              -37.9960664,
              -9.8467655
            ],
            [
              -37.9961057,
              -9.8469611
            ],
            [
              -37.9962059,
              -9.8470502
            ],
            [
              -37.9963298,
              -9.8471384
            ],
            [
              -37.9964328,
              -9.8472918
            ],
            [
              -37.996492,
              -9.8476171
            ],
            [
              -37.9964944,
              -9.8478233
            ],
            [
              -37.9965256,
              -9.8479793
            ],
            [
              -37.9965342,
              -9.8479884
            ],
            [
              -37.9967223,
              -9.8482922
            ],
            [
              -37.9969638,
              -9.8487705
            ],
            [
              -37.9970846,
              -9.8491678
            ],
            [
              -37.9970867,
              -9.8491836
            ],
            [
              -37.9971327,
              -9.8495846
            ],
            [
              -37.9972731,
              -9.8500734
            ],
            [
              -37.9975192,
              -9.8505599
            ],
            [
              -37.9977352,
              -9.8508334
            ],
            [
              -37.9979382,
              -9.8509647
            ],
            [
              -37.9981805,
              -9.8510425
            ],
            [
              -37.9985562,
              -9.8510855
            ],
            [
              -37.998917,
              -9.8511367
            ],
            [
              -37.9992339,
              -9.8512886
            ],
            [
              -37.9994841,
              -9.851446
            ],
            [
              -37.9997627,
              -9.8515763
            ],
            [
              -38.0000989,
              -9.8517759
            ],
            [
              -38.0002483,
              -9.8519708
            ],
            [
              -38.0004008,
              -9.8523397
            ],
            [
              -38.0004518,
              -9.8526215
            ],
            [
              -38.0004518,
              -9.8526357
            ],
            [
              -38.000457,
              -9.8529686
            ],
            [
              -38.0004502,
              -9.8531761
            ],
            [
              -38.0004563,
              -9.8531893
            ],
            [
              -38.0006056,
              -9.8534802
            ],
            [
              -38.0009287,
              -9.8540119
            ],
            [
              -38.0009341,
              -9.8540237
            ],
            [
              -38.001073,
              -9.8542665
            ],
            [
              -38.0014246,
              -9.8548774
            ],
            [
              -38.0015896,
              -9.8552471
            ],
            [
              -38.0018013,
              -9.8554867
            ],
            [
              -38.0019709,
              -9.8556622
            ],
            [
              -38.002038,
              -9.8558364
            ],
            [
              -38.0020851,
              -9.8560743
            ],
            [
              -38.0020977,
              -9.8564254
            ],
            [
              -38.0020698,
              -9.8566931
            ],
            [
              -38.0020414,
              -9.8568393
            ],
            [
              -38.0021079,
              -9.8569539
            ],
            [
              -38.002262,
              -9.8570742
            ],
            [
              -38.0024179,
              -9.8571511
            ],
            [
              -38.0024894,
              -9.8571482
            ],
            [
              -38.0025314,
              -9.8571492
            ],
            [
              -38.0026093,
              -9.857097
            ],
            [
              -38.002696,
              -9.8570364
            ],
            [
              -38.0027765,
              -9.8569942
            ],
            [
              -38.0027909,
              -9.856992
            ],
            [
              -38.0029258,
              -9.8569955
            ],
            [
              -38.0029925,
              -9.856991
            ],
            [
              -38.00312,
              -9.8569346
            ],
            [
              -38.0031246,
              -9.8569302
            ],
            [
              -38.003397,
              -9.856858
            ],
            [
              -38.0034111,
              -9.856856
            ],
            [
              -38.0036944,
              -9.8568018
            ],
            [
              -38.0038966,
              -9.8567868
            ],
            [
              -38.004042,
              -9.8567264
            ],
            [
              -38.0041521,
              -9.8567374
            ],
            [
              -38.0042841,
              -9.8567895
            ],
            [
              -38.0042925,
              -9.8567946
            ],
            [
              -38.0044006,
              -9.8567846
            ],
            [
              -38.0044115,
              -9.856783
            ],
            [
              -38.0045689,
              -9.8567405
            ],
            [
              -38.0045828,
              -9.8567384
            ],
            [
              -38.0046928,
              -9.8567037
            ],
            [
              -38.0047029,
              -9.8567023
            ],
            [
              -38.0048096,
              -9.8567434
            ],
            [
              -38.004937,
              -9.8568385
            ],
            [
              -38.0050965,
              -9.8568706
            ],
            [
              -38.0053363,
              -9.8568837
            ],
            [
              -38.0056662,
              -9.8569247
            ],
            [
              -38.0061192,
              -9.8569713
            ],
            [
              -38.0061356,
              -9.8569739
            ],
            [
              -38.0063375,
              -9.8569671
            ],
            [
              -38.0063484,
              -9.856959
            ],
            [
              -38.0063627,
              -9.8569531
            ],
            [
              -38.0064349,
              -9.8568955
            ],
            [
              -38.0064603,
              -9.8568256
            ],
            [
              -38.0064471,
              -9.8567297
            ],
            [
              -38.0064808,
              -9.8565984
            ],
            [
              -38.006558,
              -9.856504
            ],
            [
              -38.0066942,
              -9.8564466
            ],
            [
              -38.006786,
              -9.8564233
            ],
            [
              -38.0068306,
              -9.8563875
            ],
            [
              -38.0069049,
              -9.8563095
            ],
            [
              -38.0069132,
              -9.8563046
            ],
            [
              -38.0070486,
              -9.8562481
            ],
            [
              -38.0072316,
              -9.8561877
            ],
            [
              -38.0072393,
              -9.8561854
            ],
            [
              -38.0074392,
              -9.8561139
            ],
            [
              -38.0074482,
              -9.8561069
            ],
            [
              -38.0076007,
              -9.8560522
            ],
            [
              -38.0076072,
              -9.8560482
            ],
            [
              -38.0077107,
              -9.8559622
            ],
            [
              -38.0078322,
              -9.8558514
            ],
            [
              -38.0079148,
              -9.855776
            ],
            [
              -38.0079693,
              -9.8557386
            ],
            [
              -38.0080886,
              -9.8556914
            ],
            [
              -38.0081446,
              -9.8556318
            ],
            [
              -38.0081793,
              -9.8555622
            ],
            [
              -38.0081859,
              -9.8554964
            ],
            [
              -38.008169,
              -9.8554422
            ],
            [
              -38.0081775,
              -9.8553226
            ],
            [
              -38.008236,
              -9.8552112
            ],
            [
              -38.0083428,
              -9.8550558
            ],
            [
              -38.008351,
              -9.8550517
            ],
            [
              -38.0084651,
              -9.8549874
            ],
            [
              -38.0086175,
              -9.8548854
            ],
            [
              -38.008625,
              -9.8548817
            ],
            [
              -38.0087886,
              -9.8547621
            ],
            [
              -38.0089651,
              -9.854658
            ],
            [
              -38.008972,
              -9.8546568
            ],
            [
              -38.0091455,
              -9.8546044
            ],
            [
              -38.0093004,
              -9.8546175
            ],
            [
              -38.0093105,
              -9.8546157
            ],
            [
              -38.00943,
              -9.8546315
            ],
            [
              -38.0095275,
              -9.8546421
            ],
            [
              -38.0096558,
              -9.8546364
            ],
            [
              -38.0097429,
              -9.8545984
            ],
            [
              -38.0097939,
              -9.854527
            ],
            [
              -38.009854,
              -9.8543715
            ],
            [
              -38.0098853,
              -9.8542594
            ],
            [
              -38.0099113,
              -9.8541843
            ],
            [
              -38.0100093,
              -9.8540748
            ],
            [
              -38.0100479,
              -9.8540297
            ],
            [
              -38.0101267,
              -9.8540144
            ],
            [
              -38.0102517,
              -9.8540524
            ],
            [
              -38.0104107,
              -9.8540615
            ],
            [
              -38.0106088,
              -9.8540696
            ],
            [
              -38.010779,
              -9.8540783
            ],
            [
              -38.0107913,
              -9.8540847
            ],
            [
              -38.0109136,
              -9.8541314
            ],
            [
              -38.0110323,
              -9.8542268
            ],
            [
              -38.011131,
              -9.8543337
            ],
            [
              -38.0112512,
              -9.8544251
            ],
            [
              -38.0113838,
              -9.8545022
            ],
            [
              -38.0115684,
              -9.8545978
            ],
            [
              -38.011676,
              -9.8546302
            ],
            [
              -38.0119142,
              -9.8546523
            ],
            [
              -38.0120219,
              -9.8546462
            ],
            [
              -38.0122739,
              -9.8545785
            ],
            [
              -38.0124109,
              -9.8544907
            ],
            [
              -38.0124125,
              -9.8544089
            ],
            [
              -38.0123883,
              -9.8543136
            ],
            [
              -38.0124052,
              -9.854263
            ],
            [
              -38.0124539,
              -9.854255
            ],
            [
              -38.01252,
              -9.8542699
            ],
            [
              -38.0126213,
              -9.8543437
            ],
            [
              -38.0126252,
              -9.8543536
            ],
            [
              -38.0126905,
              -9.8544927
            ],
            [
              -38.0127078,
              -9.854605
            ],
            [
              -38.0126925,
              -9.8547635
            ],
            [
              -38.0127096,
              -9.8549146
            ],
            [
              -38.0127476,
              -9.855032
            ],
            [
              -38.0128214,
              -9.8551058
            ],
            [
              -38.0129413,
              -9.8551954
            ],
            [
              -38.0130416,
              -9.855292
            ],
            [
              -38.0131478,
              -9.8555339
            ],
            [
              -38.0132452,
              -9.8558387
            ],
            [
              -38.0133384,
              -9.8561161
            ],
            [
              -38.0133411,
              -9.856149
            ],
            [
              -38.0134554,
              -9.8564753
            ],
            [
              -38.0135111,
              -9.8565777
            ],
            [
              -38.013602,
              -9.856726
            ],
            [
              -38.0136092,
              -9.8567379
            ],
            [
              -38.0137114,
              -9.8567952
            ],
            [
              -38.0137884,
              -9.8568447
            ],
            [
              -38.013885,
              -9.8569479
            ],
            [
              -38.0139412,
              -9.8571305
            ],
            [
              -38.0139796,
              -9.8572678
            ],
            [
              -38.0139714,
              -9.8573562
            ],
            [
              -38.0139135,
              -9.8574231
            ],
            [
              -38.0138365,
              -9.8574863
            ],
            [
              -38.0136745,
              -9.85759
            ],
            [
              -38.0135269,
              -9.8577096
            ],
            [
              -38.0134081,
              -9.8577479
            ],
            [
              -38.0132586,
              -9.8577694
            ],
            [
              -38.0130195,
              -9.8578192
            ],
            [
              -38.0129215,
              -9.8578047
            ],
            [
              -38.012827,
              -9.8578546
            ],
            [
              -38.0127282,
              -9.8579421
            ],
            [
              -38.0126628,
              -9.8580438
            ],
            [
              -38.0125821,
              -9.8581034
            ],
            [
              -38.0125071,
              -9.8581055
            ],
            [
              -38.0124605,
              -9.8581189
            ],
            [
              -38.012385,
              -9.8582016
            ],
            [
              -38.0123743,
              -9.8582098
            ],
            [
              -38.0122967,
              -9.8583804
            ],
            [
              -38.0122047,
              -9.8585417
            ],
            [
              -38.0122049,
              -9.8585528
            ],
            [
              -38.0121056,
              -9.8586907
            ],
            [
              -38.0120138,
              -9.8587611
            ],
            [
              -38.0118279,
              -9.8587769
            ],
            [
              -38.0116164,
              -9.8587789
            ],
            [
              -38.0113879,
              -9.8587656
            ],
            [
              -38.0112523,
              -9.8587151
            ],
            [
              -38.0110035,
              -9.8585762
            ],
            [
              -38.0108623,
              -9.8585392
            ],
            [
              -38.010695,
              -9.8585233
            ],
            [
              -38.010557,
              -9.8585681
            ],
            [
              -38.010443,
              -9.8586525
            ],
            [
              -38.0103893,
              -9.8587587
            ],
            [
              -38.0103832,
              -9.8588712
            ],
            [
              -38.010404,
              -9.8589901
            ],
            [
              -38.0104954,
              -9.8591411
            ],
            [
              -38.0105456,
              -9.8593199
            ],
            [
              -38.0105566,
              -9.8596117
            ],
            [
              -38.01054,
              -9.859768
            ],
            [
              -38.0104983,
              -9.8598453
            ],
            [
              -38.010423,
              -9.8598948
            ],
            [
              -38.0103997,
              -9.8599928
            ],
            [
              -38.0104282,
              -9.8600949
            ],
            [
              -38.0104358,
              -9.8601916
            ],
            [
              -38.0104199,
              -9.8602798
            ],
            [
              -38.0104194,
              -9.8602979
            ],
            [
              -38.0103372,
              -9.8603894
            ],
            [
              -38.0103338,
              -9.8603965
            ],
            [
              -38.0102203,
              -9.8605111
            ],
            [
              -38.0101499,
              -9.8606201
            ],
            [
              -38.0100885,
              -9.8607149
            ],
            [
              -38.0100783,
              -9.8607322
            ],
            [
              -38.0100477,
              -9.8608139
            ],
            [
              -38.0099997,
              -9.8608748
            ],
            [
              -38.0098693,
              -9.8609631
            ],
            [
              -38.0098067,
              -9.8610637
            ],
            [
              -38.0098029,
              -9.8610795
            ],
            [
              -38.0097754,
              -9.8612463
            ],
            [
              -38.0097481,
              -9.8613776
            ],
            [
              -38.0097449,
              -9.8613865
            ],
            [
              -38.0097051,
              -9.8614769
            ],
            [
              -38.0096115,
              -9.8615724
            ],
            [
              -38.0094599,
              -9.8617079
            ],
            [
              -38.0093157,
              -9.861844
            ],
            [
              -38.0092355,
              -9.8619234
            ],
            [
              -38.0092355,
              -9.8619285
            ],
            [
              -38.0092168,
              -9.8619974
            ],
            [
              -38.0091669,
              -9.8620455
            ],
            [
              -38.009117,
              -9.8620667
            ],
            [
              -38.0090578,
              -9.8620683
            ],
            [
              -38.0089731,
              -9.8620706
            ],
            [
              -38.0088884,
              -9.862073
            ],
            [
              -38.0088204,
              -9.8620814
            ],
            [
              -38.0087426,
              -9.8621196
            ],
            [
              -38.0086828,
              -9.8622149
            ],
            [
              -38.0086304,
              -9.8623731
            ],
            [
              -38.0085833,
              -9.8625016
            ],
            [
              -38.0085831,
              -9.8625075
            ],
            [
              -38.0085753,
              -9.862599
            ],
            [
              -38.0085769,
              -9.8627307
            ],
            [
              -38.0085672,
              -9.8628035
            ],
            [
              -38.0085616,
              -9.8628202
            ],
            [
              -38.0085144,
              -9.8628571
            ],
            [
              -38.0084344,
              -9.8629027
            ],
            [
              -38.0083883,
              -9.8629496
            ],
            [
              -38.0083629,
              -9.8630085
            ],
            [
              -38.0083504,
              -9.863092
            ],
            [
              -38.0083411,
              -9.8634026
            ],
            [
              -38.0083129,
              -9.8635353
            ],
            [
              -38.0082813,
              -9.8637287
            ],
            [
              -38.0082415,
              -9.8639392
            ],
            [
              -38.0082221,
              -9.864094
            ],
            [
              -38.0082211,
              -9.8641122
            ],
            [
              -38.0082084,
              -9.8642981
            ],
            [
              -38.0082075,
              -9.8643154
            ],
            [
              -38.008207,
              -9.864324
            ],
            [
              -38.008172,
              -9.8644985
            ],
            [
              -38.0081715,
              -9.8645067
            ],
            [
              -38.0081337,
              -9.8646056
            ],
            [
              -38.0080826,
              -9.864704
            ],
            [
              -38.0079974,
              -9.8647927
            ],
            [
              -38.0078971,
              -9.8649815
            ],
            [
              -38.0077979,
              -9.8651877
            ],
            [
              -38.0077876,
              -9.8653449
            ],
            [
              -38.0078036,
              -9.8655101
            ],
            [
              -38.0078232,
              -9.8656657
            ],
            [
              -38.0078021,
              -9.8658155
            ],
            [
              -38.0077811,
              -9.8659849
            ],
            [
              -38.0076952,
              -9.866206
            ],
            [
              -38.0076502,
              -9.866428
            ],
            [
              -38.0076304,
              -9.8665454
            ],
            [
              -38.0076304,
              -9.8665555
            ],
            [
              -38.00766,
              -9.8667055
            ],
            [
              -38.0076453,
              -9.8668305
            ],
            [
              -38.0075622,
              -9.8669021
            ],
            [
              -38.0074598,
              -9.8669543
            ],
            [
              -38.0073333,
              -9.8669922
            ],
            [
              -38.007276,
              -9.8670868
            ],
            [
              -38.0072395,
              -9.8672577
            ],
            [
              -38.0072128,
              -9.867412
            ],
            [
              -38.0072827,
              -9.867552
            ],
            [
              -38.0072914,
              -9.8676867
            ],
            [
              -38.0072187,
              -9.8677971
            ],
            [
              -38.007185,
              -9.8679466
            ],
            [
              -38.0071301,
              -9.8681617
            ],
            [
              -38.0071519,
              -9.8683205
            ],
            [
              -38.0072369,
              -9.8683941
            ],
            [
              -38.007259,
              -9.8684941
            ],
            [
              -38.007183,
              -9.8687177
            ],
            [
              -38.0071032,
              -9.8688426
            ],
            [
              -38.0069727,
              -9.8689318
            ],
            [
              -38.0067788,
              -9.8689641
            ],
            [
              -38.0066358,
              -9.8690426
            ],
            [
              -38.006578,
              -9.8692069
            ],
            [
              -38.0064723,
              -9.8692485
            ],
            [
              -38.0063784,
              -9.8691993
            ],
            [
              -38.0063532,
              -9.8691361
            ],
            [
              -38.0062832,
              -9.8691249
            ],
            [
              -38.0061744,
              -9.8691657
            ],
            [
              -38.0059908,
              -9.8691239
            ],
            [
              -38.0059734,
              -9.8691244
            ],
            [
              -38.0057996,
              -9.8691601
            ],
            [
              -38.0056108,
              -9.8692576
            ],
            [
              -38.0054679,
              -9.8693876
            ],
            [
              -38.0053721,
              -9.8695746
            ],
            [
              -38.0053265,
              -9.8696581
            ],
            [
              -38.0052408,
              -9.8697374
            ],
            [
              -38.0051187,
              -9.8698363
            ],
            [
              -38.0049378,
              -9.8699736
            ],
            [
              -38.0046942,
              -9.8701992
            ],
            [
              -38.0045052,
              -9.8703237
            ],
            [
              -38.0043673,
              -9.8703866
            ],
            [
              -38.0042784,
              -9.870466
            ],
            [
              -38.0042651,
              -9.8704844
            ],
            [
              -38.004225,
              -9.8705975
            ],
            [
              -38.0042026,
              -9.8707706
            ],
            [
              -38.004159,
              -9.8709719
            ],
            [
              -38.0041546,
              -9.8709978
            ],
            [
              -38.0041546,
              -9.8710107
            ],
            [
              -38.0040948,
              -9.8711744
            ],
            [
              -38.0040145,
              -9.8713279
            ],
            [
              -38.0039611,
              -9.871532
            ],
            [
              -38.0039612,
              -9.8715443
            ],
            [
              -38.0038975,
              -9.8717672
            ],
            [
              -38.0038558,
              -9.8718842
            ],
            [
              -38.0037449,
              -9.8719572
            ],
            [
              -38.0036312,
              -9.8721285
            ],
            [
              -38.0036267,
              -9.8721384
            ],
            [
              -38.0034783,
              -9.872313
            ],
            [
              -38.0034122,
              -9.8724208
            ],
            [
              -38.0033647,
              -9.872527
            ],
            [
              -38.0034036,
              -9.8728537
            ],
            [
              -38.0034567,
              -9.8730535
            ],
            [
              -38.0034368,
              -9.8731579
            ],
            [
              -38.003433,
              -9.8731849
            ],
            [
              -38.0033427,
              -9.8732634
            ],
            [
              -38.0032179,
              -9.8733334
            ],
            [
              -38.0030376,
              -9.8734134
            ],
            [
              -38.0029109,
              -9.8734652
            ],
            [
              -38.0026575,
              -9.8735659
            ],
            [
              -38.0024831,
              -9.8735872
            ],
            [
              -38.002355,
              -9.8735963
            ],
            [
              -38.0021913,
              -9.873661
            ],
            [
              -38.0020598,
              -9.8738598
            ],
            [
              -38.001778,
              -9.8742861
            ],
            [
              -38.0015624,
              -9.8746472
            ],
            [
              -38.0014722,
              -9.8749421
            ],
            [
              -38.0013161,
              -9.8752178
            ],
            [
              -38.0012004,
              -9.8754901
            ],
            [
              -38.0011971,
              -9.875507
            ],
            [
              -38.0010286,
              -9.8757551
            ],
            [
              -38.0010161,
              -9.8757684
            ],
            [
              -38.0008612,
              -9.8759358
            ],
            [
              -38.0007259,
              -9.876012
            ],
            [
              -38.0005407,
              -9.8760453
            ],
            [
              -38.0003868,
              -9.8760683
            ],
            [
              -38.0001546,
              -9.8761346
            ],
            [
              -37.9999839,
              -9.8761519
            ],
            [
              -37.9998339,
              -9.8761762
            ],
            [
              -37.9997383,
              -9.8762087
            ],
            [
              -37.9996765,
              -9.8762622
            ],
            [
              -37.999674,
              -9.876277
            ],
            [
              -37.9995839,
              -9.8763855
            ],
            [
              -37.9994808,
              -9.8764614
            ],
            [
              -37.99947,
              -9.8764663
            ],
            [
              -37.999364,
              -9.8765087
            ],
            [
              -37.9992628,
              -9.8765322
            ],
            [
              -37.9991534,
              -9.8765536
            ],
            [
              -37.999059,
              -9.8765653
            ],
            [
              -37.9989962,
              -9.8765943
            ],
            [
              -37.9989504,
              -9.8766451
            ],
            [
              -37.9988389,
              -9.8768023
            ],
            [
              -37.9987556,
              -9.8769205
            ],
            [
              -37.9987526,
              -9.8769236
            ],
            [
              -37.998686,
              -9.8769984
            ],
            [
              -37.9986815,
              -9.8770015
            ],
            [
              -37.9986052,
              -9.8770517
            ],
            [
              -37.9986022,
              -9.8770518
            ],
            [
              -37.9985025,
              -9.8770829
            ],
            [
              -37.9984167,
              -9.8770849
            ],
            [
              -37.9983466,
              -9.8770901
            ],
            [
              -37.9982284,
              -9.8770918
            ],
            [
              -37.9981382,
              -9.8770732
            ],
            [
              -37.9980695,
              -9.8770441
            ],
            [
              -37.9980366,
              -9.8770254
            ],
            [
              -37.9979896,
              -9.8770234
            ],
            [
              -37.9979429,
              -9.8770444
            ],
            [
              -37.9978935,
              -9.8770881
            ],
            [
              -37.9978347,
              -9.8771784
            ],
            [
              -37.9978011,
              -9.8772588
            ],
            [
              -37.9977997,
              -9.8772667
            ],
            [
              -37.9977866,
              -9.8773516
            ],
            [
              -37.9977867,
              -9.8773562
            ],
            [
              -37.997787,
              -9.8773655
            ],
            [
              -37.9977855,
              -9.8774241
            ],
            [
              -37.997761,
              -9.8774707
            ],
            [
              -37.9977056,
              -9.8774844
            ],
            [
              -37.9976487,
              -9.8774935
            ],
            [
              -37.997597,
              -9.8774843
            ],
            [
              -37.9975415,
              -9.8774584
            ],
            [
              -37.9975005,
              -9.8774259
            ],
            [
              -37.9974601,
              -9.8774361
            ],
            [
              -37.9974253,
              -9.8774557
            ],
            [
              -37.9973854,
              -9.8774637
            ],
            [
              -37.9973569,
              -9.8774575
            ],
            [
              -37.9973346,
              -9.8774233
            ],
            [
              -37.9973,
              -9.8773684
            ],
            [
              -37.997276,
              -9.8773551
            ],
            [
              -37.9972238,
              -9.8773473
            ],
            [
              -37.9971678,
              -9.8773674
            ],
            [
              -37.9971231,
              -9.877457
            ],
            [
              -37.9970402,
              -9.8776128
            ],
            [
              -37.997031,
              -9.8776247
            ],
            [
              -37.9969734,
              -9.8777566
            ],
            [
              -37.9969001,
              -9.8778354
            ],
            [
              -37.9968431,
              -9.8779067
            ],
            [
              -37.996834,
              -9.8779186
            ],
            [
              -37.996765,
              -9.8779833
            ],
            [
              -37.9967629,
              -9.8779903
            ],
            [
              -37.9966971,
              -9.8780015
            ],
            [
              -37.9966304,
              -9.87798
            ],
            [
              -37.9965459,
              -9.8779149
            ],
            [
              -37.9964929,
              -9.8778792
            ],
            [
              -37.9964005,
              -9.8778678
            ],
            [
              -37.9962834,
              -9.8778989
            ],
            [
              -37.9962197,
              -9.8779511
            ],
            [
              -37.9961384,
              -9.8779999
            ],
            [
              -37.9960165,
              -9.8781126
            ],
            [
              -37.995931,
              -9.8781778
            ],
            [
              -37.9958173,
              -9.8782484
            ],
            [
              -37.9955977,
              -9.8783289
            ],
            [
              -37.9954873,
              -9.8783505
            ],
            [
              -37.995319,
              -9.878411
            ],
            [
              -37.9952396,
              -9.8784388
            ],
            [
              -37.9951654,
              -9.8784874
            ],
            [
              -37.9950829,
              -9.8785757
            ],
            [
              -37.9950239,
              -9.8786899
            ],
            [
              -37.9949859,
              -9.8787677
            ],
            [
              -37.9949658,
              -9.8788915
            ],
            [
              -37.9949615,
              -9.8789033
            ],
            [
              -37.994944,
              -9.8790363
            ],
            [
              -37.994935,
              -9.8791343
            ],
            [
              -37.9949353,
              -9.8791459
            ],
            [
              -37.9949494,
              -9.8792246
            ],
            [
              -37.9949519,
              -9.8792315
            ],
            [
              -37.9949568,
              -9.8792383
            ],
            [
              -37.9949987,
              -9.8793
            ],
            [
              -37.99506,
              -9.8793797
            ],
            [
              -37.9950624,
              -9.8793819
            ],
            [
              -37.995093,
              -9.8794602
            ],
            [
              -37.9951161,
              -9.8795247
            ],
            [
              -37.9951049,
              -9.8796296
            ],
            [
              -37.9950983,
              -9.8797298
            ],
            [
              -37.9950987,
              -9.8797438
            ],
            [
              -37.9951198,
              -9.87982
            ],
            [
              -37.9951247,
              -9.8798268
            ],
            [
              -37.9951172,
              -9.8798968
            ],
            [
              -37.9950508,
              -9.8799684
            ],
            [
              -37.9950415,
              -9.8799733
            ],
            [
              -37.9948998,
              -9.880054
            ],
            [
              -37.9948976,
              -9.880061
            ],
            [
              -37.9947923,
              -9.8800941
            ],
            [
              -37.994645,
              -9.8801447
            ],
            [
              -37.994638,
              -9.8801472
            ],
            [
              -37.99458,
              -9.8801837
            ],
            [
              -37.9945401,
              -9.8802655
            ],
            [
              -37.9944768,
              -9.880365
            ],
            [
              -37.9944129,
              -9.8804412
            ],
            [
              -37.9943157,
              -9.880509
            ],
            [
              -37.9942434,
              -9.8805412
            ],
            [
              -37.9941775,
              -9.8805477
            ],
            [
              -37.9941472,
              -9.8805602
            ],
            [
              -37.9941364,
              -9.8805977
            ],
            [
              -37.9940994,
              -9.8807057
            ],
            [
              -37.9940995,
              -9.8807104
            ],
            [
              -37.9940877,
              -9.8808758
            ],
            [
              -37.9940992,
              -9.8809476
            ],
            [
              -37.9940996,
              -9.8809639
            ],
            [
              -37.994161,
              -9.8810459
            ],
            [
              -37.9941683,
              -9.8810527
            ],
            [
              -37.9942681,
              -9.8811592
            ],
            [
              -37.9942731,
              -9.8811684
            ],
            [
              -37.9943754,
              -9.8812818
            ],
            [
              -37.9944535,
              -9.8814541
            ],
            [
              -37.9944538,
              -9.8814634
            ],
            [
              -37.9944684,
              -9.881563
            ],
            [
              -37.9944686,
              -9.88157
            ],
            [
              -37.9944472,
              -9.881705
            ],
            [
              -37.9944104,
              -9.8818223
            ],
            [
              -37.9943509,
              -9.8819728
            ],
            [
              -37.994349,
              -9.8819869
            ],
            [
              -37.9943354,
              -9.8820896
            ],
            [
              -37.9943387,
              -9.8822058
            ],
            [
              -37.9943437,
              -9.8822173
            ],
            [
              -37.9943883,
              -9.8822905
            ],
            [
              -37.9945187,
              -9.8823938
            ],
            [
              -37.9945823,
              -9.8824688
            ],
            [
              -37.994614,
              -9.8825889
            ],
            [
              -37.9945931,
              -9.8827663
            ],
            [
              -37.9945992,
              -9.8829824
            ],
            [
              -37.9946041,
              -9.8829869
            ],
            [
              -37.9945887,
              -9.8831943
            ],
            [
              -37.994612,
              -9.8833472
            ],
            [
              -37.9946144,
              -9.8833495
            ],
            [
              -37.9946646,
              -9.8834527
            ],
            [
              -37.9946694,
              -9.8834573
            ],
            [
              -37.9947304,
              -9.8835893
            ],
            [
              -37.9947312,
              -9.8836879
            ],
            [
              -37.9947113,
              -9.8838132
            ],
            [
              -37.9947104,
              -9.8838244
            ],
            [
              -37.9946499,
              -9.8839429
            ],
            [
              -37.9945514,
              -9.8840905
            ],
            [
              -37.994462,
              -9.8842891
            ],
            [
              -37.9944613,
              -9.8843023
            ],
            [
              -37.99441,
              -9.8845381
            ],
            [
              -37.9944094,
              -9.8845503
            ],
            [
              -37.9944083,
              -9.8846767
            ],
            [
              -37.9944105,
              -9.8846857
            ],
            [
              -37.9944417,
              -9.8849238
            ],
            [
              -37.9944411,
              -9.8849348
            ],
            [
              -37.9944351,
              -9.8851207
            ],
            [
              -37.9944315,
              -9.8851411
            ],
            [
              -37.9943729,
              -9.8852686
            ],
            [
              -37.9943701,
              -9.8852758
            ],
            [
              -37.9942815,
              -9.8854151
            ],
            [
              -37.9941492,
              -9.8855576
            ],
            [
              -37.9940188,
              -9.8856533
            ],
            [
              -37.9939033,
              -9.8857287
            ],
            [
              -37.993822,
              -9.8857863
            ],
            [
              -37.9938225,
              -9.8858045
            ],
            [
              -37.9937784,
              -9.8859682
            ],
            [
              -37.9937877,
              -9.8861511
            ],
            [
              -37.9937853,
              -9.8861641
            ],
            [
              -37.9937749,
              -9.8863332
            ],
            [
              -37.9937559,
              -9.8864671
            ],
            [
              -37.9937639,
              -9.8865331
            ],
            [
              -37.9938092,
              -9.8866203
            ],
            [
              -37.9938309,
              -9.8867292
            ],
            [
              -37.9938485,
              -9.8868907
            ],
            [
              -37.993849,
              -9.8869926
            ],
            [
              -37.9938883,
              -9.8870837
            ],
            [
              -37.9939292,
              -9.8871918
            ],
            [
              -37.9939161,
              -9.8872532
            ],
            [
              -37.9938512,
              -9.8873034
            ],
            [
              -37.9937746,
              -9.8873221
            ],
            [
              -37.9937255,
              -9.8873673
            ],
            [
              -37.9936687,
              -9.8874617
            ],
            [
              -37.9936437,
              -9.8875611
            ],
            [
              -37.9936192,
              -9.8876807
            ],
            [
              -37.9935877,
              -9.8877859
            ],
            [
              -37.9935218,
              -9.8878501
            ],
            [
              -37.9933519,
              -9.887963
            ],
            [
              -37.9932565,
              -9.8880512
            ],
            [
              -37.9932517,
              -9.8880599
            ],
            [
              -37.9932018,
              -9.888126
            ],
            [
              -37.9932013,
              -9.8881348
            ],
            [
              -37.9931928,
              -9.8882167
            ],
            [
              -37.9931926,
              -9.888221
            ],
            [
              -37.9932265,
              -9.8883095
            ],
            [
              -37.9932622,
              -9.888353
            ],
            [
              -37.9932825,
              -9.8884092
            ],
            [
              -37.9932823,
              -9.8884132
            ],
            [
              -37.993268,
              -9.8884763
            ],
            [
              -37.9932467,
              -9.8885251
            ],
            [
              -37.9932457,
              -9.888621
            ],
            [
              -37.9932273,
              -9.8887157
            ],
            [
              -37.9931885,
              -9.8887997
            ],
            [
              -37.9931498,
              -9.8888567
            ],
            [
              -37.9931269,
              -9.888898
            ],
            [
              -37.993125,
              -9.8889444
            ],
            [
              -37.9931441,
              -9.8890303
            ],
            [
              -37.9931701,
              -9.8891268
            ],
            [
              -37.99317,
              -9.8891289
            ],
            [
              -37.9931429,
              -9.8891871
            ],
            [
              -37.993101,
              -9.889242
            ],
            [
              -37.9930465,
              -9.8893049
            ],
            [
              -37.9930122,
              -9.8893797
            ],
            [
              -37.9930206,
              -9.8894875
            ],
            [
              -37.9930205,
              -9.8894921
            ],
            [
              -37.9930542,
              -9.8896553
            ],
            [
              -37.9930582,
              -9.8896599
            ],
            [
              -37.9931149,
              -9.8898063
            ],
            [
              -37.9931165,
              -9.8898189
            ],
            [
              -37.993151,
              -9.8899533
            ],
            [
              -37.9931506,
              -9.8899632
            ],
            [
              -37.9931502,
              -9.8899711
            ],
            [
              -37.9931538,
              -9.8901071
            ],
            [
              -37.9931496,
              -9.8901558
            ],
            [
              -37.9931186,
              -9.8902095
            ],
            [
              -37.9930642,
              -9.8903586
            ],
            [
              -37.9930507,
              -9.8904684
            ],
            [
              -37.993082,
              -9.8907384
            ],
            [
              -37.9930855,
              -9.8909175
            ],
            [
              -37.9930932,
              -9.8910116
            ],
            [
              -37.9930858,
              -9.8911565
            ],
            [
              -37.9930856,
              -9.8911589
            ],
            [
              -37.9930653,
              -9.8913261
            ],
            [
              -37.9930631,
              -9.8914606
            ],
            [
              -37.9930572,
              -9.8915495
            ],
            [
              -37.9930778,
              -9.891641
            ],
            [
              -37.9931211,
              -9.8917505
            ],
            [
              -37.99317,
              -9.891863
            ],
            [
              -37.9931688,
              -9.8918781
            ],
            [
              -37.9931381,
              -9.8919369
            ],
            [
              -37.9931358,
              -9.8919389
            ],
            [
              -37.9930722,
              -9.8919738
            ],
            [
              -37.9930001,
              -9.8919781
            ],
            [
              -37.9929341,
              -9.891955
            ],
            [
              -37.9928631,
              -9.8919401
            ],
            [
              -37.9927869,
              -9.891942
            ],
            [
              -37.9927162,
              -9.8919657
            ],
            [
              -37.9926229,
              -9.892044
            ],
            [
              -37.9925897,
              -9.8921119
            ],
            [
              -37.9925798,
              -9.8922309
            ],
            [
              -37.992597,
              -9.8923292
            ],
            [
              -37.9926489,
              -9.8924866
            ],
            [
              -37.99271,
              -9.8926581
            ],
            [
              -37.9927467,
              -9.8927804
            ],
            [
              -37.9927366,
              -9.8928966
            ],
            [
              -37.9926683,
              -9.8930124
            ],
            [
              -37.9925396,
              -9.8930987
            ],
            [
              -37.9924512,
              -9.8932049
            ],
            [
              -37.9923648,
              -9.8933301
            ],
            [
              -37.9923118,
              -9.893414
            ],
            [
              -37.9923108,
              -9.8934778
            ],
            [
              -37.9923115,
              -9.8934838
            ],
            [
              -37.9923394,
              -9.8935721
            ],
            [
              -37.9923365,
              -9.8936416
            ],
            [
              -37.9923392,
              -9.8937366
            ],
            [
              -37.9923123,
              -9.893822
            ],
            [
              -37.9922023,
              -9.8939762
            ],
            [
              -37.9921566,
              -9.8940937
            ],
            [
              -37.9921245,
              -9.8942818
            ],
            [
              -37.9921235,
              -9.8943078
            ],
            [
              -37.9921344,
              -9.8944588
            ],
            [
              -37.992137,
              -9.8944785
            ],
            [
              -37.9921896,
              -9.8946343
            ],
            [
              -37.9922778,
              -9.8947244
            ],
            [
              -37.9924917,
              -9.8949308
            ],
            [
              -37.9926035,
              -9.8949939
            ],
            [
              -37.9926666,
              -9.8950966
            ],
            [
              -37.9926749,
              -9.895199
            ],
            [
              -37.9926304,
              -9.895347
            ],
            [
              -37.9925774,
              -9.8955038
            ],
            [
              -37.9925934,
              -9.8956604
            ],
            [
              -37.9926953,
              -9.8957396
            ],
            [
              -37.992875,
              -9.8957898
            ],
            [
              -37.9930011,
              -9.8958691
            ],
            [
              -37.9930601,
              -9.8959114
            ],
            [
              -37.9932076,
              -9.8958876
            ],
            [
              -37.9933578,
              -9.8958902
            ],
            [
              -37.993441,
              -9.8959986
            ],
            [
              -37.993457,
              -9.896136
            ],
            [
              -37.9934517,
              -9.8964161
            ],
            [
              -37.9934302,
              -9.8966644
            ],
            [
              -37.9934302,
              -9.8968177
            ],
            [
              -37.9934302,
              -9.8970026
            ],
            [
              -37.9933605,
              -9.8973092
            ],
            [
              -37.9933229,
              -9.8975153
            ],
            [
              -37.9934088,
              -9.8977372
            ],
            [
              -37.9936341,
              -9.8980543
            ],
            [
              -37.993839,
              -9.8985433
            ],
            [
              -37.9939165,
              -9.8986427
            ],
            [
              -37.9939704,
              -9.8988004
            ],
            [
              -37.9940043,
              -9.8989404
            ],
            [
              -37.9940633,
              -9.8991234
            ],
            [
              -37.994087,
              -9.8993551
            ],
            [
              -37.9940998,
              -9.8994902
            ],
            [
              -37.9940784,
              -9.8996089
            ],
            [
              -37.9940792,
              -9.8996161
            ],
            [
              -37.9940402,
              -9.8997312
            ],
            [
              -37.99395,
              -9.8998635
            ],
            [
              -37.9939312,
              -9.8999266
            ],
            [
              -37.9939264,
              -9.8999747
            ],
            [
              -37.9939408,
              -9.9000309
            ],
            [
              -37.9940106,
              -9.9000936
            ],
            [
              -37.9940488,
              -9.9001778
            ],
            [
              -37.9940494,
              -9.900183
            ],
            [
              -37.9940652,
              -9.9003211
            ],
            [
              -37.9940658,
              -9.9003261
            ],
            [
              -37.9940737,
              -9.9004844
            ],
            [
              -37.9940562,
              -9.9006441
            ],
            [
              -37.9940577,
              -9.9006566
            ],
            [
              -37.9940574,
              -9.9008077
            ],
            [
              -37.99408,
              -9.9009593
            ],
            [
              -37.9941219,
              -9.9010542
            ],
            [
              -37.994131,
              -9.9010636
            ],
            [
              -37.9941343,
              -9.9010684
            ],
            [
              -37.9941636,
              -9.9011485
            ],
            [
              -37.9941646,
              -9.9011562
            ],
            [
              -37.9941739,
              -9.9012615
            ],
            [
              -37.9941601,
              -9.9013302
            ],
            [
              -37.9941815,
              -9.9013919
            ],
            [
              -37.9942628,
              -9.9015153
            ],
            [
              -37.9943279,
              -9.9016747
            ],
            [
              -37.9943845,
              -9.9017736
            ],
            [
              -37.9944627,
              -9.9018643
            ],
            [
              -37.9944736,
              -9.9018704
            ],
            [
              -37.9946247,
              -9.90195
            ],
            [
              -37.9946981,
              -9.9020026
            ],
            [
              -37.9947413,
              -9.902048
            ],
            [
              -37.994784,
              -9.9020907
            ],
            [
              -37.9948566,
              -9.9021797
            ],
            [
              -37.9949179,
              -9.902246
            ],
            [
              -37.9949418,
              -9.9023449
            ],
            [
              -37.9949395,
              -9.902423
            ],
            [
              -37.9949148,
              -9.9025446
            ],
            [
              -37.994884,
              -9.9026201
            ],
            [
              -37.9948898,
              -9.9026986
            ],
            [
              -37.9949069,
              -9.9027918
            ],
            [
              -37.994912,
              -9.9028997
            ],
            [
              -37.9949165,
              -9.9029803
            ],
            [
              -37.9949342,
              -9.903071
            ],
            [
              -37.994935,
              -9.9030769
            ],
            [
              -37.9950022,
              -9.9031376
            ],
            [
              -37.9950055,
              -9.9031402
            ],
            [
              -37.9950997,
              -9.9032509
            ],
            [
              -37.9951948,
              -9.9033727
            ],
            [
              -37.9952075,
              -9.9033801
            ],
            [
              -37.9953296,
              -9.9035332
            ],
            [
              -37.9954102,
              -9.9036405
            ],
            [
              -37.9954939,
              -9.9037267
            ],
            [
              -37.995566,
              -9.9038658
            ],
            [
              -37.9956552,
              -9.9039302
            ],
            [
              -37.9957577,
              -9.9039776
            ],
            [
              -37.9958957,
              -9.904033
            ],
            [
              -37.9961075,
              -9.9041335
            ],
            [
              -37.9962815,
              -9.9042151
            ],
            [
              -37.996485,
              -9.9043659
            ],
            [
              -37.9965967,
              -9.9044998
            ],
            [
              -37.9966967,
              -9.9045923
            ],
            [
              -37.9967787,
              -9.9046824
            ],
            [
              -37.9968419,
              -9.9047843
            ],
            [
              -37.9969371,
              -9.9049563
            ],
            [
              -37.9970407,
              -9.9051041
            ],
            [
              -37.9970436,
              -9.905104
            ],
            [
              -37.997159,
              -9.9051936
            ],
            [
              -37.9971682,
              -9.9052027
            ],
            [
              -37.9972223,
              -9.9052569
            ],
            [
              -37.997253,
              -9.9053074
            ],
            [
              -37.997312,
              -9.905383
            ],
            [
              -37.9974207,
              -9.9054197
            ],
            [
              -37.9974974,
              -9.9053993
            ],
            [
              -37.9976133,
              -9.9053757
            ],
            [
              -37.9977405,
              -9.9053751
            ],
            [
              -37.9978252,
              -9.9054378
            ],
            [
              -37.997941,
              -9.9054941
            ],
            [
              -37.998026,
              -9.9055727
            ],
            [
              -37.9980996,
              -9.9056745
            ],
            [
              -37.9982006,
              -9.905762
            ],
            [
              -37.998288,
              -9.9058444
            ],
            [
              -37.9983653,
              -9.9059246
            ],
            [
              -37.9984263,
              -9.9059447
            ],
            [
              -37.9984793,
              -9.9059647
            ],
            [
              -37.9985605,
              -9.9059643
            ],
            [
              -37.9986338,
              -9.9059614
            ],
            [
              -37.9987695,
              -9.9059379
            ],
            [
              -37.9988842,
              -9.9059399
            ],
            [
              -37.9989884,
              -9.9059318
            ],
            [
              -37.9990777,
              -9.9059083
            ],
            [
              -37.9991584,
              -9.905811
            ],
            [
              -37.9992757,
              -9.9056519
            ],
            [
              -37.9994116,
              -9.9055629
            ],
            [
              -37.9995249,
              -9.9055387
            ],
            [
              -37.999671,
              -9.9055533
            ],
            [
              -37.9998032,
              -9.9055425
            ],
            [
              -37.9999048,
              -9.9054698
            ],
            [
              -38.0000334,
              -9.9052143
            ],
            [
              -38.0001183,
              -9.9048832
            ],
            [
              -38.0002347,
              -9.9045882
            ],
            [
              -38.000487,
              -9.9042155
            ],
            [
              -38.0008592,
              -9.9039761
            ],
            [
              -38.0011269,
              -9.9037873
            ],
            [
              -38.0013565,
              -9.9036587
            ],
            [
              -38.0016843,
              -9.9036188
            ],
            [
              -38.0022784,
              -9.9040811
            ],
            [
              -38.0026906,
              -9.9041019
            ],
            [
              -38.0033537,
              -9.9043702
            ],
            [
              -38.0034676,
              -9.9046918
            ],
            [
              -38.003608,
              -9.905084
            ],
            [
              -38.0035222,
              -9.9054592
            ],
            [
              -38.0027926,
              -9.9061779
            ],
            [
              -38.0010117,
              -9.9071607
            ],
            [
              -37.9979871,
              -9.9124097
            ],
            [
              -37.997,
              -9.916
            ],
            [
              -37.988,
              -9.921
            ],
            [
              -37.968099,
              -9.9384586
            ],
            [
              -37.9551196,
              -9.9410742
            ],
            [
              -37.9494948,
              -9.9415616
            ],
            [
              -37.9441014,
              -9.9402971
            ],
            [
              -37.9413216,
              -9.9392272
            ],
            [
              -37.9411346,
              -9.9389301
            ],
            [
              -37.9407597,
              -9.9385881
            ],
            [
              -37.9402946,
              -9.9385742
            ],
            [
              -37.9396705,
              -9.9387217
            ],
            [
              -37.9390969,
              -9.9389924
            ],
            [
              -37.9387976,
              -9.9389059
            ],
            [
              -37.9384489,
              -9.9390441
            ],
            [
              -37.9382524,
              -9.9394367
            ],
            [
              -37.9377437,
              -9.9396289
            ],
            [
              -37.9371565,
              -9.9397247
            ],
            [
              -37.9369838,
              -9.9396344
            ],
            [
              -37.9370259,
              -9.9394489
            ],
            [
              -37.9373248,
              -9.9391031
            ],
            [
              -37.9373641,
              -9.9388416
            ],
            [
              -37.9372397,
              -9.9385973
            ],
            [
              -37.9368988,
              -9.9384526
            ],
            [
              -37.9361386,
              -9.9384943
            ],
            [
              -37.9354936,
              -9.9381139
            ],
            [
              -37.9353585,
              -9.9379243
            ],
            [
              -37.9354302,
              -9.93742
            ],
            [
              -37.9352786,
              -9.9372173
            ],
            [
              -37.9345853,
              -9.9368577
            ],
            [
              -37.9334833,
              -9.9366904
            ],
            [
              -37.9324893,
              -9.9361475
            ],
            [
              -37.9322754,
              -9.9357852
            ],
            [
              -37.9319259,
              -9.9355054
            ],
            [
              -37.9310134,
              -9.9353544
            ],
            [
              -37.9305459,
              -9.934939
            ],
            [
              -37.9305117,
              -9.9345872
            ],
            [
              -37.9306437,
              -9.9338816
            ],
            [
              -37.9305,
              -9.9334667
            ],
            [
              -37.9301949,
              -9.9331579
            ],
            [
              -37.9298702,
              -9.9328292
            ],
            [
              -37.9297859,
              -9.9323816
            ],
            [
              -37.9300737,
              -9.9316855
            ],
            [
              -37.9300513,
              -9.9313025
            ],
            [
              -37.9298172,
              -9.9310284
            ],
            [
              -37.9293443,
              -9.9308963
            ],
            [
              -37.9289439,
              -9.9308464
            ],
            [
              -37.9284901,
              -9.9301081
            ],
            [
              -37.9279921,
              -9.9296362
            ],
            [
              -37.9273025,
              -9.9292139
            ],
            [
              -37.9262718,
              -9.9289323
            ],
            [
              -37.9255233,
              -9.928805
            ],
            [
              -37.9253385,
              -9.928614
            ],
            [
              -37.9253164,
              -9.9282162
            ],
            [
              -37.9253515,
              -9.9278472
            ],
            [
              -37.9251592,
              -9.9273884
            ],
            [
              -37.9248158,
              -9.9274909
            ],
            [
              -37.924687,
              -9.9273623
            ],
            [
              -37.9245449,
              -9.9268734
            ],
            [
              -37.924358,
              -9.9266906
            ],
            [
              -37.9239582,
              -9.9265145
            ],
            [
              -37.9238455,
              -9.9264027
            ],
            [
              -37.9240288,
              -9.9259863
            ],
            [
              -37.9239995,
              -9.9257135
            ],
            [
              -37.9238441,
              -9.9255134
            ],
            [
              -37.9235656,
              -9.925755
            ],
            [
              -37.9228254,
              -9.9260385
            ],
            [
              -37.9223608,
              -9.9256771
            ],
            [
              -37.9220264,
              -9.9257324
            ],
            [
              -37.9213473,
              -9.9260937
            ],
            [
              -37.9208933,
              -9.9258134
            ],
            [
              -37.9203165,
              -9.9256516
            ],
            [
              -37.9199163,
              -9.924853
            ],
            [
              -37.9195209,
              -9.924561
            ],
            [
              -37.9191471,
              -9.9245408
            ],
            [
              -37.9187401,
              -9.9245862
            ],
            [
              -37.9185958,
              -9.9243326
            ],
            [
              -37.9186158,
              -9.9235042
            ],
            [
              -37.9192476,
              -9.9233166
            ],
            [
              -37.9191883,
              -9.9226892
            ],
            [
              -37.9193472,
              -9.9222185
            ],
            [
              -37.9191671,
              -9.9218262
            ],
            [
              -37.9188039,
              -9.921464
            ],
            [
              -37.9179924,
              -9.9209599
            ],
            [
              -37.91789,
              -9.9207137
            ],
            [
              -37.9178114,
              -9.9199988
            ],
            [
              -37.9173967,
              -9.9198636
            ],
            [
              -37.9166722,
              -9.9198759
            ],
            [
              -37.9160586,
              -9.9200885
            ],
            [
              -37.9153201,
              -9.9199769
            ],
            [
              -37.9141923,
              -9.9191947
            ],
            [
              -37.9138884,
              -9.9187772
            ],
            [
              -37.9123171,
              -9.9184257
            ],
            [
              -37.912257,
              -9.9180443
            ],
            [
              -37.912078,
              -9.9174233
            ],
            [
              -37.9122288,
              -9.9171788
            ],
            [
              -37.9120459,
              -9.9166341
            ],
            [
              -37.9115244,
              -9.9160046
            ],
            [
              -37.9112673,
              -9.9156167
            ],
            [
              -37.9109953,
              -9.9155026
            ],
            [
              -37.9106219,
              -9.9155857
            ],
            [
              -37.9095536,
              -9.9156069
            ],
            [
              -37.9094953,
              -9.9154217
            ],
            [
              -37.9095915,
              -9.9147718
            ],
            [
              -37.9094054,
              -9.9142929
            ],
            [
              -37.9082678,
              -9.9130871
            ],
            [
              -37.9079816,
              -9.9128584
            ],
            [
              -37.9079835,
              -9.9127157
            ],
            [
              -37.9082993,
              -9.9124012
            ],
            [
              -37.9084005,
              -9.911947
            ],
            [
              -37.9082544,
              -9.9114812
            ],
            [
              -37.9080999,
              -9.9109888
            ],
            [
              -37.9079235,
              -9.9108138
            ],
            [
              -37.9076378,
              -9.9109656
            ],
            [
              -37.9071555,
              -9.9114406
            ],
            [
              -37.9066152,
              -9.9116126
            ],
            [
              -37.906394,
              -9.9117846
            ],
            [
              -37.9061716,
              -9.912499
            ],
            [
              -37.9060292,
              -9.9127358
            ],
            [
              -37.9050475,
              -9.9131374
            ],
            [
              -37.9044245,
              -9.9139086
            ],
            [
              -37.9034704,
              -9.9144479
            ],
            [
              -37.9032344,
              -9.9146593
            ],
            [
              -37.9030305,
              -9.9152828
            ],
            [
              -37.9031646,
              -9.9159909
            ],
            [
              -37.9031217,
              -9.9164031
            ],
            [
              -37.9022375,
              -9.9184725
            ],
            [
              -37.901401,
              -9.9167519
            ],
            [
              -37.901088,
              -9.9150631
            ],
            [
              -37.9009836,
              -9.9143289
            ],
            [
              -37.8999019,
              -9.9134537
            ],
            [
              -37.8990374,
              -9.9132223
            ],
            [
              -37.8982153,
              -9.912979
            ],
            [
              -37.897373,
              -9.9125473
            ],
            [
              -37.8968307,
              -9.9122171
            ],
            [
              -37.8962115,
              -9.9119786
            ],
            [
              -37.8959935,
              -9.9120495
            ],
            [
              -37.8952579,
              -9.9124655
            ],
            [
              -37.8949255,
              -9.9127125
            ],
            [
              -37.8946724,
              -9.9129941
            ],
            [
              -37.8941157,
              -9.91337
            ],
            [
              -37.8926484,
              -9.9137703
            ],
            [
              -37.8921328,
              -9.9137597
            ],
            [
              -37.8913077,
              -9.9138448
            ],
            [
              -37.8912606,
              -9.913876
            ],
            [
              -37.8909201,
              -9.9141018
            ],
            [
              -37.8903015,
              -9.9140651
            ],
            [
              -37.8893168,
              -9.9135832
            ],
            [
              -37.88852,
              -9.913441
            ],
            [
              -37.8877896,
              -9.913419
            ],
            [
              -37.887,
              -9.913
            ],
            [
              -37.8861174,
              -9.9129205
            ],
            [
              -37.885285,
              -9.9123183
            ],
            [
              -37.8845564,
              -9.9118761
            ],
            [
              -37.8840197,
              -9.911093
            ],
            [
              -37.8838393,
              -9.9109418
            ],
            [
              -37.8831447,
              -9.9103799
            ],
            [
              -37.8822063,
              -9.9095731
            ],
            [
              -37.8813827,
              -9.909217
            ],
            [
              -37.880969,
              -9.9090995
            ],
            [
              -37.8806821,
              -9.9088426
            ],
            [
              -37.8800037,
              -9.9085298
            ],
            [
              -37.8790497,
              -9.9085415
            ],
            [
              -37.8785018,
              -9.9084277
            ],
            [
              -37.8774945,
              -9.9084718
            ],
            [
              -37.87517,
              -9.9057844
            ],
            [
              -37.874052,
              -9.9045508
            ],
            [
              -37.8734604,
              -9.9041714
            ],
            [
              -37.8733812,
              -9.9041026
            ],
            [
              -37.8732815,
              -9.903996
            ],
            [
              -37.8728649,
              -9.90351
            ],
            [
              -37.8720823,
              -9.9025893
            ],
            [
              -37.8715196,
              -9.9021708
            ],
            [
              -37.8701369,
              -9.901032
            ],
            [
              -37.8695369,
              -9.9005921
            ],
            [
              -37.8682385,
              -9.8987122
            ],
            [
              -37.8676777,
              -9.8983001
            ],
            [
              -37.8668958,
              -9.8975641
            ],
            [
              -37.8664121,
              -9.8972654
            ],
            [
              -37.8658635,
              -9.8962789
            ],
            [
              -37.8663228,
              -9.8954496
            ],
            [
              -37.8664553,
              -9.8947292
            ],
            [
              -37.8664433,
              -9.8944896
            ],
            [
              -37.866438,
              -9.8942441
            ],
            [
              -37.8664058,
              -9.894033
            ],
            [
              -37.8661581,
              -9.8935605
            ],
            [
              -37.8662372,
              -9.8931192
            ],
            [
              -37.866387,
              -9.8919019
            ],
            [
              -37.8666114,
              -9.8914837
            ],
            [
              -37.8669162,
              -9.8905288
            ],
            [
              -37.8666114,
              -9.888991
            ],
            [
              -37.8665808,
              -9.888179
            ],
            [
              -37.8663647,
              -9.8876503
            ],
            [
              -37.867602,
              -9.8866737
            ],
            [
              -37.8689958,
              -9.8851941
            ],
            [
              -37.8704059,
              -9.8844748
            ],
            [
              -37.8713185,
              -9.8830797
            ],
            [
              -37.8719088,
              -9.8820568
            ],
            [
              -37.8723945,
              -9.8819013
            ],
            [
              -37.8719515,
              -9.8811328
            ],
            [
              -37.8712793,
              -9.8803663
            ],
            [
              -37.871473,
              -9.8773907
            ],
            [
              -37.8714733,
              -9.8771861
            ],
            [
              -37.8712964,
              -9.8757598
            ],
            [
              -37.8713389,
              -9.8748966
            ],
            [
              -37.8709834,
              -9.8738579
            ],
            [
              -37.8711101,
              -9.8729914
            ],
            [
              -37.8710505,
              -9.8717503
            ],
            [
              -37.8713122,
              -9.869837
            ],
            [
              -37.8712223,
              -9.8680603
            ],
            [
              -37.8712052,
              -9.8677872
            ],
            [
              -37.871171,
              -9.8676029
            ],
            [
              -37.8711188,
              -9.867415
            ],
            [
              -37.8709893,
              -9.867134
            ],
            [
              -37.8708463,
              -9.8669103
            ],
            [
              -37.8707054,
              -9.8667648
            ],
            [
              -37.8705207,
              -9.8666142
            ],
            [
              -37.8703585,
              -9.8665168
            ],
            [
              -37.8701965,
              -9.8665889
            ],
            [
              -37.8700389,
              -9.8664798
            ],
            [
              -37.8696972,
              -9.8659042
            ],
            [
              -37.8705425,
              -9.864987
            ],
            [
              -37.8694634,
              -9.8593573
            ],
            [
              -37.8684562,
              -9.8548608
            ],
            [
              -37.8676108,
              -9.850706
            ],
            [
              -37.8669813,
              -9.8473786
            ],
            [
              -37.8666532,
              -9.8446485
            ],
            [
              -37.8668907,
              -9.8445554
            ],
            [
              -37.867105,
              -9.8443653
            ],
            [
              -37.8677863,
              -9.8433769
            ],
            [
              -37.8695412,
              -9.8409248
            ],
            [
              -37.8695574,
              -9.8409002
            ],
            [
              -37.8682677,
              -9.8384852
            ],
            [
              -37.8676723,
              -9.8373276
            ],
            [
              -37.8673665,
              -9.8367436
            ],
            [
              -37.8670708,
              -9.8361801
            ],
            [
              -37.8669977,
              -9.8360142
            ],
            [
              -37.8668073,
              -9.8354777
            ],
            [
              -37.8665713,
              -9.8348196
            ],
            [
              -37.8660938,
              -9.8335035
            ],
            [
              -37.8653357,
              -9.8306981
            ],
            [
              -37.8635037,
              -9.8256444
            ],
            [
              -37.8629428,
              -9.8240969
            ],
            [
              -37.8631148,
              -9.8223639
            ],
            [
              -37.8624539,
              -9.8192999
            ],
            [
              -37.8624686,
              -9.81774
            ],
            [
              -37.8618539,
              -9.8159368
            ],
            [
              -37.8611087,
              -9.8137506
            ],
            [
              -37.8596427,
              -9.8094495
            ],
            [
              -37.8598961,
              -9.8073489
            ],
            [
              -37.8597247,
              -9.8065777
            ],
            [
              -37.8598216,
              -9.8056889
            ],
            [
              -37.8589902,
              -9.802663
            ],
            [
              -37.8587211,
              -9.8017221
            ],
            [
              -37.8575875,
              -9.7989433
            ],
            [
              -37.855575,
              -9.7952874
            ],
            [
              -37.8548084,
              -9.7934131
            ],
            [
              -37.8547509,
              -9.792453
            ],
            [
              -37.8546684,
              -9.7906032
            ],
            [
              -37.8546476,
              -9.7896404
            ],
            [
              -37.8545947,
              -9.7871859
            ],
            [
              -37.85455,
              -9.7844097
            ],
            [
              -37.8511925,
              -9.7844835
            ],
            [
              -37.8360201,
              -9.7891184
            ],
            [
              -37.8285329,
              -9.791218
            ],
            [
              -37.8263541,
              -9.7916141
            ],
            [
              -37.8223531,
              -9.7938326
            ],
            [
              -37.8196593,
              -9.7943475
            ],
            [
              -37.8164901,
              -9.794506
            ],
            [
              -37.813004,
              -9.7948229
            ],
            [
              -37.8104291,
              -9.7969621
            ],
            [
              -37.8089237,
              -9.7988636
            ],
            [
              -37.8074184,
              -9.8013197
            ],
            [
              -37.8065125,
              -9.8025879
            ],
            [
              -37.8058338,
              -9.8035381
            ],
            [
              -37.8032985,
              -9.8058358
            ],
            [
              -37.7997728,
              -9.8078165
            ],
            [
              -37.7958906,
              -9.8095199
            ],
            [
              -37.7925629,
              -9.8113026
            ],
            [
              -37.7889976,
              -9.8127287
            ],
            [
              -37.7864623,
              -9.814036
            ],
            [
              -37.7836893,
              -9.810233
            ],
            [
              -37.7810747,
              -9.8068657
            ],
            [
              -37.7787375,
              -9.8034193
            ],
            [
              -37.7756475,
              -9.799339
            ],
            [
              -37.7721218,
              -9.7947833
            ],
            [
              -37.7691904,
              -9.7908615
            ],
            [
              -37.7662985,
              -9.7870981
            ],
            [
              -37.7637621,
              -9.7838268
            ],
            [
              -37.7620598,
              -9.7816313
            ],
            [
              -37.7580628,
              -9.7762194
            ],
            [
              -37.7575833,
              -9.7755703
            ],
            [
              -37.7534238,
              -9.7701035
            ],
            [
              -37.7506112,
              -9.7664589
            ],
            [
              -37.7475212,
              -9.762339
            ],
            [
              -37.737776,
              -9.7492662
            ],
            [
              -37.7365691,
              -9.7476721
            ],
            [
              -37.7335769,
              -9.7437202
            ],
            [
              -37.7291005,
              -9.7378968
            ],
            [
              -37.7242851,
              -9.7315036
            ],
            [
              -37.7220887,
              -9.7285874
            ],
            [
              -37.7185383,
              -9.7238872
            ],
            [
              -37.7151165,
              -9.7193572
            ],
            [
              -37.7049356,
              -9.7059675
            ],
            [
              -37.7035582,
              -9.7041437
            ],
            [
              -37.6977257,
              -9.6964204
            ],
            [
              -37.690714,
              -9.6870714
            ],
            [
              -37.6850527,
              -9.6795751
            ],
            [
              -37.6849699,
              -9.6794654
            ],
            [
              -37.6806915,
              -9.6738005
            ],
            [
              -37.6766539,
              -9.6683459
            ],
            [
              -37.6690933,
              -9.6583406
            ],
            [
              -37.6694239,
              -9.6575333
            ],
            [
              -37.6698688,
              -9.65664
            ],
            [
              -37.6734581,
              -9.6530259
            ],
            [
              -37.6773187,
              -9.6495544
            ],
            [
              -37.6796067,
              -9.6478095
            ],
            [
              -37.6815043,
              -9.646272
            ],
            [
              -37.683462,
              -9.6455065
            ],
            [
              -37.6844627,
              -9.6449536
            ],
            [
              -37.6861521,
              -9.6437933
            ],
            [
              -37.6877648,
              -9.6434511
            ],
            [
              -37.688693,
              -9.6434257
            ],
            [
              -37.6896849,
              -9.6430092
            ],
            [
              -37.6907383,
              -9.6422874
            ],
            [
              -37.6916721,
              -9.6415951
            ],
            [
              -37.6925238,
              -9.6410648
            ],
            [
              -37.6937092,
              -9.6407757
            ],
            [
              -37.6958259,
              -9.6397758
            ],
            [
              -37.6976357,
              -9.638439
            ],
            [
              -37.69885,
              -9.6376606
            ],
            [
              -37.6999424,
              -9.6368591
            ],
            [
              -37.7009621,
              -9.6362073
            ],
            [
              -37.7027514,
              -9.6351798
            ],
            [
              -37.70407,
              -9.6347416
            ],
            [
              -37.7052056,
              -9.6344911
            ],
            [
              -37.7062796,
              -9.6337925
            ],
            [
              -37.7068268,
              -9.6333642
            ],
            [
              -37.7078727,
              -9.6322962
            ],
            [
              -37.7089261,
              -9.6308157
            ],
            [
              -37.7095023,
              -9.6302659
            ],
            [
              -37.7101246,
              -9.6300686
            ],
            [
              -37.7109469,
              -9.6300829
            ],
            [
              -37.7116866,
              -9.6302302
            ],
            [
              -37.7124934,
              -9.6305837
            ],
            [
              -37.7129417,
              -9.6308931
            ],
            [
              -37.7134198,
              -9.6310404
            ],
            [
              -37.7156013,
              -9.6307605
            ],
            [
              -37.7160785,
              -9.6306344
            ],
            [
              -37.7166565,
              -9.6306233
            ],
            [
              -37.7174018,
              -9.630755
            ],
            [
              -37.7185472,
              -9.6307892
            ],
            [
              -37.7197965,
              -9.6307105
            ],
            [
              -37.7204461,
              -9.6303904
            ],
            [
              -37.7209803,
              -9.6300589
            ],
            [
              -37.7215201,
              -9.629884
            ],
            [
              -37.7235092,
              -9.6298287
            ],
            [
              -37.7248876,
              -9.6299797
            ],
            [
              -37.7274973,
              -9.6293427
            ],
            [
              -37.7299229,
              -9.6285434
            ],
            [
              -37.7321418,
              -9.6281531
            ],
            [
              -37.7333371,
              -9.6277701
            ],
            [
              -37.7342859,
              -9.6273797
            ],
            [
              -37.734935,
              -9.6269907
            ],
            [
              -37.7369418,
              -9.6261754
            ],
            [
              -37.7383351,
              -9.6257298
            ],
            [
              -37.7391569,
              -9.625634
            ],
            [
              -37.7415918,
              -9.6258649
            ],
            [
              -37.7424292,
              -9.6257813
            ],
            [
              -37.7450766,
              -9.6251122
            ],
            [
              -37.7456052,
              -9.6249499
            ],
            [
              -37.7459846,
              -9.6248904
            ],
            [
              -37.7462215,
              -9.6248514
            ],
            [
              -37.74702,
              -9.6249122
            ],
            [
              -37.7477426,
              -9.6251997
            ],
            [
              -37.7528137,
              -9.6265105
            ],
            [
              -37.7535141,
              -9.6264682
            ],
            [
              -37.7540725,
              -9.6266542
            ],
            [
              -37.7546664,
              -9.6270151
            ],
            [
              -37.7551745,
              -9.6273944
            ],
            [
              -37.7560355,
              -9.6281089
            ],
            [
              -37.7568629,
              -9.6287055
            ],
            [
              -37.7575896,
              -9.6290391
            ],
            [
              -37.7584392,
              -9.6292837
            ],
            [
              -37.7591097,
              -9.6293739
            ],
            [
              -37.7595673,
              -9.6295231
            ],
            [
              -37.7601631,
              -9.6298131
            ],
            [
              -37.7610503,
              -9.6300681
            ],
            [
              -37.7625519,
              -9.6303848
            ],
            [
              -37.7649427,
              -9.6312818
            ],
            [
              -37.7655795,
              -9.6318101
            ],
            [
              -37.765981,
              -9.6322226
            ],
            [
              -37.7668028,
              -9.6325061
            ],
            [
              -37.7685538,
              -9.6326875
            ],
            [
              -37.7691141,
              -9.6328919
            ],
            [
              -37.7698696,
              -9.633239
            ],
            [
              -37.770528,
              -9.6338347
            ],
            [
              -37.7710986,
              -9.6341671
            ],
            [
              -37.7718681,
              -9.6344064
            ],
            [
              -37.7725778,
              -9.6347158
            ],
            [
              -37.7731982,
              -9.6350397
            ],
            [
              -37.7738932,
              -9.635212
            ],
            [
              -37.7745744,
              -9.6354155
            ],
            [
              -37.7751852,
              -9.6356641
            ],
            [
              -37.7757641,
              -9.6357064
            ],
            [
              -37.7763661,
              -9.6359082
            ],
            [
              -37.7768624,
              -9.6361557
            ],
            [
              -37.7782071,
              -9.6366363
            ],
            [
              -37.7796496,
              -9.6368351
            ],
            [
              -37.7808369,
              -9.637279
            ],
            [
              -37.7828391,
              -9.6376546
            ],
            [
              -37.7834232,
              -9.6379205
            ],
            [
              -37.7850728,
              -9.6391203
            ],
            [
              -37.7855659,
              -9.639194
            ],
            [
              -37.7865416,
              -9.6386531
            ],
            [
              -37.7867419,
              -9.6382073
            ],
            [
              -37.7867762,
              -9.6374999
            ],
            [
              -37.786632,
              -9.6369535
            ],
            [
              -37.7865826,
              -9.6366145
            ],
            [
              -37.7868061,
              -9.6361815
            ],
            [
              -37.787456,
              -9.6354965
            ],
            [
              -37.7886764,
              -9.6348827
            ],
            [
              -37.7889739,
              -9.6346254
            ],
            [
              -37.7893798,
              -9.6343659
            ],
            [
              -37.7898505,
              -9.633935
            ],
            [
              -37.7901488,
              -9.6334622
            ],
            [
              -37.7903103,
              -9.633044
            ],
            [
              -37.7908458,
              -9.6307177
            ],
            [
              -37.7908981,
              -9.6302734
            ],
            [
              -37.7908252,
              -9.6298915
            ],
            [
              -37.7901902,
              -9.6295365
            ],
            [
              -37.7898633,
              -9.6289579
            ],
            [
              -37.7901772,
              -9.6270102
            ],
            [
              -37.7903633,
              -9.6258638
            ],
            [
              -37.790527,
              -9.6251594
            ],
            [
              -37.7915113,
              -9.6228243
            ],
            [
              -37.7924086,
              -9.6214793
            ],
            [
              -37.7931212,
              -9.6205926
            ],
            [
              -37.7943483,
              -9.6195104
            ],
            [
              -37.7949901,
              -9.6190231
            ],
            [
              -37.7967614,
              -9.6180084
            ],
            [
              -37.7975449,
              -9.6175095
            ],
            [
              -37.7982071,
              -9.617104
            ],
            [
              -37.7993067,
              -9.6164749
            ],
            [
              -37.8017552,
              -9.6150114
            ],
            [
              -37.8070187,
              -9.6101094
            ],
            [
              -37.8097326,
              -9.6070018
            ],
            [
              -37.8105641,
              -9.6052352
            ],
            [
              -37.8112713,
              -9.6016621
            ],
            [
              -37.816422,
              -9.5977244
            ],
            [
              -37.8182658,
              -9.5929486
            ],
            [
              -37.8197069,
              -9.5916694
            ],
            [
              -37.8236773,
              -9.5913161
            ],
            [
              -37.8317786,
              -9.5949406
            ],
            [
              -37.8332001,
              -9.5948777
            ],
            [
              -37.8349614,
              -9.5922875
            ],
            [
              -37.8354948,
              -9.5904656
            ],
            [
              -37.8352898,
              -9.5885492
            ],
            [
              -37.8365566,
              -9.5845388
            ],
            [
              -37.8414242,
              -9.5800659
            ],
            [
              -37.8422267,
              -9.5794131
            ],
            [
              -37.8438648,
              -9.5780702
            ],
            [
              -37.8474769,
              -9.5760391
            ],
            [
              -37.856159,
              -9.570435
            ],
            [
              -37.8638059,
              -9.5665477
            ],
            [
              -37.8684475,
              -9.5616799
            ],
            [
              -37.8769506,
              -9.5556484
            ],
            [
              -37.8861702,
              -9.55017
            ],
            [
              -37.8883065,
              -9.5479085
            ],
            [
              -37.8912342,
              -9.5415154
            ],
            [
              -37.8924734,
              -9.5397974
            ],
            [
              -37.8934896,
              -9.5394024
            ],
            [
              -37.8941418,
              -9.5395274
            ],
            [
              -37.9051353,
              -9.5447242
            ],
            [
              -37.9097844,
              -9.5470065
            ],
            [
              -37.9142797,
              -9.5486042
            ],
            [
              -37.9171121,
              -9.548985
            ],
            [
              -37.92235,
              -9.5478729
            ],
            [
              -37.9284525,
              -9.5456946
            ],
            [
              -37.9325295,
              -9.542859
            ],
            [
              -37.9481507,
              -9.5387961
            ],
            [
              -37.9546308,
              -9.53504
            ],
            [
              -37.9563582,
              -9.5340455
            ],
            [
              -37.9608536,
              -9.5334212
            ],
            [
              -37.962597,
              -9.5330509
            ],
            [
              -37.9688734,
              -9.532014
            ],
            [
              -37.9741198,
              -9.5321145
            ],
            [
              -37.9778052,
              -9.5314585
            ],
            [
              -37.9924822,
              -9.5250836
            ],
            [
              -38.003,
              -9.515
            ],
            [
              -38.013,
              -9.528
            ],
            [
              -38.0134334,
              -9.5287245
            ],
            [
              -38.0138958,
              -9.5300715
            ],
            [
              -38.0142163,
              -9.5327773
            ],
            [
              -38.0143881,
              -9.5344194
            ],
            [
              -38.0149662,
              -9.5352334
            ],
            [
              -38.0156887,
              -9.5358351
            ],
            [
              -38.0180753,
              -9.5370662
            ],
            [
              -38.0190115,
              -9.5373364
            ],
            [
              -38.019694,
              -9.53819
            ],
            [
              -38.0198518,
              -9.5384177
            ],
            [
              -38.0199064,
              -9.5385513
            ],
            [
              -38.0208182,
              -9.5393048
            ],
            [
              -38.0218299,
              -9.5398788
            ],
            [
              -38.0218526,
              -9.5398867
            ],
            [
              -38.0219882,
              -9.5399296
            ],
            [
              -38.022081,
              -9.5400009
            ],
            [
              -38.0222167,
              -9.5400795
            ],
            [
              -38.0223166,
              -9.5401865
            ],
            [
              -38.0224237,
              -9.5403436
            ],
            [
              -38.0224951,
              -9.5404435
            ],
            [
              -38.0225522,
              -9.540522
            ],
            [
              -38.0226164,
              -9.5406648
            ],
            [
              -38.0226378,
              -9.540779
            ],
            [
              -38.022645,
              -9.5409004
            ],
            [
              -38.0226592,
              -9.5410503
            ],
            [
              -38.0227021,
              -9.5411574
            ],
            [
              -38.0227449,
              -9.541293
            ],
            [
              -38.0227306,
              -9.5414072
            ],
            [
              -38.0227663,
              -9.5415714
            ],
            [
              -38.0227164,
              -9.5417142
            ],
            [
              -38.0226735,
              -9.5418498
            ],
            [
              -38.0226378,
              -9.5419569
            ],
            [
              -38.0226343,
              -9.5420354
            ],
            [
              -38.0226307,
              -9.5421103
            ],
            [
              -38.0226343,
              -9.5421746
            ],
            [
              -38.0226343,
              -9.5422424
            ],
            [
              -38.0226128,
              -9.5423173
            ],
            [
              -38.0226021,
              -9.5423816
            ],
            [
              -38.0225843,
              -9.542428
            ],
            [
              -38.02257,
              -9.5425029
            ],
            [
              -38.0225522,
              -9.5425672
            ],
            [
              -38.0225557,
              -9.5426493
            ],
            [
              -38.0225522,
              -9.5427278
            ],
            [
              -38.0225379,
              -9.5428206
            ],
            [
              -38.02252,
              -9.5428991
            ],
            [
              -38.0225093,
              -9.5429812
            ],
            [
              -38.0224844,
              -9.543049
            ],
            [
              -38.0224808,
              -9.5431133
            ],
            [
              -38.0224629,
              -9.5431632
            ],
            [
              -38.0224558,
              -9.5432096
            ],
            [
              -38.0224772,
              -9.5432703
            ],
            [
              -38.02252,
              -9.5433096
            ],
            [
              -38.0225522,
              -9.5433524
            ],
            [
              -38.0225593,
              -9.5434095
            ],
            [
              -38.0225772,
              -9.5435023
            ],
            [
              -38.0225879,
              -9.5435701
            ],
            [
              -38.0225736,
              -9.5436451
            ],
            [
              -38.0225593,
              -9.5436915
            ],
            [
              -38.022545,
              -9.5437486
            ],
            [
              -38.0225308,
              -9.5438378
            ],
            [
              -38.0225236,
              -9.5439342
            ],
            [
              -38.0225236,
              -9.544002
            ],
            [
              -38.0225343,
              -9.5441198
            ],
            [
              -38.0225308,
              -9.5442233
            ],
            [
              -38.02257,
              -9.5442697
            ],
            [
              -38.0225879,
              -9.5443661
            ],
            [
              -38.0226021,
              -9.5444374
            ],
            [
              -38.0226093,
              -9.5445017
            ],
            [
              -38.0226535,
              -9.5445414
            ],
            [
              -38.0226952,
              -9.5445771
            ],
            [
              -38.022716,
              -9.5446128
            ],
            [
              -38.0227428,
              -9.5446723
            ],
            [
              -38.0227547,
              -9.5447169
            ],
            [
              -38.0227398,
              -9.5447496
            ],
            [
              -38.0227219,
              -9.5447794
            ],
            [
              -38.0227279,
              -9.544827
            ],
            [
              -38.0227547,
              -9.5448686
            ],
            [
              -38.0227695,
              -9.5449221
            ],
            [
              -38.0227725,
              -9.5449519
            ],
            [
              -38.0227636,
              -9.5449876
            ],
            [
              -38.0227457,
              -9.5450114
            ],
            [
              -38.022713,
              -9.5450471
            ],
            [
              -38.022713,
              -9.5451065
            ],
            [
              -38.0227249,
              -9.5451482
            ],
            [
              -38.0227517,
              -9.5451928
            ],
            [
              -38.0227457,
              -9.5452523
            ],
            [
              -38.0227517,
              -9.5453029
            ],
            [
              -38.0227844,
              -9.5453356
            ],
            [
              -38.0227933,
              -9.5453951
            ],
            [
              -38.0228231,
              -9.5454367
            ],
            [
              -38.0228558,
              -9.5455021
            ],
            [
              -38.0228796,
              -9.5455676
            ],
            [
              -38.0229182,
              -9.5456598
            ],
            [
              -38.0229718,
              -9.5457371
            ],
            [
              -38.0230015,
              -9.5457847
            ],
            [
              -38.0230105,
              -9.5458204
            ],
            [
              -38.0230194,
              -9.545862
            ],
            [
              -38.0230372,
              -9.5459096
            ],
            [
              -38.0230878,
              -9.5459661
            ],
            [
              -38.0231562,
              -9.5460762
            ],
            [
              -38.0231949,
              -9.5461416
            ],
            [
              -38.0231978,
              -9.5461773
            ],
            [
              -38.0232187,
              -9.5462338
            ],
            [
              -38.0232484,
              -9.5462546
            ],
            [
              -38.0232603,
              -9.5463473
            ],
            [
              -38.0232543,
              -9.5464663
            ],
            [
              -38.0232781,
              -9.546615
            ],
            [
              -38.0233376,
              -9.5467756
            ],
            [
              -38.0233912,
              -9.5469184
            ],
            [
              -38.0234447,
              -9.5470255
            ],
            [
              -38.0235042,
              -9.5471504
            ],
            [
              -38.0235637,
              -9.5472932
            ],
            [
              -38.0235696,
              -9.547424
            ],
            [
              -38.0236648,
              -9.5475847
            ],
            [
              -38.0236708,
              -9.5476858
            ],
            [
              -38.0237421,
              -9.5478702
            ],
            [
              -38.0237838,
              -9.5479951
            ],
            [
              -38.0237957,
              -9.5480606
            ],
            [
              -38.0238314,
              -9.5482093
            ],
            [
              -38.0238433,
              -9.5483401
            ],
            [
              -38.0238699,
              -9.5484905
            ],
            [
              -38.0238305,
              -9.5485112
            ],
            [
              -38.0237877,
              -9.5485397
            ],
            [
              -38.0237334,
              -9.548594
            ],
            [
              -38.023682,
              -9.5486382
            ],
            [
              -38.0236192,
              -9.5486811
            ],
            [
              -38.0235521,
              -9.5487225
            ],
            [
              -38.0235035,
              -9.5487596
            ],
            [
              -38.0234507,
              -9.5488181
            ],
            [
              -38.0234136,
              -9.5488343
            ],
            [
              -38.0233624,
              -9.5488593
            ],
            [
              -38.0233279,
              -9.548876
            ],
            [
              -38.0232637,
              -9.5489152
            ],
            [
              -38.0232054,
              -9.548958
            ],
            [
              -38.0231447,
              -9.5489997
            ],
            [
              -38.0231019,
              -9.5490378
            ],
            [
              -38.0230341,
              -9.5490972
            ],
            [
              -38.0228772,
              -9.5491444
            ],
            [
              -38.0227915,
              -9.5492491
            ],
            [
              -38.0226678,
              -9.5493824
            ],
            [
              -38.0224774,
              -9.5495109
            ],
            [
              -38.022287,
              -9.5495727
            ],
            [
              -38.0221443,
              -9.5495632
            ],
            [
              -38.0220348,
              -9.5495918
            ],
            [
              -38.021873,
              -9.549587
            ],
            [
              -38.0216969,
              -9.5496156
            ],
            [
              -38.0215161,
              -9.5495965
            ],
            [
              -38.0213829,
              -9.5496156
            ],
            [
              -38.0212734,
              -9.5496965
            ],
            [
              -38.0212163,
              -9.5497726
            ],
            [
              -38.0212163,
              -9.5498535
            ],
            [
              -38.0212258,
              -9.5499344
            ],
            [
              -38.0211497,
              -9.5499915
            ],
            [
              -38.0210926,
              -9.5500486
            ],
            [
              -38.0210069,
              -9.5500915
            ],
            [
              -38.020945,
              -9.5501533
            ],
            [
              -38.0208927,
              -9.5502628
            ],
            [
              -38.0208023,
              -9.5502057
            ],
            [
              -38.0207166,
              -9.5502104
            ],
            [
              -38.0207118,
              -9.5502866
            ],
            [
              -38.0207166,
              -9.5503722
            ],
            [
              -38.0208103,
              -9.5505348
            ],
            [
              -38.0206961,
              -9.5505823
            ],
            [
              -38.0205248,
              -9.5504967
            ],
            [
              -38.020363,
              -9.550411
            ],
            [
              -38.0202107,
              -9.5502683
            ],
            [
              -38.0200679,
              -9.5502016
            ],
            [
              -38.0199156,
              -9.5502016
            ],
            [
              -38.0196967,
              -9.5502111
            ],
            [
              -38.0195159,
              -9.5502397
            ],
            [
              -38.0193255,
              -9.5503158
            ],
            [
              -38.0191637,
              -9.550392
            ],
            [
              -38.0190019,
              -9.5504776
            ],
            [
              -38.0187354,
              -9.5506109
            ],
            [
              -38.0186402,
              -9.5506775
            ],
            [
              -38.0186783,
              -9.5508013
            ],
            [
              -38.0187069,
              -9.5510392
            ],
            [
              -38.0187069,
              -9.5513438
            ],
            [
              -38.0186878,
              -9.5515341
            ],
            [
              -38.0186688,
              -9.5516483
            ],
            [
              -38.0187259,
              -9.5518292
            ],
            [
              -38.0187545,
              -9.5519339
            ],
            [
              -38.0188116,
              -9.5521528
            ],
            [
              -38.0188782,
              -9.5523051
            ],
            [
              -38.0189639,
              -9.5525335
            ],
            [
              -38.01904,
              -9.5527714
            ],
            [
              -38.0191066,
              -9.5530284
            ],
            [
              -38.0191542,
              -9.553352
            ],
            [
              -38.0192113,
              -9.5536852
            ],
            [
              -38.019316,
              -9.5543038
            ],
            [
              -38.019335,
              -9.5545227
            ],
            [
              -38.0194017,
              -9.5547131
            ],
            [
              -38.0194778,
              -9.554913
            ],
            [
              -38.0196301,
              -9.555189
            ],
            [
              -38.0197348,
              -9.5554269
            ],
            [
              -38.019849,
              -9.5556268
            ],
            [
              -38.0199347,
              -9.5558457
            ],
            [
              -38.0200489,
              -9.5561312
            ],
            [
              -38.0201536,
              -9.5564453
            ],
            [
              -38.0201726,
              -9.5567499
            ],
            [
              -38.0201536,
              -9.5570735
            ],
            [
              -38.0201631,
              -9.557359
            ],
            [
              -38.0201345,
              -9.5576065
            ],
            [
              -38.0201441,
              -9.5578254
            ],
            [
              -38.0202012,
              -9.558149
            ],
            [
              -38.0203439,
              -9.5583965
            ],
            [
              -38.0203601,
              -9.5585226
            ],
            [
              -38.0203899,
              -9.5586832
            ],
            [
              -38.0203839,
              -9.5588617
            ],
            [
              -38.0203601,
              -9.5590282
            ],
            [
              -38.0203958,
              -9.559171
            ],
            [
              -38.0203066,
              -9.5593257
            ],
            [
              -38.0204077,
              -9.5594982
            ],
            [
              -38.0204612,
              -9.5596588
            ],
            [
              -38.0205743,
              -9.5599205
            ],
            [
              -38.0205624,
              -9.5600871
            ],
            [
              -38.0205981,
              -9.5602418
            ],
            [
              -38.0206338,
              -9.5603429
            ],
            [
              -38.0206992,
              -9.560444
            ],
            [
              -38.0207706,
              -9.560563
            ],
            [
              -38.020842,
              -9.5606403
            ],
            [
              -38.020842,
              -9.5607712
            ],
            [
              -38.0209014,
              -9.560914
            ],
            [
              -38.0208896,
              -9.5610448
            ],
            [
              -38.0208836,
              -9.561253
            ],
            [
              -38.0209014,
              -9.5614196
            ],
            [
              -38.0208955,
              -9.5615624
            ],
            [
              -38.0208479,
              -9.5616873
            ],
            [
              -38.0208078,
              -9.5619377
            ],
            [
              -38.0208003,
              -9.5619847
            ],
            [
              -38.0207468,
              -9.5621096
            ],
            [
              -38.0206516,
              -9.562181
            ],
            [
              -38.0205207,
              -9.5622881
            ],
            [
              -38.0203244,
              -9.5623654
            ],
            [
              -38.0201103,
              -9.5623952
            ],
            [
              -38.0199675,
              -9.5624071
            ],
            [
              -38.0197474,
              -9.5624368
            ],
            [
              -38.0196225,
              -9.5624904
            ],
            [
              -38.0194678,
              -9.5625498
            ],
            [
              -38.0193667,
              -9.5626272
            ],
            [
              -38.0193607,
              -9.5627521
            ],
            [
              -38.0193667,
              -9.5629544
            ],
            [
              -38.0194202,
              -9.5632161
            ],
            [
              -38.0194916,
              -9.5634124
            ],
            [
              -38.019563,
              -9.5636028
            ],
            [
              -38.0196879,
              -9.5637753
            ],
            [
              -38.0198128,
              -9.5639299
            ],
            [
              -38.0199437,
              -9.5640013
            ],
            [
              -38.0201876,
              -9.5641441
            ],
            [
              -38.0203482,
              -9.5643166
            ],
            [
              -38.0205862,
              -9.5644832
            ],
            [
              -38.0208003,
              -9.5647033
            ],
            [
              -38.0209728,
              -9.5648579
            ],
            [
              -38.0211058,
              -9.5648822
            ],
            [
              -38.0212486,
              -9.5648893
            ],
            [
              -38.0214342,
              -9.5649464
            ],
            [
              -38.0216055,
              -9.5649821
            ],
            [
              -38.0218268,
              -9.564975
            ],
            [
              -38.0219624,
              -9.5649393
            ],
            [
              -38.0220909,
              -9.564975
            ],
            [
              -38.0222052,
              -9.5650321
            ],
            [
              -38.0223051,
              -9.5650749
            ],
            [
              -38.0224407,
              -9.5651606
            ],
            [
              -38.0225906,
              -9.5652462
            ],
            [
              -38.0227762,
              -9.5652962
            ],
            [
              -38.0229547,
              -9.5653034
            ],
            [
              -38.0230332,
              -9.5653533
            ],
            [
              -38.0231331,
              -9.5654247
            ],
            [
              -38.0233473,
              -9.5655318
            ],
            [
              -38.0235115,
              -9.5656032
            ],
            [
              -38.0237114,
              -9.5657102
            ],
            [
              -38.0239469,
              -9.5658459
            ],
            [
              -38.0241254,
              -9.5659387
            ],
            [
              -38.0242753,
              -9.5660386
            ],
            [
              -38.0243538,
              -9.5660957
            ],
            [
              -38.0244395,
              -9.5662742
            ],
            [
              -38.0244752,
              -9.5664027
            ],
            [
              -38.0245323,
              -9.5665312
            ],
            [
              -38.0246536,
              -9.5666668
            ],
            [
              -38.0247464,
              -9.5667596
            ],
            [
              -38.0249035,
              -9.5668381
            ],
            [
              -38.0250605,
              -9.5669095
            ],
            [
              -38.0252104,
              -9.5669952
            ],
            [
              -38.0254032,
              -9.5671308
            ],
            [
              -38.0255531,
              -9.5672593
            ],
            [
              -38.0258315,
              -9.567402
            ],
            [
              -38.0260028,
              -9.5675305
            ],
            [
              -38.0261741,
              -9.5676162
            ],
            [
              -38.0263026,
              -9.5677447
            ],
            [
              -38.0264097,
              -9.5678375
            ],
            [
              -38.026531,
              -9.5680017
            ],
            [
              -38.0266167,
              -9.5681087
            ],
            [
              -38.0266381,
              -9.5682087
            ],
            [
              -38.0266238,
              -9.5683015
            ],
            [
              -38.026631,
              -9.5684442
            ],
            [
              -38.0266666,
              -9.5685799
            ],
            [
              -38.026705,
              -9.5686663
            ],
            [
              -38.0267238,
              -9.5687655
            ],
            [
              -38.026727,
              -9.5687955
            ],
            [
              -38.0267594,
              -9.5690938
            ],
            [
              -38.0267809,
              -9.5694793
            ],
            [
              -38.0268951,
              -9.5697292
            ],
            [
              -38.0270093,
              -9.5698434
            ],
            [
              -38.0271235,
              -9.5699433
            ],
            [
              -38.0271521,
              -9.5701646
            ],
            [
              -38.0270664,
              -9.5704287
            ],
            [
              -38.0270236,
              -9.5707142
            ],
            [
              -38.0270225,
              -9.5707733
            ],
            [
              -38.0270654,
              -9.5708518
            ],
            [
              -38.0270475,
              -9.5709374
            ],
            [
              -38.0270475,
              -9.5710088
            ],
            [
              -38.0270903,
              -9.5710588
            ],
            [
              -38.027151,
              -9.5711445
            ],
            [
              -38.0272688,
              -9.5712694
            ],
            [
              -38.0273152,
              -9.5713836
            ],
            [
              -38.027358,
              -9.5715228
            ],
            [
              -38.0273759,
              -9.5716941
            ],
            [
              -38.0273866,
              -9.571894
            ],
            [
              -38.0273866,
              -9.5720689
            ],
            [
              -38.0273438,
              -9.5722616
            ],
            [
              -38.0272331,
              -9.57249
            ],
            [
              -38.0271296,
              -9.5726364
            ],
            [
              -38.0269904,
              -9.5728184
            ],
            [
              -38.0268476,
              -9.5729826
            ],
            [
              -38.0268155,
              -9.5730254
            ],
            [
              -38.026787,
              -9.573079
            ],
            [
              -38.0267656,
              -9.5731575
            ],
            [
              -38.0267548,
              -9.5732681
            ],
            [
              -38.0267656,
              -9.5733645
            ],
            [
              -38.0267727,
              -9.5734966
            ],
            [
              -38.026812,
              -9.5735965
            ],
            [
              -38.0268655,
              -9.5736643
            ],
            [
              -38.0269619,
              -9.5737821
            ],
            [
              -38.0270047,
              -9.573857
            ],
            [
              -38.0270618,
              -9.5739106
            ],
            [
              -38.027151,
              -9.5739855
            ],
            [
              -38.0272724,
              -9.5741033
            ],
            [
              -38.0274009,
              -9.5742282
            ],
            [
              -38.0275472,
              -9.5743389
            ],
            [
              -38.0276507,
              -9.5744495
            ],
            [
              -38.0277007,
              -9.5745423
            ],
            [
              -38.0277578,
              -9.5746173
            ],
            [
              -38.0278256,
              -9.574678
            ],
            [
              -38.027922,
              -9.5747458
            ],
            [
              -38.0280897,
              -9.5748493
            ],
            [
              -38.0282361,
              -9.5749064
            ],
            [
              -38.0283753,
              -9.5749742
            ],
            [
              -38.028518,
              -9.5749992
            ],
            [
              -38.0285787,
              -9.5749956
            ],
            [
              -38.0287072,
              -9.5749849
            ],
            [
              -38.0289035,
              -9.574992
            ],
            [
              -38.0290855,
              -9.574992
            ],
            [
              -38.0292069,
              -9.5749635
            ],
            [
              -38.0292925,
              -9.574992
            ],
            [
              -38.0293925,
              -9.5750527
            ],
            [
              -38.0294996,
              -9.5750706
            ],
            [
              -38.0296423,
              -9.5750206
            ],
            [
              -38.0298315,
              -9.5749242
            ],
            [
              -38.0300278,
              -9.5747922
            ],
            [
              -38.0302027,
              -9.5746637
            ],
            [
              -38.0305203,
              -9.5744602
            ],
            [
              -38.030681,
              -9.574321
            ],
            [
              -38.030888,
              -9.5741426
            ],
            [
              -38.0309237,
              -9.5740284
            ],
            [
              -38.0309772,
              -9.5738963
            ],
            [
              -38.0310129,
              -9.5737785
            ],
            [
              -38.0310022,
              -9.5736143
            ],
            [
              -38.0309843,
              -9.5734573
            ],
            [
              -38.0309915,
              -9.5733217
            ],
            [
              -38.0309843,
              -9.5731682
            ],
            [
              -38.0310022,
              -9.5730183
            ],
            [
              -38.0310058,
              -9.5729041
            ],
            [
              -38.0310272,
              -9.5727899
            ],
            [
              -38.0310771,
              -9.5726114
            ],
            [
              -38.0310843,
              -9.5724686
            ],
            [
              -38.0310058,
              -9.5722818
            ],
            [
              -38.0310248,
              -9.5720344
            ],
            [
              -38.0309867,
              -9.571568
            ],
            [
              -38.0309962,
              -9.5713776
            ],
            [
              -38.0309486,
              -9.5712444
            ],
            [
              -38.0309106,
              -9.5710636
            ],
            [
              -38.0309106,
              -9.5708066
            ],
            [
              -38.0308825,
              -9.5707083
            ],
            [
              -38.030829,
              -9.5706262
            ],
            [
              -38.0308147,
              -9.5705013
            ],
            [
              -38.030829,
              -9.5704013
            ],
            [
              -38.0308504,
              -9.5702514
            ],
            [
              -38.0308825,
              -9.5700837
            ],
            [
              -38.0309146,
              -9.5699766
            ],
            [
              -38.0309039,
              -9.5697982
            ],
            [
              -38.0308825,
              -9.5694412
            ],
            [
              -38.0308646,
              -9.5691343
            ],
            [
              -38.0308861,
              -9.5690415
            ],
            [
              -38.0308968,
              -9.5689523
            ],
            [
              -38.0309003,
              -9.5688523
            ],
            [
              -38.0309218,
              -9.5687452
            ],
            [
              -38.0309218,
              -9.568631
            ],
            [
              -38.0309467,
              -9.5684918
            ],
            [
              -38.0310074,
              -9.5683776
            ],
            [
              -38.0310324,
              -9.5683526
            ],
            [
              -38.0310788,
              -9.5683241
            ],
            [
              -38.0311145,
              -9.5682777
            ],
            [
              -38.031193,
              -9.5681992
            ],
            [
              -38.0312323,
              -9.5681278
            ],
            [
              -38.0312537,
              -9.5680278
            ],
            [
              -38.0312715,
              -9.5679279
            ],
            [
              -38.0312965,
              -9.5678458
            ],
            [
              -38.0313251,
              -9.5677637
            ],
            [
              -38.0313501,
              -9.5677137
            ],
            [
              -38.0314357,
              -9.5676245
            ],
            [
              -38.0315321,
              -9.5675389
            ],
            [
              -38.0316356,
              -9.5674104
            ],
            [
              -38.0316998,
              -9.5673426
            ],
            [
              -38.0317855,
              -9.5673069
            ],
            [
              -38.0318497,
              -9.5672783
            ],
            [
              -38.031914,
              -9.5672962
            ],
            [
              -38.0319889,
              -9.5673069
            ],
            [
              -38.0320889,
              -9.5673497
            ],
            [
              -38.0321674,
              -9.567364
            ],
            [
              -38.0322852,
              -9.5674032
            ],
            [
              -38.0324065,
              -9.5674282
            ],
            [
              -38.03256,
              -9.5674889
            ],
            [
              -38.0326814,
              -9.5676174
            ],
            [
              -38.0328634,
              -9.5677387
            ],
            [
              -38.0329098,
              -9.567778
            ],
            [
              -38.0329847,
              -9.567828
            ],
            [
              -38.0330561,
              -9.5678565
            ],
            [
              -38.0331168,
              -9.5679279
            ],
            [
              -38.0331918,
              -9.5679886
            ],
            [
              -38.0333167,
              -9.5680385
            ],
            [
              -38.0334702,
              -9.5680778
            ],
            [
              -38.0336129,
              -9.5681421
            ],
            [
              -38.0338271,
              -9.5682527
            ],
            [
              -38.0339175,
              -9.568264
            ],
            [
              -38.0340103,
              -9.5683068
            ],
            [
              -38.0341245,
              -9.5682997
            ],
            [
              -38.0342102,
              -9.5682069
            ],
            [
              -38.0343672,
              -9.5681712
            ],
            [
              -38.0344957,
              -9.5682426
            ],
            [
              -38.0345814,
              -9.5683854
            ],
            [
              -38.0347527,
              -9.5684924
            ],
            [
              -38.0350953,
              -9.5686637
            ],
            [
              -38.035438,
              -9.5688565
            ],
            [
              -38.0356236,
              -9.5689636
            ],
            [
              -38.0358449,
              -9.5689921
            ],
            [
              -38.0361589,
              -9.5689707
            ],
            [
              -38.0363874,
              -9.5689993
            ],
            [
              -38.0365944,
              -9.5691135
            ],
            [
              -38.0367728,
              -9.5691563
            ],
            [
              -38.037037,
              -9.5691848
            ],
            [
              -38.0372511,
              -9.5692134
            ],
            [
              -38.0373868,
              -9.569349
            ],
            [
              -38.0374367,
              -9.5694561
            ],
            [
              -38.0376223,
              -9.5695632
            ],
            [
              -38.0377722,
              -9.5695775
            ],
            [
              -38.037965,
              -9.569656
            ],
            [
              -38.0380792,
              -9.5697416
            ],
            [
              -38.0381077,
              -9.5698344
            ],
            [
              -38.0378793,
              -9.5701699
            ],
            [
              -38.0379007,
              -9.5702984
            ],
            [
              -38.0380435,
              -9.5704127
            ],
            [
              -38.0383362,
              -9.5707482
            ],
            [
              -38.0384575,
              -9.570791
            ],
            [
              -38.0390571,
              -9.5709409
            ],
            [
              -38.0394426,
              -9.5711051
            ],
            [
              -38.0395568,
              -9.5711979
            ],
            [
              -38.0397852,
              -9.5713692
            ],
            [
              -38.0399637,
              -9.5714549
            ],
            [
              -38.0401993,
              -9.5716405
            ],
            [
              -38.0405205,
              -9.5718046
            ],
            [
              -38.0407561,
              -9.5719688
            ],
            [
              -38.041013,
              -9.5721259
            ],
            [
              -38.0413343,
              -9.5723614
            ],
            [
              -38.0415342,
              -9.572597
            ],
            [
              -38.0417626,
              -9.5728968
            ],
            [
              -38.0419053,
              -9.573218
            ],
            [
              -38.0420267,
              -9.5735107
            ],
            [
              -38.0420267,
              -9.5736249
            ],
            [
              -38.0419196,
              -9.573782
            ],
            [
              -38.0418197,
              -9.5738319
            ],
            [
              -38.0416841,
              -9.5739105
            ],
            [
              -38.0416341,
              -9.5740461
            ],
            [
              -38.0415841,
              -9.5742888
            ],
            [
              -38.0415984,
              -9.5744458
            ],
            [
              -38.0416912,
              -9.5745743
            ],
            [
              -38.0418268,
              -9.5745886
            ],
            [
              -38.0419053,
              -9.5746671
            ],
            [
              -38.041941,
              -9.5747599
            ],
            [
              -38.041991,
              -9.5748527
            ],
            [
              -38.042041,
              -9.5749884
            ],
            [
              -38.0420553,
              -9.5750954
            ],
            [
              -38.0420196,
              -9.5752239
            ],
            [
              -38.0419268,
              -9.5753738
            ],
            [
              -38.0417269,
              -9.5754952
            ],
            [
              -38.0415841,
              -9.575588
            ],
            [
              -38.0414699,
              -9.5756808
            ],
            [
              -38.0414271,
              -9.5758021
            ],
            [
              -38.0413771,
              -9.5759806
            ],
            [
              -38.0413486,
              -9.5761019
            ],
            [
              -38.0411058,
              -9.5763446
            ],
            [
              -38.0407703,
              -9.5765659
            ],
            [
              -38.0400922,
              -9.5771584
            ],
            [
              -38.0399066,
              -9.5774939
            ],
            [
              -38.0397281,
              -9.5777509
            ],
            [
              -38.0397267,
              -9.5778623
            ],
            [
              -38.0397504,
              -9.5779694
            ],
            [
              -38.0397462,
              -9.5780261
            ],
            [
              -38.0398218,
              -9.5782252
            ],
            [
              -38.0396731,
              -9.578356
            ],
            [
              -38.0395779,
              -9.5784393
            ],
            [
              -38.0394114,
              -9.5784572
            ],
            [
              -38.0391794,
              -9.5784453
            ],
            [
              -38.0388879,
              -9.5784988
            ],
            [
              -38.0387332,
              -9.5785702
            ],
            [
              -38.0385131,
              -9.5786356
            ],
            [
              -38.0381978,
              -9.578707
            ],
            [
              -38.0379837,
              -9.5787843
            ],
            [
              -38.0379242,
              -9.5788438
            ],
            [
              -38.0378826,
              -9.578939
            ],
            [
              -38.0378766,
              -9.5791115
            ],
            [
              -38.0378766,
              -9.5792245
            ],
            [
              -38.0379064,
              -9.5793435
            ],
            [
              -38.0378647,
              -9.5795517
            ],
            [
              -38.0376803,
              -9.5797778
            ],
            [
              -38.0374959,
              -9.5799681
            ],
            [
              -38.037365,
              -9.5801109
            ],
            [
              -38.0372044,
              -9.5801882
            ],
            [
              -38.037026,
              -9.5802775
            ],
            [
              -38.0370081,
              -9.5803786
            ],
            [
              -38.03702,
              -9.5804916
            ],
            [
              -38.0370319,
              -9.5806879
            ],
            [
              -38.0371509,
              -9.5808604
            ],
            [
              -38.0371628,
              -9.581027
            ],
            [
              -38.0372818,
              -9.5811579
            ],
            [
              -38.0373591,
              -9.5812233
            ],
            [
              -38.0374483,
              -9.5812471
            ],
            [
              -38.0375792,
              -9.5813542
            ],
            [
              -38.0376149,
              -9.5814672
            ],
            [
              -38.0376863,
              -9.5816278
            ],
            [
              -38.0377339,
              -9.5817527
            ],
            [
              -38.037829,
              -9.5818598
            ],
            [
              -38.037948,
              -9.5819728
            ],
            [
              -38.0380848,
              -9.5820145
            ],
            [
              -38.0382276,
              -9.5820858
            ],
            [
              -38.0383823,
              -9.5821453
            ],
            [
              -38.0384536,
              -9.5822524
            ],
            [
              -38.0385845,
              -9.5823476
            ],
            [
              -38.0387213,
              -9.5824368
            ],
            [
              -38.0388225,
              -9.5823357
            ],
            [
              -38.0389176,
              -9.5823178
            ],
            [
              -38.0389652,
              -9.5822405
            ],
            [
              -38.0389712,
              -9.5821215
            ],
            [
              -38.0389176,
              -9.5820026
            ],
            [
              -38.0390009,
              -9.5819133
            ],
            [
              -38.0391154,
              -9.5818534
            ],
            [
              -38.0391258,
              -9.5818479
            ],
            [
              -38.0392686,
              -9.5818241
            ],
            [
              -38.0393043,
              -9.5818717
            ],
            [
              -38.0393876,
              -9.5818955
            ],
            [
              -38.0394292,
              -9.5819966
            ],
            [
              -38.039453,
              -9.5821334
            ],
            [
              -38.0394828,
              -9.5822465
            ],
            [
              -38.0395185,
              -9.5823238
            ],
            [
              -38.0396017,
              -9.5824904
            ],
            [
              -38.0396315,
              -9.5825915
            ],
            [
              -38.039685,
              -9.5827461
            ],
            [
              -38.0397802,
              -9.582758
            ],
            [
              -38.0398397,
              -9.5827164
            ],
            [
              -38.0399051,
              -9.5826688
            ],
            [
              -38.0399408,
              -9.5826153
            ],
            [
              -38.0398873,
              -9.5825082
            ],
            [
              -38.0397861,
              -9.5824309
            ],
            [
              -38.0398635,
              -9.5823
            ],
            [
              -38.040036,
              -9.5823
            ],
            [
              -38.0401847,
              -9.5823059
            ],
            [
              -38.0402858,
              -9.5823595
            ],
            [
              -38.0404702,
              -9.5823952
            ],
            [
              -38.0405595,
              -9.5824666
            ],
            [
              -38.0406665,
              -9.5824785
            ],
            [
              -38.040845,
              -9.5824963
            ],
            [
              -38.0410116,
              -9.5824844
            ],
            [
              -38.0411484,
              -9.5824904
            ],
            [
              -38.0411841,
              -9.5825796
            ],
            [
              -38.0412257,
              -9.5826391
            ],
            [
              -38.0413328,
              -9.5827164
            ],
            [
              -38.0414101,
              -9.5827937
            ],
            [
              -38.0413804,
              -9.5829722
            ],
            [
              -38.0413625,
              -9.5830733
            ],
            [
              -38.041428,
              -9.5831447
            ],
            [
              -38.0414756,
              -9.5831804
            ],
            [
              -38.0416183,
              -9.5832399
            ],
            [
              -38.0417551,
              -9.5831982
            ],
            [
              -38.041892,
              -9.5830971
            ],
            [
              -38.0420347,
              -9.5830674
            ],
            [
              -38.0422429,
              -9.583115
            ],
            [
              -38.0423084,
              -9.5831744
            ],
            [
              -38.0424333,
              -9.5832161
            ],
            [
              -38.0425999,
              -9.5832339
            ],
            [
              -38.0427962,
              -9.583228
            ],
            [
              -38.0429449,
              -9.5832339
            ],
            [
              -38.0430936,
              -9.5832101
            ],
            [
              -38.0431769,
              -9.583222
            ],
            [
              -38.0432839,
              -9.5832339
            ],
            [
              -38.0433613,
              -9.583228
            ],
            [
              -38.0434803,
              -9.5832756
            ],
            [
              -38.0435695,
              -9.5832934
            ],
            [
              -38.0437004,
              -9.5833529
            ],
            [
              -38.0437955,
              -9.5833826
            ],
            [
              -38.043861,
              -9.583454
            ],
            [
              -38.0439918,
              -9.5834957
            ],
            [
              -38.0440751,
              -9.5835373
            ],
            [
              -38.0441822,
              -9.5835671
            ],
            [
              -38.0442536,
              -9.5836801
            ],
            [
              -38.0442774,
              -9.5837872
            ],
            [
              -38.044319,
              -9.5838764
            ],
            [
              -38.0444499,
              -9.5838764
            ],
            [
              -38.044551,
              -9.5838823
            ],
            [
              -38.0446283,
              -9.5838407
            ],
            [
              -38.0446521,
              -9.5837515
            ],
            [
              -38.0447414,
              -9.5837158
            ],
            [
              -38.0448425,
              -9.5836979
            ],
            [
              -38.0449615,
              -9.5837217
            ],
            [
              -38.0450388,
              -9.5837693
            ],
            [
              -38.0451459,
              -9.5837931
            ],
            [
              -38.0453303,
              -9.5838347
            ],
            [
              -38.0454493,
              -9.5838466
            ],
            [
              -38.0455385,
              -9.5838942
            ],
            [
              -38.0456515,
              -9.5840073
            ],
            [
              -38.0457348,
              -9.5841203
            ],
            [
              -38.0458776,
              -9.5841917
            ],
            [
              -38.0459014,
              -9.5842393
            ],
            [
              -38.0458716,
              -9.5843047
            ],
            [
              -38.0457467,
              -9.5844237
            ],
            [
              -38.0457526,
              -9.5845486
            ],
            [
              -38.0457288,
              -9.5846616
            ],
            [
              -38.045705,
              -9.5847449
            ],
            [
              -38.0456099,
              -9.5848222
            ],
            [
              -38.0455742,
              -9.5848877
            ],
            [
              -38.0455623,
              -9.5849709
            ],
            [
              -38.0456099,
              -9.585084
            ],
            [
              -38.0456396,
              -9.5851791
            ],
            [
              -38.0457288,
              -9.5851851
            ],
            [
              -38.0457705,
              -9.5852624
            ],
            [
              -38.0457586,
              -9.5853279
            ],
            [
              -38.0457943,
              -9.585429
            ],
            [
              -38.0458895,
              -9.5855242
            ],
            [
              -38.0460025,
              -9.5856134
            ],
            [
              -38.0460144,
              -9.5857264
            ],
            [
              -38.0461155,
              -9.5858097
            ],
            [
              -38.0462107,
              -9.5859584
            ],
            [
              -38.0463475,
              -9.5861726
            ],
            [
              -38.0464605,
              -9.5863272
            ],
            [
              -38.0466092,
              -9.5865057
            ],
            [
              -38.0467425,
              -9.5866009
            ],
            [
              -38.0468948,
              -9.5867151
            ],
            [
              -38.047009,
              -9.5868293
            ],
            [
              -38.0471613,
              -9.5869816
            ],
            [
              -38.0473516,
              -9.5870768
            ],
            [
              -38.047561,
              -9.587229
            ],
            [
              -38.0477323,
              -9.5872671
            ],
            [
              -38.0479417,
              -9.5873813
            ],
            [
              -38.0481321,
              -9.5875146
            ],
            [
              -38.0483415,
              -9.5875336
            ],
            [
              -38.048589,
              -9.5875717
            ],
            [
              -38.0487122,
              -9.58762
            ],
            [
              -38.048855,
              -9.5876557
            ],
            [
              -38.0489977,
              -9.5877414
            ],
            [
              -38.0491262,
              -9.5877842
            ],
            [
              -38.0492976,
              -9.5878556
            ],
            [
              -38.0494903,
              -9.587877
            ],
            [
              -38.0495974,
              -9.5879341
            ],
            [
              -38.049783,
              -9.5880483
            ],
            [
              -38.0499257,
              -9.5881126
            ],
            [
              -38.0500899,
              -9.5882411
            ],
            [
              -38.050247,
              -9.5883267
            ],
            [
              -38.0503683,
              -9.5884195
            ],
            [
              -38.0505111,
              -9.5885052
            ],
            [
              -38.0507324,
              -9.5885623
            ],
            [
              -38.0509251,
              -9.5885195
            ],
            [
              -38.051025,
              -9.5884838
            ],
            [
              -38.0511321,
              -9.588391
            ],
            [
              -38.0511464,
              -9.5882482
            ],
            [
              -38.0512178,
              -9.5881411
            ],
            [
              -38.0513177,
              -9.5881054
            ],
            [
              -38.0514534,
              -9.5880912
            ],
            [
              -38.051489,
              -9.5881483
            ],
            [
              -38.0515604,
              -9.5881554
            ],
            [
              -38.0516175,
              -9.5881911
            ],
            [
              -38.0518031,
              -9.5881768
            ],
            [
              -38.0518745,
              -9.5881982
            ],
            [
              -38.0520244,
              -9.5882625
            ],
            [
              -38.0520577,
              -9.5884136
            ],
            [
              -38.0521719,
              -9.5885278
            ],
            [
              -38.0522671,
              -9.588623
            ],
            [
              -38.0524194,
              -9.5886991
            ],
            [
              -38.0525527,
              -9.5884136
            ],
            [
              -38.0526288,
              -9.5882232
            ],
            [
              -38.0528001,
              -9.5882613
            ],
            [
              -38.0530857,
              -9.5883184
            ],
            [
              -38.0532189,
              -9.5880709
            ],
            [
              -38.0532379,
              -9.5879377
            ],
            [
              -38.0534283,
              -9.5878616
            ],
            [
              -38.0537138,
              -9.5878044
            ],
            [
              -38.0539423,
              -9.5878425
            ],
            [
              -38.0539803,
              -9.5877093
            ],
            [
              -38.0538281,
              -9.5874808
            ],
            [
              -38.0539232,
              -9.5873095
            ],
            [
              -38.0541897,
              -9.5872334
            ],
            [
              -38.0545514,
              -9.5871763
            ],
            [
              -38.0549512,
              -9.587024
            ],
            [
              -38.0553128,
              -9.5868336
            ],
            [
              -38.0556555,
              -9.5866052
            ],
            [
              -38.0559981,
              -9.5864529
            ],
            [
              -38.0562456,
              -9.5862626
            ],
            [
              -38.0566834,
              -9.5862435
            ],
            [
              -38.0570641,
              -9.5862473
            ],
            [
              -38.0574258,
              -9.5862283
            ],
            [
              -38.0577018,
              -9.5862283
            ],
            [
              -38.0579778,
              -9.5862093
            ],
            [
              -38.0582443,
              -9.5861617
            ],
            [
              -38.0583585,
              -9.5861331
            ],
            [
              -38.0584061,
              -9.5861284
            ],
            [
              -38.0585679,
              -9.5862235
            ],
            [
              -38.0585632,
              -9.5862616
            ],
            [
              -38.0586346,
              -9.5862616
            ],
            [
              -38.0587583,
              -9.5861997
            ],
            [
              -38.0588535,
              -9.5861569
            ],
            [
              -38.0589867,
              -9.5861617
            ],
            [
              -38.0590962,
              -9.5861855
            ],
            [
              -38.0592056,
              -9.5862473
            ],
            [
              -38.0593151,
              -9.5862997
            ],
            [
              -38.0593912,
              -9.5863425
            ],
            [
              -38.0594626,
              -9.5863901
            ],
            [
              -38.0595245,
              -9.5864662
            ],
            [
              -38.0595721,
              -9.5865471
            ],
            [
              -38.0596101,
              -9.586628
            ],
            [
              -38.0596672,
              -9.5867137
            ],
            [
              -38.0597101,
              -9.5867946
            ],
            [
              -38.0597719,
              -9.586866
            ],
            [
              -38.0598195,
              -9.5869088
            ],
            [
              -38.0598909,
              -9.5869516
            ],
            [
              -38.0599385,
              -9.5869659
            ],
            [
              -38.0599861,
              -9.586985
            ],
            [
              -38.060067,
              -9.5869802
            ],
            [
              -38.0601717,
              -9.5869945
            ],
            [
              -38.0602526,
              -9.5870563
            ],
            [
              -38.0603573,
              -9.5871468
            ],
            [
              -38.0604096,
              -9.5872086
            ],
            [
              -38.0604905,
              -9.5872848
            ],
            [
              -38.0605714,
              -9.5873514
            ],
            [
              -38.0606523,
              -9.587399
            ],
            [
              -38.0607475,
              -9.5874418
            ],
            [
              -38.0608617,
              -9.5874704
            ],
            [
              -38.0609712,
              -9.5875037
            ],
            [
              -38.0610055,
              -9.5875296
            ],
            [
              -38.061015,
              -9.5875638
            ],
            [
              -38.0610379,
              -9.5876114
            ],
            [
              -38.0610389,
              -9.5876379
            ],
            [
              -38.0610394,
              -9.5876488
            ],
            [
              -38.0609085,
              -9.5876901
            ],
            [
              -38.0608538,
              -9.5877259
            ],
            [
              -38.0608319,
              -9.5878224
            ],
            [
              -38.0608307,
              -9.5878376
            ],
            [
              -38.0608552,
              -9.5879922
            ],
            [
              -38.0608547,
              -9.5879971
            ],
            [
              -38.0608799,
              -9.5881341
            ],
            [
              -38.0608833,
              -9.5881486
            ],
            [
              -38.060843,
              -9.5883019
            ],
            [
              -38.0607914,
              -9.588458
            ],
            [
              -38.0606996,
              -9.589117
            ],
            [
              -38.0606748,
              -9.5894456
            ],
            [
              -38.0606799,
              -9.5894759
            ],
            [
              -38.0606911,
              -9.5895261
            ],
            [
              -38.0608575,
              -9.5898507
            ],
            [
              -38.060885,
              -9.5898893
            ],
            [
              -38.0609067,
              -9.5899085
            ],
            [
              -38.0611655,
              -9.5902389
            ],
            [
              -38.0614196,
              -9.5904768
            ],
            [
              -38.0614477,
              -9.5904948
            ],
            [
              -38.0616036,
              -9.590629
            ],
            [
              -38.0616285,
              -9.5906644
            ],
            [
              -38.0617097,
              -9.5909087
            ]
          ]
        ]
      }
    }
  ]
}