{"type":"FeatureCollection","features":[{"type":"Feature","geometry":{"type":"Point","coordinates":[-49.328453,-25.477997]},"properties":{"id":"375773770548992","veg":0.2,"date":"2020-11-17","h":893.2}},{"type":"Feature","geometry":{"type":"Point","coordinates":[-49.32834,-25.477988]},"properties":{"id":"262275452323660","veg":0.1,"date":"2020-11-17","h":893.2}},{"type":"Feature","geometry":{"type":"Point","coordinates":[-49.328241,-25.478002]},"properties":{"id":"4081214121965213","veg":0.0,"date":"2020-11-17","h":893.2}},{"type":"Feature","geometry":{"type":"Point","coordinates":[-49.328185,-25.478004]},"properties":{"id":"395647321864206","veg":0.2,"date":"2020-11-17","h":893.3}},{"type":"Feature","geometry":{"type":"Point","coordinates":[-49.328296,-25.478004]},"properties":{"id":"4210207802355605","veg":0.2,"date":"2020-11-17","h":893.2}},{"type":"Feature","geometry":{"type":"Point","coordinates":[-49.328396,-25.477992]},"properties":{"id":"497453984867220","veg":0.2,"date":"2020-11-17","h":893.2}},{"type":"Feature","geometry":{"type":"Point","coordinates":[-49.328509,-25.478005]},"properties":{"id":"532264327913327","veg":0.3,"date":"2020-11-17","h":893.2}},{"type":"Feature","geometry":{"type":"Point","coordinates":[-49.328565,-25.478014]},"properties":{"id":"105171178416543","veg":0.3,"date":"2020-11-17","h":893.2}},{"type":"Feature","geometry":{"type":"Point","coordinates":[-49.328312,-25.478443]},"properties":{"id":"168638848629922","veg":7.4,"date":"2020-11-17","h":894.2}},{"type":"Feature","geometry":{"type":"Point","coordinates":[-49.328602,-25.478855]},"properties":{"id":"326311429218319","veg":12.6,"date":"2020-11-17","h":893.0}},{"type":"Feature","geometry":{"type":"Point","coordinates":[-49.328542,-25.478823]},"properties":{"id":"495621564850148","veg":11.6,"date":"2020-11-17","h":893.1}},{"type":"Feature","geometry":{"type":"Point","coordinates":[-49.328382,-25.478617]},"properties":{"id":"225822379363550","veg":10.9,"date":"2020-11-17","h":893.8}},{"type":"Feature","geometry":{"type":"Point","coordinates":[-49.328284,-25.478408]},"properties":{"id":"170490331794188","veg":6.4,"date":"2020-11-17","h":894.4}},{"type":"Feature","geometry":{"type":"Point","coordinates":[-49.328345,-25.478555]},"properties":{"id":"372075147858674","veg":11.5,"date":"2020-11-17","h":894.0}},{"type":"Feature","geometry":{"type":"Point","coordinates":[-49.328331,-25.478466]},"properties":{"id":"855996188685662","veg":9.0,"date":"2020-11-17","h":894.1}},{"type":"Feature","geometry":{"type":"Point","coordinates":[-49.328453,-25.47873]},"properties":{"id":"332824421731772","veg":8.0,"date":"2020-11-17","h":893.4}},{"type":"Feature","geometry":{"type":"Point","coordinates":[-49.328417,-25.478676]},"properties":{"id":"491152611954022","veg":7.1,"date":"2020-11-17","h":893.6}},{"type":"Feature","geometry":{"type":"Point","coordinates":[-49.328494,-25.47878]},"properties":{"id":"956831678443875","veg":10.2,"date":"2020-11-17","h":893.3}},{"type":"Feature","geometry":{"type":"Point","coordinates":[-49.328258,-25.478373]},"properties":{"id":"842420796706030","veg":5.2,"date":"2020-11-17","h":894.5}},{"type":"Feature","geometry":{"type":"Point","coordinates":[-49.322611,-25.485893]},"properties":{"id":"1149785372434165","veg":0.0,"date":"2022-03-05","h":914.7}},{"type":"Feature","geometry":{"type":"Point","coordinates":[-49.322607,-25.485894]},"properties":{"id":"290285636510237","veg":0.0,"date":"2022-03-05","h":914.7}},{"type":"Feature","geometry":{"type":"Point","coordinates":[-49.325798,-25.502208]},"properties":{"id":"1922860284547944","veg":24.3,"date":"2020-10-28","h":903.0}},{"type":"Feature","geometry":{"type":"Point","coordinates":[-49.325826,-25.5023]},"properties":{"id":"1160698794410296","veg":15.5,"date":"2020-10-28","h":903.1}},{"type":"Feature","geometry":{"type":"Point","coordinates":[-49.325825,-25.502339]},"properties":{"id":"148808103894842","veg":10.8,"date":"2020-10-28","h":903.2}},{"type":"Feature","geometry":{"type":"Point","coordinates":[-49.325803,-25.502398]},"properties":{"id":"166044918915144","veg":30.4,"date":"2020-10-28","h":902.3}},{"type":"Feature","geometry":{"type":"Point","coordinates":[-49.325818,-25.502171]},"properties":{"id":"1778415175663859","veg":19.9,"date":"2020-10-28","h":903.1}},{"type":"Feature","geometry":{"type":"Point","coordinates":[-49.325807,-25.502255]},"properties":{"id":"333771041610476","veg":18.5,"date":"2020-10-28","h":903.0}},{"type":"Feature","geometry":{"type":"Point","coordinates":[-49.325851,-25.502149]},"properties":{"id":"534388607817423","veg":18.8,"date":"2020-10-28","h":903.3}},{"type":"Feature","geometry":{"type":"Point","coordinates":[-49.328072,-25.501473]},"properties":{"id":"335708391463420","veg":8.5,"date":"2020-10-28","h":898.0}},{"type":"Feature","geometry":{"type":"Point","coordinates":[-49.327931,-25.501509]},"properties":{"id":"1497870070564423","veg":8.9,"date":"2020-10-28","h":898.4}},{"type":"Feature","geometry":{"type":"Point","coordinates":[-49.328024,-25.501485]},"properties":{"id":"167731612062891","veg":6.6,"date":"2020-10-28","h":898.2}},{"type":"Feature","geometry":{"type":"Point","coordinates":[-49.328121,-25.50146]},"properties":{"id":"1271907053243412","veg":12.7,"date":"2020-10-28","h":897.9}},{"type":"Feature","geometry":{"type":"Point","coordinates":[-49.328483,-25.501368]},"properties":{"id":"952683932237186","veg":3.4,"date":"2020-10-28","h":897.5}},{"type":"Feature","geometry":{"type":"Point","coordinates":[-49.327886,-25.501521]},"properties":{"id":"538104504032928","veg":8.2,"date":"2020-10-28","h":898.5}},{"type":"Feature","geometry":{"type":"Point","coordinates":[-49.327977,-25.501497]},"properties":{"id":"1644763945721237","veg":6.8,"date":"2020-10-28","h":898.3}},{"type":"Feature","geometry":{"type":"Point","coordinates":[-49.328172,-25.501448]},"properties":{"id":"403964240890247","veg":12.5,"date":"2020-10-28","h":897.8}},{"type":"Feature","geometry":{"type":"Point","coordinates":[-49.32843,-25.501382]},"properties":{"id":"909057652973753","veg":2.4,"date":"2020-10-28","h":897.6}},{"type":"Feature","geometry":{"type":"Point","coordinates":[-49.328275,-25.501422]},"properties":{"id":"825869284957099","veg":5.4,"date":"2020-10-28","h":897.8}},{"type":"Feature","geometry":{"type":"Point","coordinates":[-49.328223,-25.501435]},"properties":{"id":"774350033258500","veg":10.8,"date":"2020-10-28","h":897.8}},{"type":"Feature","geometry":{"type":"Point","coordinates":[-49.327843,-25.501533]},"properties":{"id":"387104382754917","veg":8.5,"date":"2020-10-28","h":898.6}},{"type":"Feature","geometry":{"type":"Point","coordinates":[-49.328326,-25.501409]},"properties":{"id":"969361120563931","veg":2.3,"date":"2020-10-28","h":897.8}},{"type":"Feature","geometry":{"type":"Point","coordinates":[-49.328378,-25.501395]},"properties":{"id":"981987345946459","veg":2.2,"date":"2020-10-28","h":897.7}},{"type":"Feature","geometry":{"type":"Point","coordinates":[-49.328591,-25.50134]},"properties":{"id":"196610192383032","veg":3.5,"date":"2020-10-28","h":897.1}},{"type":"Feature","geometry":{"type":"Point","coordinates":[-49.328536,-25.501354]},"properties":{"id":"403691740940668","veg":2.4,"date":"2020-10-28","h":897.3}},{"type":"Feature","geometry":{"type":"Point","coordinates":[-49.327801,-25.501545]},"properties":{"id":"120989806861627","veg":7.0,"date":"2020-10-28","h":898.7}},{"type":"Feature","geometry":{"type":"Point","coordinates":[-49.326917,-25.501837]},"properties":{"id":"174168001360347","veg":4.9,"date":"2020-10-28","h":901.0}},{"type":"Feature","geometry":{"type":"Point","coordinates":[-49.326963,-25.501824]},"properties":{"id":"571809223957389","veg":6.4,"date":"2020-10-28","h":901.0}},{"type":"Feature","geometry":{"type":"Point","coordinates":[-49.327038,-25.5018]},"properties":{"id":"311557503992629","veg":11.3,"date":"2020-10-28","h":901.0}},{"type":"Feature","geometry":{"type":"Point","coordinates":[-49.327079,-25.501787]},"properties":{"id":"539204437401337","veg":7.3,"date":"2020-10-28","h":900.9}},{"type":"Feature","geometry":{"type":"Point","coordinates":[-49.327005,-25.501811]},"properties":{"id":"530004551474248","veg":6.8,"date":"2020-10-28","h":901.0}},{"type":"Feature","geometry":{"type":"Point","coordinates":[-49.32716,-25.501764]},"properties":{"id":"4232171643509609","veg":5.8,"date":"2020-10-28","h":900.8}},{"type":"Feature","geometry":{"type":"Point","coordinates":[-49.327202,-25.501753]},"properties":{"id":"777550336265642","veg":6.2,"date":"2020-10-28","h":900.8}},{"type":"Feature","geometry":{"type":"Point","coordinates":[-49.327122,-25.501775]},"properties":{"id":"283541870213930","veg":7.2,"date":"2020-10-28","h":900.9}},{"type":"Feature","geometry":{"type":"Point","coordinates":[-49.325892,-25.502132]},"properties":{"id":"353258316449705","veg":27.5,"date":"2020-10-28","h":903.5}},{"type":"Feature","geometry":{"type":"Point","coordinates":[-49.32605,-25.502087]},"properties":{"id":"776506816351276","veg":14.6,"date":"2020-10-28","h":903.3}},{"type":"Feature","geometry":{"type":"Point","coordinates":[-49.326203,-25.502039]},"properties":{"id":"318978779861242","veg":6.8,"date":"2020-10-28","h":902.9}},{"type":"Feature","geometry":{"type":"Point","coordinates":[-49.326317,-25.502005]},"properties":{"id":"322525096171479","veg":10.6,"date":"2020-10-28","h":902.5}},{"type":"Feature","geometry":{"type":"Point","coordinates":[-49.326373,-25.501989]},"properties":{"id":"1022518358495918","veg":8.9,"date":"2020-10-28","h":902.2}},{"type":"Feature","geometry":{"type":"Point","coordinates":[-49.325934,-25.502121]},"properties":{"id":"935056753735756","veg":15.1,"date":"2020-10-28","h":903.4}},{"type":"Feature","geometry":{"type":"Point","coordinates":[-49.326242,-25.502027]},"properties":{"id":"1529353937410632","veg":8.1,"date":"2020-10-28","h":902.8}},{"type":"Feature","geometry":{"type":"Point","coordinates":[-49.326548,-25.501936]},"properties":{"id":"158060846280070","veg":10.1,"date":"2020-10-28","h":901.5}},{"type":"Feature","geometry":{"type":"Point","coordinates":[-49.3266,-25.501921]},"properties":{"id":"213414340640992","veg":10.8,"date":"2020-10-28","h":901.4}},{"type":"Feature","geometry":{"type":"Point","coordinates":[-49.326013,-25.502098]},"properties":{"id":"324774275868890","veg":16.3,"date":"2020-10-28","h":903.3}},{"type":"Feature","geometry":{"type":"Point","coordinates":[-49.326279,-25.502016]},"properties":{"id":"367384971392963","veg":9.0,"date":"2020-10-28","h":902.6}},{"type":"Feature","geometry":{"type":"Point","coordinates":[-49.326446,-25.501967]},"properties":{"id":"412585839918573","veg":8.0,"date":"2020-10-28","h":901.9}},{"type":"Feature","geometry":{"type":"Point","coordinates":[-49.326409,-25.501978]},"properties":{"id":"4688456094516353","veg":9.6,"date":"2020-10-28","h":902.0}},{"type":"Feature","geometry":{"type":"Point","coordinates":[-49.326107,-25.502069]},"properties":{"id":"526158705472659","veg":11.8,"date":"2020-10-28","h":903.2}},{"type":"Feature","geometry":{"type":"Point","coordinates":[-49.326165,-25.502051]},"properties":{"id":"412197879962609","veg":7.0,"date":"2020-10-28","h":903.0}},{"type":"Feature","geometry":{"type":"Point","coordinates":[-49.326497,-25.501951]},"properties":{"id":"516181606266393","veg":4.3,"date":"2020-10-28","h":901.7}},{"type":"Feature","geometry":{"type":"Point","coordinates":[-49.325974,-25.50211]},"properties":{"id":"339067464410731","veg":16.6,"date":"2020-10-28","h":903.4}},{"type":"Feature","geometry":{"type":"Point","coordinates":[-49.326654,-25.501907]},"properties":{"id":"501748204219284","veg":9.8,"date":"2020-10-28","h":901.3}},{"type":"Feature","geometry":{"type":"Point","coordinates":[-49.326707,-25.501893]},"properties":{"id":"335835167990209","veg":9.4,"date":"2020-10-28","h":901.1}},{"type":"Feature","geometry":{"type":"Point","coordinates":[-49.326814,-25.501865]},"properties":{"id":"190350119766287","veg":5.2,"date":"2020-10-28","h":901.1}},{"type":"Feature","geometry":{"type":"Point","coordinates":[-49.326867,-25.501851]},"properties":{"id":"515921479650430","veg":4.3,"date":"2020-10-28","h":901.1}},{"type":"Feature","geometry":{"type":"Point","coordinates":[-49.32676,-25.50188]},"properties":{"id":"505143703896115","veg":8.1,"date":"2020-10-28","h":901.0}},{"type":"Feature","geometry":{"type":"Point","coordinates":[-49.327638,-25.501592]},"properties":{"id":"237719671251954","veg":4.0,"date":"2020-10-28","h":899.0}},{"type":"Feature","geometry":{"type":"Point","coordinates":[-49.327498,-25.501638]},"properties":{"id":"1181074245653717","veg":20.1,"date":"2020-10-28","h":899.7}},{"type":"Feature","geometry":{"type":"Point","coordinates":[-49.327759,-25.501557]},"properties":{"id":"166497392197800","veg":5.9,"date":"2020-10-28","h":898.9}},{"type":"Feature","geometry":{"type":"Point","coordinates":[-49.327244,-25.50174]},"properties":{"id":"1712095698976477","veg":7.7,"date":"2020-10-28","h":900.7}},{"type":"Feature","geometry":{"type":"Point","coordinates":[-49.327679,-25.50158]},"properties":{"id":"317249863373606","veg":4.2,"date":"2020-10-28","h":899.0}},{"type":"Feature","geometry":{"type":"Point","coordinates":[-49.327405,-25.501675]},"properties":{"id":"335187334935879","veg":13.1,"date":"2020-10-28","h":900.2}},{"type":"Feature","geometry":{"type":"Point","coordinates":[-49.327557,-25.501617]},"properties":{"id":"611833296376541","veg":6.1,"date":"2020-10-28","h":899.3}},{"type":"Feature","geometry":{"type":"Point","coordinates":[-49.327285,-25.501725]},"properties":{"id":"519366039207069","veg":8.4,"date":"2020-10-28","h":900.7}},{"type":"Feature","geometry":{"type":"Point","coordinates":[-49.327598,-25.501604]},"properties":{"id":"500546404389328","veg":6.2,"date":"2020-10-28","h":899.1}},{"type":"Feature","geometry":{"type":"Point","coordinates":[-49.327326,-25.501708]},"properties":{"id":"563241304692125","veg":9.4,"date":"2020-10-28","h":900.6}},{"type":"Feature","geometry":{"type":"Point","coordinates":[-49.327719,-25.501569]},"properties":{"id":"793359841542743","veg":4.7,"date":"2020-10-28","h":899.0}},{"type":"Feature","geometry":{"type":"Point","coordinates":[-49.327442,-25.501659]},"properties":{"id":"857736224871795","veg":17.9,"date":"2020-10-28","h":900.0}},{"type":"Feature","geometry":{"type":"Point","coordinates":[-49.327365,-25.501691]},"properties":{"id":"983002239121854","veg":11.1,"date":"2020-10-28","h":900.4}},{"type":"Feature","geometry":{"type":"Point","coordinates":[-49.30484,-25.444128]},"properties":{"id":"1414616879729421","veg":1.9,"date":"2025-06-07","h":928.2}},{"type":"Feature","geometry":{"type":"Point","coordinates":[-49.304863,-25.443938]},"properties":{"id":"1217326133190486","veg":1.7,"date":"2025-06-07","h":928.2}},{"type":"Feature","geometry":{"type":"Point","coordinates":[-49.304883,-25.443834]},"properties":{"id":"746992187679502","veg":2.1,"date":"2025-06-07","h":928.2}},{"type":"Feature","geometry":{"type":"Point","coordinates":[-49.305013,-25.443346]},"properties":{"id":"1053420250062517","veg":7.9,"date":"2025-06-07","h":928.2}},{"type":"Feature","geometry":{"type":"Point","coordinates":[-49.304908,-25.443725]},"properties":{"id":"689925000630134","veg":3.0,"date":"2025-06-07","h":928.2}},{"type":"Feature","geometry":{"type":"Point","coordinates":[-49.304972,-25.443483]},"properties":{"id":"1928405941264541","veg":5.1,"date":"2025-06-07","h":928.2}},{"type":"Feature","geometry":{"type":"Point","coordinates":[-49.304941,-25.443597]},"properties":{"id":"681416714867226","veg":4.0,"date":"2025-06-07","h":928.2}},{"type":"Feature","geometry":{"type":"Point","coordinates":[-49.304779,-25.444858]},"properties":{"id":"1361394278255238","veg":2.5,"date":"2025-06-07","h":928.2}},{"type":"Feature","geometry":{"type":"Point","coordinates":[-49.304792,-25.444736]},"properties":{"id":"3449704421832533","veg":1.5,"date":"2025-06-07","h":928.2}},{"type":"Feature","geometry":{"type":"Point","coordinates":[-49.304804,-25.444632]},"properties":{"id":"744678867976374","veg":2.0,"date":"2025-06-07","h":928.2}},{"type":"Feature","geometry":{"type":"Point","coordinates":[-49.304727,-25.445458]},"properties":{"id":"10066834336765041","veg":3.2,"date":"2025-06-07","h":928.2}},{"type":"Feature","geometry":{"type":"Point","coordinates":[-49.304742,-25.445182]},"properties":{"id":"1233251141514293","veg":7.2,"date":"2025-06-07","h":928.2}},{"type":"Feature","geometry":{"type":"Point","coordinates":[-49.304726,-25.445501]},"properties":{"id":"1390606485608590","veg":2.6,"date":"2025-06-07","h":928.2}},{"type":"Feature","geometry":{"type":"Point","coordinates":[-49.304737,-25.44525]},"properties":{"id":"1041834661347778","veg":2.9,"date":"2025-06-07","h":928.2}},{"type":"Feature","geometry":{"type":"Point","coordinates":[-49.304754,-25.445065]},"properties":{"id":"3974403782873300","veg":8.9,"date":"2025-06-07","h":928.2}},{"type":"Feature","geometry":{"type":"Point","coordinates":[-49.304732,-25.445338]},"properties":{"id":"612093051262129","veg":2.2,"date":"2025-06-07","h":928.2}},{"type":"Feature","geometry":{"type":"Point","coordinates":[-49.304768,-25.444953]},"properties":{"id":"661817513559927","veg":10.3,"date":"2025-06-07","h":928.2}},{"type":"Feature","geometry":{"type":"Point","coordinates":[-49.304742,-25.445671]},"properties":{"id":"1260721935576452","veg":2.4,"date":"2025-06-07","h":924.0}},{"type":"Feature","geometry":{"type":"Point","coordinates":[-49.304749,-25.445734]},"properties":{"id":"1872965003464374","veg":2.7,"date":"2025-06-07","h":924.0}},{"type":"Feature","geometry":{"type":"Point","coordinates":[-49.304728,-25.445553]},"properties":{"id":"1901204867334710","veg":3.0,"date":"2025-06-07","h":928.2}},{"type":"Feature","geometry":{"type":"Point","coordinates":[-49.304734,-25.445609]},"properties":{"id":"2225739504540572","veg":3.2,"date":"2025-06-07","h":928.2}},{"type":"Feature","geometry":{"type":"Point","coordinates":[-49.304745,-25.445698]},"properties":{"id":"584199894714479","veg":2.7,"date":"2025-06-07","h":924.0}},{"type":"Feature","geometry":{"type":"Point","coordinates":[-49.304751,-25.445865]},"properties":{"id":"4034275640222479","veg":7.7,"date":"2025-06-07","h":923.0}},{"type":"Feature","geometry":{"type":"Point","coordinates":[-49.304748,-25.445952]},"properties":{"id":"727475023315661","veg":6.6,"date":"2025-06-07","h":922.0}},{"type":"Feature","geometry":{"type":"Point","coordinates":[-49.304743,-25.446058]},"properties":{"id":"732339812521705","veg":7.2,"date":"2025-06-07","h":920.0}},{"type":"Feature","geometry":{"type":"Point","coordinates":[-49.304751,-25.445791]},"properties":{"id":"719296663901579","veg":3.7,"date":"2025-06-07","h":923.0}},{"type":"Feature","geometry":{"type":"Point","coordinates":[-49.304733,-25.446269]},"properties":{"id":"1683223012399309","veg":7.7,"date":"2025-06-07","h":919.0}},{"type":"Feature","geometry":{"type":"Point","coordinates":[-49.304722,-25.446571]},"properties":{"id":"1420720315513595","veg":5.2,"date":"2025-06-07","h":916.0}},{"type":"Feature","geometry":{"type":"Point","coordinates":[-49.304737,-25.446166]},"properties":{"id":"2091168051371048","veg":6.6,"date":"2025-06-07","h":919.0}},{"type":"Feature","geometry":{"type":"Point","coordinates":[-49.304725,-25.446477]},"properties":{"id":"1465022747993189","veg":6.9,"date":"2025-06-07","h":916.0}},{"type":"Feature","geometry":{"type":"Point","coordinates":[-49.304729,-25.446389]},"properties":{"id":"560932750414257","veg":7.5,"date":"2025-06-07","h":918.0}},{"type":"Feature","geometry":{"type":"Point","coordinates":[-49.304714,-25.446774]},"properties":{"id":"1479174183493759","veg":8.0,"date":"2025-06-07","h":915.0}},{"type":"Feature","geometry":{"type":"Point","coordinates":[-49.304718,-25.446667]},"properties":{"id":"1885254292298199","veg":7.5,"date":"2025-06-07","h":915.0}},{"type":"Feature","geometry":{"type":"Point","coordinates":[-49.304702,-25.447001]},"properties":{"id":"1248281073606474","veg":4.1,"date":"2025-06-07","h":915.0}},{"type":"Feature","geometry":{"type":"Point","coordinates":[-49.304688,-25.447254]},"properties":{"id":"10082158448545146","veg":4.4,"date":"2025-06-07","h":915.0}},{"type":"Feature","geometry":{"type":"Point","coordinates":[-49.304697,-25.447111]},"properties":{"id":"1806052989977728","veg":3.3,"date":"2025-06-07","h":915.0}},{"type":"Feature","geometry":{"type":"Point","coordinates":[-49.304685,-25.447316]},"properties":{"id":"1007993421504593","veg":6.4,"date":"2025-06-07","h":916.0}},{"type":"Feature","geometry":{"type":"Point","coordinates":[-49.304679,-25.447431]},"properties":{"id":"1250187346614240","veg":8.1,"date":"2025-06-07","h":917.0}},{"type":"Feature","geometry":{"type":"Point","coordinates":[-49.304674,-25.447527]},"properties":{"id":"1450629073297450","veg":6.9,"date":"2025-06-07","h":918.0}},{"type":"Feature","geometry":{"type":"Point","coordinates":[-49.304668,-25.447709]},"properties":{"id":"716178524150399","veg":5.0,"date":"2025-06-07","h":920.0}},{"type":"Feature","geometry":{"type":"Point","coordinates":[-49.304703,-25.44809]},"properties":{"id":"1011093831009214","veg":9.0,"date":"2025-06-07","h":906.6}},{"type":"Feature","geometry":{"type":"Point","coordinates":[-49.304713,-25.447831]},"properties":{"id":"1744259472870977","veg":10.9,"date":"2025-06-07","h":906.6}},{"type":"Feature","geometry":{"type":"Point","coordinates":[-49.304708,-25.44821]},"properties":{"id":"2095222240951800","veg":11.3,"date":"2025-06-07","h":906.6}},{"type":"Feature","geometry":{"type":"Point","coordinates":[-49.296619,-25.452358]},"properties":{"id":"1213689933868975","veg":13.8,"date":"2025-06-07","h":944.4}},{"type":"Feature","geometry":{"type":"Point","coordinates":[-49.296247,-25.45223]},"properties":{"id":"2125427391285086","veg":8.4,"date":"2025-06-07","h":944.4}},{"type":"Feature","geometry":{"type":"Point","coordinates":[-49.296711,-25.452391]},"properties":{"id":"1619495418763892","veg":15.3,"date":"2025-06-07","h":944.4}},{"type":"Feature","geometry":{"type":"Point","coordinates":[-49.296361,-25.452269]},"properties":{"id":"615098391596022","veg":11.0,"date":"2025-06-07","h":944.4}},{"type":"Feature","geometry":{"type":"Point","coordinates":[-49.296031,-25.452158]},"properties":{"id":"1051350053083184","veg":12.2,"date":"2025-06-07","h":944.4}},{"type":"Feature","geometry":{"type":"Point","coordinates":[-49.296127,-25.452189]},"properties":{"id":"1432724411476142","veg":11.5,"date":"2025-06-07","h":944.4}},{"type":"Feature","geometry":{"type":"Point","coordinates":[-49.295832,-25.45207]},"properties":{"id":"1761218604751003","veg":40.4,"date":"2025-06-07","h":944.4}},{"type":"Feature","geometry":{"type":"Point","coordinates":[-49.295713,-25.452035]},"properties":{"id":"735456908875366","veg":30.2,"date":"2025-06-07","h":944.4}},{"type":"Feature","geometry":{"type":"Point","coordinates":[-49.296923,-25.452464]},"properties":{"id":"1479938049839317","veg":18.5,"date":"2025-06-07","h":944.4}},{"type":"Feature","geometry":{"type":"Point","coordinates":[-49.296819,-25.452428]},"properties":{"id":"693332276825462","veg":17.6,"date":"2025-06-07","h":944.4}},{"type":"Feature","geometry":{"type":"Point","coordinates":[-49.297475,-25.452665]},"properties":{"id":"1081657547194698","veg":21.5,"date":"2025-06-07","h":944.4}},{"type":"Feature","geometry":{"type":"Point","coordinates":[-49.297031,-25.452502]},"properties":{"id":"1425433168906319","veg":20.6,"date":"2025-06-07","h":944.4}},{"type":"Feature","geometry":{"type":"Point","coordinates":[-49.29713,-25.452537]},"properties":{"id":"4339188816298527","veg":27.9,"date":"2025-06-07","h":944.4}},{"type":"Feature","geometry":{"type":"Point","coordinates":[-49.298024,-25.452873]},"properties":{"id":"1046467250372549","veg":8.6,"date":"2025-06-07","h":930.4}},{"type":"Feature","geometry":{"type":"Point","coordinates":[-49.297757,-25.452767]},"properties":{"id":"1201497097949834","veg":25.1,"date":"2025-06-07","h":944.4}},{"type":"Feature","geometry":{"type":"Point","coordinates":[-49.297724,-25.452755]},"properties":{"id":"1202590117845695","veg":25.3,"date":"2025-06-07","h":944.4}},{"type":"Feature","geometry":{"type":"Point","coordinates":[-49.297878,-25.452818]},"properties":{"id":"1250732306709629","veg":28.0,"date":"2025-06-07","h":930.4}},{"type":"Feature","geometry":{"type":"Point","coordinates":[-49.297766,-25.452778]},"properties":{"id":"1104094328443677","veg":29.5,"date":"2025-06-07","h":930.4}},{"type":"Feature","geometry":{"type":"Point","coordinates":[-49.29781,-25.452794]},"properties":{"id":"1276537527205084","veg":27.2,"date":"2025-06-07","h":930.4}},{"type":"Feature","geometry":{"type":"Point","coordinates":[-49.297649,-25.452729]},"properties":{"id":"1829933584239228","veg":21.8,"date":"2025-06-07","h":944.4}},{"type":"Feature","geometry":{"type":"Point","coordinates":[-49.297566,-25.452699]},"properties":{"id":"719790037123165","veg":23.3,"date":"2025-06-07","h":944.4}},{"type":"Feature","geometry":{"type":"Point","coordinates":[-49.297684,-25.452741]},"properties":{"id":"692433850342899","veg":20.9,"date":"2025-06-07","h":944.4}},{"type":"Feature","geometry":{"type":"Point","coordinates":[-49.297615,-25.452718]},"properties":{"id":"702638276035067","veg":24.5,"date":"2025-06-07","h":944.4}},{"type":"Feature","geometry":{"type":"Point","coordinates":[-49.298217,-25.452942]},"properties":{"id":"1488910302089286","veg":19.7,"date":"2025-06-07","h":930.6}},{"type":"Feature","geometry":{"type":"Point","coordinates":[-49.298301,-25.452971]},"properties":{"id":"1611911572780568","veg":19.6,"date":"2025-06-07","h":930.6}},{"type":"Feature","geometry":{"type":"Point","coordinates":[-49.298093,-25.452898]},"properties":{"id":"1469825254381280","veg":13.6,"date":"2025-06-07","h":930.4}},{"type":"Feature","geometry":{"type":"Point","coordinates":[-49.298374,-25.452998]},"properties":{"id":"595704886393640","veg":18.0,"date":"2025-06-07","h":930.6}},{"type":"Feature","geometry":{"type":"Point","coordinates":[-49.298149,-25.452917]},"properties":{"id":"627396593676871","veg":13.7,"date":"2025-06-07","h":930.4}},{"type":"Feature","geometry":{"type":"Point","coordinates":[-49.299924,-25.451936]},"properties":{"id":"127084469550315","veg":18.7,"date":"2020-11-17","h":915.8}},{"type":"Feature","geometry":{"type":"Point","coordinates":[-49.299817,-25.451895]},"properties":{"id":"352220759649441","veg":13.9,"date":"2020-11-17","h":915.7}},{"type":"Feature","geometry":{"type":"Point","coordinates":[-49.29987,-25.451916]},"properties":{"id":"2967539636814469","veg":13.2,"date":"2020-11-17","h":915.7}},{"type":"Feature","geometry":{"type":"Point","coordinates":[-49.299617,-25.451817]},"properties":{"id":"238473451178017","veg":12.0,"date":"2020-11-17","h":916.0}},{"type":"Feature","geometry":{"type":"Point","coordinates":[-49.299568,-25.451798]},"properties":{"id":"4171602406286240","veg":12.9,"date":"2020-11-17","h":916.1}},{"type":"Feature","geometry":{"type":"Point","coordinates":[-49.299665,-25.451836]},"properties":{"id":"1286763718449906","veg":13.1,"date":"2020-11-17","h":915.9}},{"type":"Feature","geometry":{"type":"Point","coordinates":[-49.299765,-25.451875]},"properties":{"id":"355835915927940","veg":23.5,"date":"2020-11-17","h":915.8}},{"type":"Feature","geometry":{"type":"Point","coordinates":[-49.299714,-25.451856]},"properties":{"id":"132033105706681","veg":23.1,"date":"2020-11-17","h":915.8}},{"type":"Feature","geometry":{"type":"Point","coordinates":[-49.299518,-25.45178]},"properties":{"id":"913046812576877","veg":20.3,"date":"2020-11-17","h":916.2}},{"type":"Feature","geometry":{"type":"Point","coordinates":[-49.299471,-25.451764]},"properties":{"id":"862225831313725","veg":17.5,"date":"2020-11-17","h":916.2}},{"type":"Feature","geometry":{"type":"Point","coordinates":[-49.298668,-25.453107]},"properties":{"id":"1210091837193108","veg":27.8,"date":"2025-06-07","h":930.6}},{"type":"Feature","geometry":{"type":"Point","coordinates":[-49.298477,-25.453036]},"properties":{"id":"2730025793854134","veg":24.8,"date":"2025-06-07","h":930.6}},{"type":"Feature","geometry":{"type":"Point","coordinates":[-49.298575,-25.453075]},"properties":{"id":"9960295847391691","veg":32.7,"date":"2025-06-07","h":930.6}},{"type":"Feature","geometry":{"type":"Point","coordinates":[-49.298915,-25.453197]},"properties":{"id":"1455812242443613","veg":35.8,"date":"2025-06-07","h":930.6}},{"type":"Feature","geometry":{"type":"Point","coordinates":[-49.298776,-25.453147]},"properties":{"id":"2323189821410195","veg":33.1,"date":"2025-06-07","h":930.6}},{"type":"Feature","geometry":{"type":"Point","coordinates":[-49.300607,-25.452199]},"properties":{"id":"200790575283992","veg":24.5,"date":"2020-11-17","h":915.2}},{"type":"Feature","geometry":{"type":"Point","coordinates":[-49.300186,-25.452037]},"properties":{"id":"197760035686386","veg":16.3,"date":"2020-11-17","h":915.5}},{"type":"Feature","geometry":{"type":"Point","coordinates":[-49.300081,-25.451996]},"properties":{"id":"177317174411511","veg":24.8,"date":"2020-11-17","h":915.6}},{"type":"Feature","geometry":{"type":"Point","coordinates":[-49.300238,-25.452058]},"properties":{"id":"2893157770922491","veg":12.8,"date":"2020-11-17","h":915.4}},{"type":"Feature","geometry":{"type":"Point","coordinates":[-49.300554,-25.452178]},"properties":{"id":"489852318777921","veg":26.9,"date":"2020-11-17","h":915.1}},{"type":"Feature","geometry":{"type":"Point","coordinates":[-49.300028,-25.451976]},"properties":{"id":"782944225750808","veg":34.4,"date":"2020-11-17","h":915.6}},{"type":"Feature","geometry":{"type":"Point","coordinates":[-49.300134,-25.452017]},"properties":{"id":"635669930722543","veg":21.4,"date":"2020-11-17","h":915.6}},{"type":"Feature","geometry":{"type":"Point","coordinates":[-49.300501,-25.452158]},"properties":{"id":"865764597370245","veg":18.7,"date":"2020-11-17","h":915.1}},{"type":"Feature","geometry":{"type":"Point","coordinates":[-49.300396,-25.452119]},"properties":{"id":"892296291459675","veg":6.4,"date":"2020-11-17","h":915.2}},{"type":"Feature","geometry":{"type":"Point","coordinates":[-49.300344,-25.452099]},"properties":{"id":"837076300331027","veg":7.7,"date":"2020-11-17","h":915.2}},{"type":"Feature","geometry":{"type":"Point","coordinates":[-49.30029,-25.452078]},"properties":{"id":"870911430183083","veg":9.8,"date":"2020-11-17","h":915.3}},{"type":"Feature","geometry":{"type":"Point","coordinates":[-49.300449,-25.452138]},"properties":{"id":"912036562712713","veg":13.9,"date":"2020-11-17","h":915.1}},{"type":"Feature","geometry":{"type":"Point","coordinates":[-49.299976,-25.451956]},"properties":{"id":"292186009320562","veg":37.2,"date":"2020-11-17","h":915.7}},{"type":"Feature","geometry":{"type":"Point","coordinates":[-49.300908,-25.452317]},"properties":{"id":"135979735226381","veg":20.3,"date":"2020-11-17","h":915.5}},{"type":"Feature","geometry":{"type":"Point","coordinates":[-49.300713,-25.45224]},"properties":{"id":"160021572854564","veg":15.4,"date":"2020-11-17","h":915.4}},{"type":"Feature","geometry":{"type":"Point","coordinates":[-49.300998,-25.452353]},"properties":{"id":"1658604581011061","veg":17.1,"date":"2020-11-17","h":915.5}},{"type":"Feature","geometry":{"type":"Point","coordinates":[-49.301106,-25.452395]},"properties":{"id":"231347258832332","veg":11.1,"date":"2020-11-17","h":915.4}},{"type":"Feature","geometry":{"type":"Point","coordinates":[-49.300962,-25.452338]},"properties":{"id":"230455788722853","veg":17.5,"date":"2020-11-17","h":915.5}},{"type":"Feature","geometry":{"type":"Point","coordinates":[-49.301053,-25.452374]},"properties":{"id":"327556275538327","veg":15.2,"date":"2020-11-17","h":915.4}},{"type":"Feature","geometry":{"type":"Point","coordinates":[-49.300766,-25.452261]},"properties":{"id":"191347102928760","veg":12.5,"date":"2020-11-17","h":915.4}},{"type":"Feature","geometry":{"type":"Point","coordinates":[-49.30066,-25.45222]},"properties":{"id":"330228818732410","veg":19.2,"date":"2020-11-17","h":915.3}},{"type":"Feature","geometry":{"type":"Point","coordinates":[-49.300872,-25.452303]},"properties":{"id":"498862694739630","veg":18.5,"date":"2020-11-17","h":915.5}},{"type":"Feature","geometry":{"type":"Point","coordinates":[-49.300819,-25.452282]},"properties":{"id":"539121880606855","veg":29.0,"date":"2020-11-17","h":915.5}},{"type":"Feature","geometry":{"type":"Point","coordinates":[-49.304701,-25.448444]},"properties":{"id":"1742870736306332","veg":6.0,"date":"2025-06-07","h":906.6}},{"type":"Feature","geometry":{"type":"Point","coordinates":[-49.304702,-25.448328]},"properties":{"id":"660933080256429","veg":10.0,"date":"2025-06-07","h":906.6}},{"type":"Feature","geometry":{"type":"Point","coordinates":[-49.304691,-25.448684]},"properties":{"id":"1206393517646975","veg":0.9,"date":"2025-06-07","h":906.6}},{"type":"Feature","geometry":{"type":"Point","coordinates":[-49.304686,-25.448812]},"properties":{"id":"1419860585812563","veg":0.3,"date":"2025-06-07","h":906.6}},{"type":"Feature","geometry":{"type":"Point","coordinates":[-49.304695,-25.44857]},"properties":{"id":"1746101602693362","veg":2.0,"date":"2025-06-07","h":906.6}},{"type":"Feature","geometry":{"type":"Point","coordinates":[-49.304607,-25.449472]},"properties":{"id":"1226637322018212","veg":0.0,"date":"2025-06-07","h":906.6}},{"type":"Feature","geometry":{"type":"Point","coordinates":[-49.304679,-25.448953]},"properties":{"id":"690671500498779","veg":0.2,"date":"2025-06-07","h":906.6}},{"type":"Feature","geometry":{"type":"Point","coordinates":[-49.30466,-25.449216]},"properties":{"id":"1249057716715338","veg":0.0,"date":"2025-06-07","h":906.6}},{"type":"Feature","geometry":{"type":"Point","coordinates":[-49.304593,-25.450638]},"properties":{"id":"1764168174132985","veg":7.5,"date":"2025-06-07","h":906.6}},{"type":"Feature","geometry":{"type":"Point","coordinates":[-49.304546,-25.450075]},"properties":{"id":"1132539462248371","veg":0.0,"date":"2025-06-07","h":906.6}},{"type":"Feature","geometry":{"type":"Point","coordinates":[-49.304563,-25.450367]},"properties":{"id":"672216435798235","veg":0.5,"date":"2025-06-07","h":906.6}},{"type":"Feature","geometry":{"type":"Point","coordinates":[-49.304561,-25.449741]},"properties":{"id":"698959762756652","veg":0.0,"date":"2025-06-07","h":906.6}},{"type":"Feature","geometry":{"type":"Point","coordinates":[-49.30244,-25.452659]},"properties":{"id":"1490050518035674","veg":5.9,"date":"2020-11-17","h":911.7}},{"type":"Feature","geometry":{"type":"Point","coordinates":[-49.302403,-25.452667]},"properties":{"id":"368755104669879","veg":6.2,"date":"2020-11-17","h":911.9}},{"type":"Feature","geometry":{"type":"Point","coordinates":[-49.302506,-25.452657]},"properties":{"id":"841142953168433","veg":27.1,"date":"2020-11-17","h":911.5}},{"type":"Feature","geometry":{"type":"Point","coordinates":[-49.301213,-25.452437]},"properties":{"id":"3843314789106993","veg":22.2,"date":"2020-11-17","h":915.2}},{"type":"Feature","geometry":{"type":"Point","coordinates":[-49.30116,-25.452416]},"properties":{"id":"243839740543829","veg":21.9,"date":"2020-11-17","h":915.3}},{"type":"Feature","geometry":{"type":"Point","coordinates":[-49.301375,-25.452499]},"properties":{"id":"1129021834172841","veg":29.4,"date":"2020-11-17","h":915.0}},{"type":"Feature","geometry":{"type":"Point","coordinates":[-49.301708,-25.452622]},"properties":{"id":"1230067957448306","veg":14.5,"date":"2020-11-17","h":914.4}},{"type":"Feature","geometry":{"type":"Point","coordinates":[-49.30143,-25.452519]},"properties":{"id":"240410294283405","veg":36.8,"date":"2020-11-17","h":914.9}},{"type":"Feature","geometry":{"type":"Point","coordinates":[-49.301321,-25.452478]},"properties":{"id":"211485690944303","veg":19.7,"date":"2020-11-17","h":915.1}},{"type":"Feature","geometry":{"type":"Point","coordinates":[-49.301578,-25.452574]},"properties":{"id":"273831961160873","veg":16.3,"date":"2020-11-17","h":914.5}},{"type":"Feature","geometry":{"type":"Point","coordinates":[-49.301872,-25.452679]},"properties":{"id":"207431634606968","veg":10.7,"date":"2020-11-17","h":913.8}},{"type":"Feature","geometry":{"type":"Point","coordinates":[-49.301522,-25.452554]},"properties":{"id":"262717642286698","veg":26.5,"date":"2020-11-17","h":914.7}},{"type":"Feature","geometry":{"type":"Point","coordinates":[-49.301267,-25.452457]},"properties":{"id":"421699532222339","veg":20.9,"date":"2020-11-17","h":915.2}},{"type":"Feature","geometry":{"type":"Point","coordinates":[-49.301615,-25.452588]},"properties":{"id":"522862138761293","veg":12.2,"date":"2020-11-17","h":914.5}},{"type":"Feature","geometry":{"type":"Point","coordinates":[-49.301817,-25.452661]},"properties":{"id":"5713720318698107","veg":12.9,"date":"2020-11-17","h":914.1}},{"type":"Feature","geometry":{"type":"Point","coordinates":[-49.301763,-25.452642]},"properties":{"id":"504348817514613","veg":8.1,"date":"2020-11-17","h":914.2}},{"type":"Feature","geometry":{"type":"Point","coordinates":[-49.301671,-25.452608]},"properties":{"id":"988600355312862","veg":25.3,"date":"2020-11-17","h":914.4}},{"type":"Feature","geometry":{"type":"Point","coordinates":[-49.301467,-25.452533]},"properties":{"id":"859493934965095","veg":34.7,"date":"2020-11-17","h":914.8}},{"type":"Feature","geometry":{"type":"Point","coordinates":[-49.301963,-25.452702]},"properties":{"id":"164234029026650","veg":20.2,"date":"2020-11-17","h":913.4}},{"type":"Feature","geometry":{"type":"Point","coordinates":[-49.302308,-25.452687]},"properties":{"id":"565327651131427","veg":9.5,"date":"2020-11-17","h":912.3}},{"type":"Feature","geometry":{"type":"Point","coordinates":[-49.302195,-25.452706]},"properties":{"id":"2894506337455657","veg":23.2,"date":"2020-11-17","h":912.5}},{"type":"Feature","geometry":{"type":"Point","coordinates":[-49.301927,-25.452694]},"properties":{"id":"353578632861908","veg":18.2,"date":"2020-11-17","h":913.5}},{"type":"Feature","geometry":{"type":"Point","coordinates":[-49.302365,-25.452675]},"properties":{"id":"504568710869481","veg":7.3,"date":"2020-11-17","h":912.1}},{"type":"Feature","geometry":{"type":"Point","coordinates":[-49.30202,-25.45271]},"properties":{"id":"554995645880922","veg":23.5,"date":"2020-11-17","h":913.2}},{"type":"Feature","geometry":{"type":"Point","coordinates":[-49.302079,-25.452713]},"properties":{"id":"581786082825836","veg":19.8,"date":"2020-11-17","h":913.0}},{"type":"Feature","geometry":{"type":"Point","coordinates":[-49.302252,-25.452697]},"properties":{"id":"656884015711890","veg":14.4,"date":"2020-11-17","h":912.4}},{"type":"Feature","geometry":{"type":"Point","coordinates":[-49.302137,-25.452712]},"properties":{"id":"789180734980351","veg":32.9,"date":"2020-11-17","h":912.7}},{"type":"Feature","geometry":{"type":"Point","coordinates":[-49.303833,-25.452401]},"properties":{"id":"193806556008841","veg":11.6,"date":"2020-11-17","h":907.5}},{"type":"Feature","geometry":{"type":"Point","coordinates":[-49.303795,-25.452409]},"properties":{"id":"197146172326917","veg":15.1,"date":"2020-11-17","h":907.6}},{"type":"Feature","geometry":{"type":"Point","coordinates":[-49.303872,-25.452393]},"properties":{"id":"566768578031040","veg":24.4,"date":"2020-11-17","h":907.4}},{"type":"Feature","geometry":{"type":"Point","coordinates":[-49.303737,-25.452421]},"properties":{"id":"1003085707099594","veg":27.9,"date":"2020-11-17","h":907.8}},{"type":"Feature","geometry":{"type":"Point","coordinates":[-49.303698,-25.452429]},"properties":{"id":"190493966249883","veg":45.0,"date":"2020-11-17","h":907.8}},{"type":"Feature","geometry":{"type":"Point","coordinates":[-49.303625,-25.452444]},"properties":{"id":"4454671381234421","veg":50.9,"date":"2020-11-17","h":908.0}},{"type":"Feature","geometry":{"type":"Point","coordinates":[-49.303586,-25.452452]},"properties":{"id":"554129739085955","veg":24.8,"date":"2020-11-17","h":908.2}},{"type":"Feature","geometry":{"type":"Point","coordinates":[-49.303338,-25.452503]},"properties":{"id":"139801091500709","veg":34.7,"date":"2020-11-17","h":908.9}},{"type":"Feature","geometry":{"type":"Point","coordinates":[-49.303451,-25.45248]},"properties":{"id":"2853021328244974","veg":38.3,"date":"2020-11-17","h":908.6}},{"type":"Feature","geometry":{"type":"Point","coordinates":[-49.303187,-25.452533]},"properties":{"id":"343835713900624","veg":42.0,"date":"2020-11-17","h":909.5}},{"type":"Feature","geometry":{"type":"Point","coordinates":[-49.303244,-25.452521]},"properties":{"id":"403073254351684","veg":36.2,"date":"2020-11-17","h":909.3}},{"type":"Feature","geometry":{"type":"Point","coordinates":[-49.303394,-25.452492]},"properties":{"id":"3610271729074738","veg":22.5,"date":"2020-11-17","h":908.8}},{"type":"Feature","geometry":{"type":"Point","coordinates":[-49.303528,-25.452464]},"properties":{"id":"5370720462977993","veg":20.7,"date":"2020-11-17","h":908.3}},{"type":"Feature","geometry":{"type":"Point","coordinates":[-49.303301,-25.45251]},"properties":{"id":"914067222782968","veg":36.4,"date":"2020-11-17","h":909.1}},{"type":"Feature","geometry":{"type":"Point","coordinates":[-49.30349,-25.452472]},"properties":{"id":"865469147658508","veg":28.1,"date":"2020-11-17","h":908.4}},{"type":"Feature","geometry":{"type":"Point","coordinates":[-49.30303,-25.452562]},"properties":{"id":"168272525334087","veg":37.9,"date":"2020-11-17","h":910.0}},{"type":"Feature","geometry":{"type":"Point","coordinates":[-49.30283,-25.452594]},"properties":{"id":"2944132545823533","veg":25.9,"date":"2020-11-17","h":910.7}},{"type":"Feature","geometry":{"type":"Point","coordinates":[-49.302712,-25.452615]},"properties":{"id":"341069604262486","veg":46.3,"date":"2020-11-17","h":911.1}},{"type":"Feature","geometry":{"type":"Point","coordinates":[-49.302869,-25.452587]},"properties":{"id":"353941402748568","veg":24.5,"date":"2020-11-17","h":910.5}},{"type":"Feature","geometry":{"type":"Point","coordinates":[-49.30293,-25.452578]},"properties":{"id":"599901704327933","veg":25.1,"date":"2020-11-17","h":910.4}},{"type":"Feature","geometry":{"type":"Point","coordinates":[-49.302617,-25.452635]},"properties":{"id":"863304327945670","veg":58.4,"date":"2020-11-17","h":911.3}},{"type":"Feature","geometry":{"type":"Point","coordinates":[-49.30307,-25.452555]},"properties":{"id":"939689850185328","veg":33.9,"date":"2020-11-17","h":909.8}},{"type":"Feature","geometry":{"type":"Point","coordinates":[-49.30277,-25.452604]},"properties":{"id":"524756638947079","veg":26.5,"date":"2020-11-17","h":910.9}},{"type":"Feature","geometry":{"type":"Point","coordinates":[-49.302655,-25.452627]},"properties":{"id":"781536099204577","veg":52.9,"date":"2020-11-17","h":911.3}},{"type":"Feature","geometry":{"type":"Point","coordinates":[-49.30299,-25.452568]},"properties":{"id":"539651247173633","veg":34.0,"date":"2020-11-17","h":910.2}},{"type":"Feature","geometry":{"type":"Point","coordinates":[-49.302561,-25.452645]},"properties":{"id":"613748952960980","veg":53.7,"date":"2020-11-17","h":911.4}},{"type":"Feature","geometry":{"type":"Point","coordinates":[-49.303129,-25.452544]},"properties":{"id":"952785985513043","veg":44.6,"date":"2020-11-17","h":909.6}},{"type":"Feature","geometry":{"type":"Point","coordinates":[-49.304619,-25.450894]},"properties":{"id":"1389180778790253","veg":3.0,"date":"2025-06-07","h":906.6}},{"type":"Feature","geometry":{"type":"Point","coordinates":[-49.304674,-25.45159]},"properties":{"id":"1009015131008649","veg":11.9,"date":"2025-06-07","h":906.6}},{"type":"Feature","geometry":{"type":"Point","coordinates":[-49.304502,-25.451924]},"properties":{"id":"1077014717624006","veg":9.7,"date":"2025-06-07","h":906.6}},{"type":"Feature","geometry":{"type":"Point","coordinates":[-49.304649,-25.451741]},"properties":{"id":"1975718089920395","veg":8.1,"date":"2025-06-07","h":906.6}},{"type":"Feature","geometry":{"type":"Point","coordinates":[-49.304556,-25.451873]},"properties":{"id":"2597930140550163","veg":6.8,"date":"2025-06-07","h":906.6}},{"type":"Feature","geometry":{"type":"Point","coordinates":[-49.304671,-25.451653]},"properties":{"id":"729834289573594","veg":4.8,"date":"2025-06-07","h":906.6}},{"type":"Feature","geometry":{"type":"Point","coordinates":[-49.304615,-25.451807]},"properties":{"id":"686790600894273","veg":2.4,"date":"2025-06-07","h":906.6}},{"type":"Feature","geometry":{"type":"Point","coordinates":[-49.304664,-25.451464]},"properties":{"id":"1271968087616448","veg":3.2,"date":"2025-06-07","h":906.6}},{"type":"Feature","geometry":{"type":"Point","coordinates":[-49.304639,-25.451252]},"properties":{"id":"1063199148504450","veg":8.9,"date":"2025-06-07","h":906.6}},{"type":"Feature","geometry":{"type":"Point","coordinates":[-49.304632,-25.45114]},"properties":{"id":"1210850250252507","veg":7.0,"date":"2025-06-07","h":906.6}},{"type":"Feature","geometry":{"type":"Point","coordinates":[-49.304651,-25.451363]},"properties":{"id":"2850931528585227","veg":5.9,"date":"2025-06-07","h":906.6}},{"type":"Feature","geometry":{"type":"Point","coordinates":[-49.304672,-25.45154]},"properties":{"id":"717496784499380","veg":4.9,"date":"2025-06-07","h":906.6}},{"type":"Feature","geometry":{"type":"Point","coordinates":[-49.304444,-25.451979]},"properties":{"id":"1627619571411742","veg":11.3,"date":"2025-06-07","h":906.6}},{"type":"Feature","geometry":{"type":"Point","coordinates":[-49.304293,-25.452661]},"properties":{"id":"1171827344717774","veg":10.0,"date":"2025-06-07","h":906.6}},{"type":"Feature","geometry":{"type":"Point","coordinates":[-49.304267,-25.452905]},"properties":{"id":"1705218363690550","veg":40.4,"date":"2025-06-07","h":906.6}},{"type":"Feature","geometry":{"type":"Point","coordinates":[-49.304197,-25.453164]},"properties":{"id":"575872902233232","veg":44.8,"date":"2025-06-07","h":906.6}},{"type":"Feature","geometry":{"type":"Point","coordinates":[-49.30425,-25.452995]},"properties":{"id":"759729729722381","veg":40.4,"date":"2025-06-07","h":906.6}},{"type":"Feature","geometry":{"type":"Point","coordinates":[-49.304223,-25.45309]},"properties":{"id":"705046046018698","veg":40.2,"date":"2025-06-07","h":906.6}},{"type":"Feature","geometry":{"type":"Point","coordinates":[-49.30428,-25.452807]},"properties":{"id":"521275254298228","veg":26.6,"date":"2025-06-07","h":906.6}},{"type":"Feature","geometry":{"type":"Point","coordinates":[-49.304083,-25.452353]},"properties":{"id":"1243048432796903","veg":25.7,"date":"2020-11-17","h":907.0}},{"type":"Feature","geometry":{"type":"Point","coordinates":[-49.304288,-25.452348]},"properties":{"id":"1006926106718715","veg":8.4,"date":"2020-11-17","h":907.1}},{"type":"Feature","geometry":{"type":"Point","coordinates":[-49.304297,-25.452587]},"properties":{"id":"1203323488241845","veg":6.6,"date":"2025-06-07","h":906.6}},{"type":"Feature","geometry":{"type":"Point","coordinates":[-49.30393,-25.45238]},"properties":{"id":"1457046661323088","veg":28.5,"date":"2020-11-17","h":907.2}},{"type":"Feature","geometry":{"type":"Point","coordinates":[-49.304406,-25.452373]},"properties":{"id":"166145508884023","veg":7.2,"date":"2020-11-17","h":907.2}},{"type":"Feature","geometry":{"type":"Point","coordinates":[-49.30432,-25.452183]},"properties":{"id":"1878654969648736","veg":7.6,"date":"2025-06-07","h":906.6}},{"type":"Feature","geometry":{"type":"Point","coordinates":[-49.30431,-25.452305]},"properties":{"id":"30897429219856311","veg":5.1,"date":"2025-06-07","h":906.6}},{"type":"Feature","geometry":{"type":"Point","coordinates":[-49.304227,-25.452342]},"properties":{"id":"3048276402057469","veg":4.3,"date":"2020-11-17","h":907.1}},{"type":"Feature","geometry":{"type":"Point","coordinates":[-49.303968,-25.452373]},"properties":{"id":"2904453846441932","veg":39.0,"date":"2020-11-17","h":907.1}},{"type":"Feature","geometry":{"type":"Point","coordinates":[-49.304366,-25.452362]},"properties":{"id":"330051822124991","veg":8.8,"date":"2020-11-17","h":907.1}},{"type":"Feature","geometry":{"type":"Point","coordinates":[-49.304144,-25.452345]},"properties":{"id":"4457059887660018","veg":8.4,"date":"2020-11-17","h":907.0}},{"type":"Feature","geometry":{"type":"Point","coordinates":[-49.304186,-25.452342]},"properties":{"id":"513485789772050","veg":5.3,"date":"2020-11-17","h":907.0}},{"type":"Feature","geometry":{"type":"Point","coordinates":[-49.304025,-25.452362]},"properties":{"id":"540507750628002","veg":27.0,"date":"2020-11-17","h":907.0}},{"type":"Feature","geometry":{"type":"Point","coordinates":[-49.304355,-25.452088]},"properties":{"id":"680582148019006","veg":7.0,"date":"2025-06-07","h":906.6}},{"type":"Feature","geometry":{"type":"Point","coordinates":[-49.304301,-25.452506]},"properties":{"id":"688657503977861","veg":8.1,"date":"2025-06-07","h":906.6}},{"type":"Feature","geometry":{"type":"Point","coordinates":[-49.304313,-25.452245]},"properties":{"id":"9890913127694142","veg":5.6,"date":"2025-06-07","h":906.6}},{"type":"Feature","geometry":{"type":"Point","coordinates":[-49.304329,-25.452355]},"properties":{"id":"915707762319856","veg":8.5,"date":"2020-11-17","h":907.1}},{"type":"Feature","geometry":{"type":"Point","coordinates":[-49.304305,-25.452408]},"properties":{"id":"690578770555419","veg":7.7,"date":"2025-06-07","h":906.6}},{"type":"Feature","geometry":{"type":"Point","coordinates":[-49.304849,-25.452295]},"properties":{"id":"1402182043515854","veg":3.6,"date":"2020-11-17","h":909.0}},{"type":"Feature","geometry":{"type":"Point","coordinates":[-49.304707,-25.452347]},"properties":{"id":"320549316390852","veg":19.7,"date":"2020-11-17","h":908.5}},{"type":"Feature","geometry":{"type":"Point","coordinates":[-49.304447,-25.452386]},"properties":{"id":"212570500739842","veg":6.2,"date":"2020-11-17","h":907.2}},{"type":"Feature","geometry":{"type":"Point","coordinates":[-49.304943,-25.452324]},"properties":{"id":"207882621238516","veg":3.8,"date":"2020-11-17","h":909.4}},{"type":"Feature","geometry":{"type":"Point","coordinates":[-49.304659,-25.452377]},"properties":{"id":"185882156818266","veg":23.4,"date":"2020-11-17","h":908.3}},{"type":"Feature","geometry":{"type":"Point","coordinates":[-49.304778,-25.452301]},"properties":{"id":"279638780606962","veg":13.8,"date":"2020-11-17","h":908.8}},{"type":"Feature","geometry":{"type":"Point","coordinates":[-49.305048,-25.452365]},"properties":{"id":"329048602220728","veg":10.1,"date":"2020-11-17","h":909.9}},{"type":"Feature","geometry":{"type":"Point","coordinates":[-49.304505,-25.452406]},"properties":{"id":"209253274413517","veg":5.1,"date":"2020-11-17","h":907.6}},{"type":"Feature","geometry":{"type":"Point","coordinates":[-49.304608,-25.452399]},"properties":{"id":"329535875420503","veg":22.1,"date":"2020-11-17","h":908.1}},{"type":"Feature","geometry":{"type":"Point","coordinates":[-49.304995,-25.452344]},"properties":{"id":"375782903890302","veg":5.4,"date":"2020-11-17","h":909.6}},{"type":"Feature","geometry":{"type":"Point","coordinates":[-49.304894,-25.452306]},"properties":{"id":"343967847096490","veg":3.7,"date":"2020-11-17","h":909.1}},{"type":"Feature","geometry":{"type":"Point","coordinates":[-49.304739,-25.452324]},"properties":{"id":"503450637613455","veg":16.3,"date":"2020-11-17","h":908.6}},{"type":"Feature","geometry":{"type":"Point","coordinates":[-49.304554,-25.452409]},"properties":{"id":"972414259998055","veg":10.9,"date":"2020-11-17","h":907.9}},{"type":"Feature","geometry":{"type":"Point","coordinates":[-49.305102,-25.452387]},"properties":{"id":"121204270179513","veg":12.2,"date":"2020-11-17","h":910.0}},{"type":"Feature","geometry":{"type":"Point","coordinates":[-49.305156,-25.452407]},"properties":{"id":"264370838783235","veg":8.1,"date":"2020-11-17","h":910.1}},{"type":"Feature","geometry":{"type":"Point","coordinates":[-49.305191,-25.452421]},"properties":{"id":"864109054487250","veg":7.9,"date":"2020-11-17","h":910.3}},{"type":"Feature","geometry":{"type":"Point","coordinates":[-49.305244,-25.452446]},"properties":{"id":"888498118371194","veg":7.1,"date":"2020-11-17","h":910.8}},{"type":"Feature","geometry":{"type":"Point","coordinates":[-49.305687,-25.452875]},"properties":{"id":"1040635090009751","veg":42.7,"date":"2020-11-17","h":912.3}},{"type":"Feature","geometry":{"type":"Point","coordinates":[-49.305332,-25.452517]},"properties":{"id":"821903022032387","veg":9.8,"date":"2020-11-17","h":911.3}},{"type":"Feature","geometry":{"type":"Point","coordinates":[-49.305599,-25.452786]},"properties":{"id":"1717301635138204","veg":34.6,"date":"2020-11-17","h":912.3}},{"type":"Feature","geometry":{"type":"Point","coordinates":[-49.305522,-25.452709]},"properties":{"id":"1129074950922013","veg":18.0,"date":"2020-11-17","h":911.9}},{"type":"Feature","geometry":{"type":"Point","coordinates":[-49.305445,-25.452635]},"properties":{"id":"120644260240993","veg":22.2,"date":"2020-11-17","h":911.6}},{"type":"Feature","geometry":{"type":"Point","coordinates":[-49.305406,-25.452597]},"properties":{"id":"339741417683914","veg":27.3,"date":"2020-11-17","h":911.5}},{"type":"Feature","geometry":{"type":"Point","coordinates":[-49.305367,-25.452557]},"properties":{"id":"299795611827829","veg":15.9,"date":"2020-11-17","h":911.4}},{"type":"Feature","geometry":{"type":"Point","coordinates":[-49.305626,-25.452813]},"properties":{"id":"4510586972286738","veg":39.2,"date":"2020-11-17","h":912.3}},{"type":"Feature","geometry":{"type":"Point","coordinates":[-49.305655,-25.452842]},"properties":{"id":"489385495461686","veg":39.9,"date":"2020-11-17","h":912.4}},{"type":"Feature","geometry":{"type":"Point","coordinates":[-49.305561,-25.452747]},"properties":{"id":"528723778271982","veg":27.7,"date":"2020-11-17","h":912.1}},{"type":"Feature","geometry":{"type":"Point","coordinates":[-49.305292,-25.452478]},"properties":{"id":"795082421142013","veg":8.0,"date":"2020-11-17","h":911.2}},{"type":"Feature","geometry":{"type":"Point","coordinates":[-49.305485,-25.452673]},"properties":{"id":"884627978795201","veg":19.7,"date":"2020-11-17","h":911.8}},{"type":"Feature","geometry":{"type":"Point","coordinates":[-49.305716,-25.452905]},"properties":{"id":"1329734007424488","veg":36.6,"date":"2020-11-17","h":912.3}},{"type":"Feature","geometry":{"type":"Point","coordinates":[-49.305808,-25.453018]},"properties":{"id":"1394923777559394","veg":45.1,"date":"2020-11-17","h":912.2}},{"type":"Feature","geometry":{"type":"Point","coordinates":[-49.30589,-25.453151]},"properties":{"id":"164567095731121","veg":54.2,"date":"2020-11-17","h":912.1}},{"type":"Feature","geometry":{"type":"Point","coordinates":[-49.305874,-25.453108]},"properties":{"id":"119712797002450","veg":47.6,"date":"2020-11-17","h":911.9}},{"type":"Feature","geometry":{"type":"Point","coordinates":[-49.30584,-25.453062]},"properties":{"id":"532762604598313","veg":43.5,"date":"2020-11-17","h":912.2}},{"type":"Feature","geometry":{"type":"Point","coordinates":[-49.305742,-25.452934]},"properties":{"id":"890534631538769","veg":41.0,"date":"2020-11-17","h":912.2}},{"type":"Feature","geometry":{"type":"Point","coordinates":[-49.305775,-25.452976]},"properties":{"id":"898645767661211","veg":50.1,"date":"2020-11-17","h":912.2}},{"type":"Feature","geometry":{"type":"Point","coordinates":[-49.286217,-25.446752]},"properties":{"id":"1344656819234198","veg":33.6,"date":"2021-04-21","h":924.8}},{"type":"Feature","geometry":{"type":"Point","coordinates":[-49.286283,-25.446773]},"properties":{"id":"1461189137568945","veg":33.9,"date":"2021-04-21","h":924.5}},{"type":"Feature","geometry":{"type":"Point","coordinates":[-49.286607,-25.446892]},"properties":{"id":"1768549736660949","veg":33.6,"date":"2021-04-21","h":923.8}},{"type":"Feature","geometry":{"type":"Point","coordinates":[-49.286543,-25.446868]},"properties":{"id":"2892110087667960","veg":33.5,"date":"2021-04-21","h":923.6}},{"type":"Feature","geometry":{"type":"Point","coordinates":[-49.286674,-25.446917]},"properties":{"id":"470923924137241","veg":33.8,"date":"2021-04-21","h":924.4}},{"type":"Feature","geometry":{"type":"Point","coordinates":[-49.286349,-25.446795]},"properties":{"id":"320951056082014","veg":33.8,"date":"2021-04-21","h":924.1}},{"type":"Feature","geometry":{"type":"Point","coordinates":[-49.286147,-25.446725]},"properties":{"id":"3980476002068900","veg":33.8,"date":"2021-04-21","h":924.4}},{"type":"Feature","geometry":{"type":"Point","coordinates":[-49.28648,-25.446843]},"properties":{"id":"475001907116148","veg":33.3,"date":"2021-04-21","h":923.7}},{"type":"Feature","geometry":{"type":"Point","coordinates":[-49.286075,-25.446695]},"properties":{"id":"767362243816860","veg":33.5,"date":"2021-04-21","h":923.6}},{"type":"Feature","geometry":{"type":"Point","coordinates":[-49.286415,-25.446819]},"properties":{"id":"835621283828095","veg":33.5,"date":"2021-04-21","h":923.9}},{"type":"Feature","geometry":{"type":"Point","coordinates":[-49.286737,-25.44694]},"properties":{"id":"188650179802151","veg":33.6,"date":"2021-04-21","h":924.5}},{"type":"Feature","geometry":{"type":"Point","coordinates":[-49.286795,-25.446957]},"properties":{"id":"265918851993883","veg":33.4,"date":"2021-04-21","h":923.0}},{"type":"Feature","geometry":{"type":"Point","coordinates":[-49.286853,-25.446975]},"properties":{"id":"2851817021706696","veg":33.7,"date":"2021-04-21","h":921.7}},{"type":"Feature","geometry":{"type":"Point","coordinates":[-49.286912,-25.446995]},"properties":{"id":"804493987118744","veg":33.7,"date":"2021-04-21","h":920.8}},{"type":"Feature","geometry":{"type":"Point","coordinates":[-49.286006,-25.446669]},"properties":{"id":"1411171405912944","veg":33.9,"date":"2021-04-21","h":923.6}},{"type":"Feature","geometry":{"type":"Point","coordinates":[-49.285461,-25.446478]},"properties":{"id":"130473339063908","veg":33.6,"date":"2021-04-21","h":930.0}},{"type":"Feature","geometry":{"type":"Point","coordinates":[-49.28573,-25.446583]},"properties":{"id":"213932003702392","veg":33.4,"date":"2021-04-21","h":925.9}},{"type":"Feature","geometry":{"type":"Point","coordinates":[-49.285531,-25.446501]},"properties":{"id":"292915415907082","veg":33.3,"date":"2021-04-21","h":929.4}},{"type":"Feature","geometry":{"type":"Point","coordinates":[-49.2858,-25.446608]},"properties":{"id":"376422173788603","veg":33.8,"date":"2021-04-21","h":925.7}},{"type":"Feature","geometry":{"type":"Point","coordinates":[-49.28566,-25.446554]},"properties":{"id":"852473928678389","veg":33.7,"date":"2021-04-21","h":925.7}},{"type":"Feature","geometry":{"type":"Point","coordinates":[-49.285594,-25.446527]},"properties":{"id":"936065713859399","veg":33.8,"date":"2021-04-21","h":927.3}},{"type":"Feature","geometry":{"type":"Point","coordinates":[-49.285938,-25.446643]},"properties":{"id":"961333701364673","veg":33.6,"date":"2021-04-21","h":923.9}},{"type":"Feature","geometry":{"type":"Point","coordinates":[-49.285869,-25.446624]},"properties":{"id":"986230602193882","veg":33.7,"date":"2021-04-21","h":924.7}},{"type":"Feature","geometry":{"type":"Point","coordinates":[-49.285179,-25.446381]},"properties":{"id":"1370303633339703","veg":33.6,"date":"2021-04-21","h":930.1}},{"type":"Feature","geometry":{"type":"Point","coordinates":[-49.284847,-25.446269]},"properties":{"id":"953532302168012","veg":34.0,"date":"2021-04-21","h":931.5}},{"type":"Feature","geometry":{"type":"Point","coordinates":[-49.285248,-25.446405]},"properties":{"id":"325786475623741","veg":33.4,"date":"2021-04-21","h":929.9}},{"type":"Feature","geometry":{"type":"Point","coordinates":[-49.284913,-25.446293]},"properties":{"id":"4057570904326033","veg":33.9,"date":"2021-04-21","h":931.3}},{"type":"Feature","geometry":{"type":"Point","coordinates":[-49.285319,-25.446431]},"properties":{"id":"339556140847895","veg":33.9,"date":"2021-04-21","h":929.9}},{"type":"Feature","geometry":{"type":"Point","coordinates":[-49.284787,-25.446246]},"properties":{"id":"508058733940853","veg":33.8,"date":"2021-04-21","h":931.7}},{"type":"Feature","geometry":{"type":"Point","coordinates":[-49.284979,-25.446316]},"properties":{"id":"531794954865213","veg":33.8,"date":"2021-04-21","h":931.1}},{"type":"Feature","geometry":{"type":"Point","coordinates":[-49.285111,-25.446358]},"properties":{"id":"770560913602921","veg":33.9,"date":"2021-04-21","h":930.3}},{"type":"Feature","geometry":{"type":"Point","coordinates":[-49.28539,-25.446455]},"properties":{"id":"974251886663744","veg":33.7,"date":"2021-04-21","h":929.9}},{"type":"Feature","geometry":{"type":"Point","coordinates":[-49.285044,-25.446337]},"properties":{"id":"967167970770405","veg":34.1,"date":"2021-04-21","h":930.7}},{"type":"Feature","geometry":{"type":"Point","coordinates":[-49.284728,-25.446225]},"properties":{"id":"1153328131818347","veg":34.0,"date":"2021-04-21","h":931.9}},{"type":"Feature","geometry":{"type":"Point","coordinates":[-49.284674,-25.446205]},"properties":{"id":"270970081487073","veg":33.7,"date":"2021-04-21","h":932.5}},{"type":"Feature","geometry":{"type":"Point","coordinates":[-49.287085,-25.447058]},"properties":{"id":"1257202288048582","veg":33.7,"date":"2021-04-21","h":918.0}},{"type":"Feature","geometry":{"type":"Point","coordinates":[-49.286971,-25.447015]},"properties":{"id":"233028281491684","veg":33.6,"date":"2021-04-21","h":919.9}},{"type":"Feature","geometry":{"type":"Point","coordinates":[-49.287027,-25.447036]},"properties":{"id":"380146040048993","veg":33.6,"date":"2021-04-21","h":918.7}},{"type":"Feature","geometry":{"type":"Point","coordinates":[-49.287214,-25.447103]},"properties":{"id":"448473786114631","veg":33.9,"date":"2021-04-21","h":918.9}},{"type":"Feature","geometry":{"type":"Point","coordinates":[-49.28715,-25.44708]},"properties":{"id":"850526898879364","veg":33.5,"date":"2021-04-21","h":918.5}},{"type":"Feature","geometry":{"type":"Point","coordinates":[-49.288785,-25.449453]},"properties":{"id":"1205958994123799","veg":30.3,"date":"2025-06-07","h":926.8}},{"type":"Feature","geometry":{"type":"Point","coordinates":[-49.288591,-25.449391]},"properties":{"id":"1712206296335736","veg":42.6,"date":"2025-06-07","h":926.8}},{"type":"Feature","geometry":{"type":"Point","coordinates":[-49.28751,-25.448997]},"properties":{"id":"1070688731655081","veg":26.0,"date":"2025-06-07","h":922.8}},{"type":"Feature","geometry":{"type":"Point","coordinates":[-49.287677,-25.449059]},"properties":{"id":"1061090552615058","veg":13.4,"date":"2025-06-07","h":926.8}},{"type":"Feature","geometry":{"type":"Point","coordinates":[-49.287646,-25.449048]},"properties":{"id":"1029701012677947","veg":15.2,"date":"2025-06-07","h":922.8}},{"type":"Feature","geometry":{"type":"Point","coordinates":[-49.287769,-25.449093]},"properties":{"id":"1428120708345357","veg":15.5,"date":"2025-06-07","h":926.8}},{"type":"Feature","geometry":{"type":"Point","coordinates":[-49.287633,-25.449044]},"properties":{"id":"2109502006199901","veg":15.2,"date":"2025-06-07","h":922.8}},{"type":"Feature","geometry":{"type":"Point","coordinates":[-49.287855,-25.449125]},"properties":{"id":"643420592059381","veg":17.7,"date":"2025-06-07","h":926.8}},{"type":"Feature","geometry":{"type":"Point","coordinates":[-49.28839,-25.449319]},"properties":{"id":"1174041084411276","veg":29.4,"date":"2025-06-07","h":926.8}},{"type":"Feature","geometry":{"type":"Point","coordinates":[-49.288493,-25.449356]},"properties":{"id":"1496238591354483","veg":38.9,"date":"2025-06-07","h":926.8}},{"type":"Feature","geometry":{"type":"Point","coordinates":[-49.288124,-25.449223]},"properties":{"id":"2121824521646701","veg":37.4,"date":"2025-06-07","h":926.8}},{"type":"Feature","geometry":{"type":"Point","coordinates":[-49.288047,-25.449195]},"properties":{"id":"2148916692248387","veg":36.4,"date":"2025-06-07","h":926.8}},{"type":"Feature","geometry":{"type":"Point","coordinates":[-49.287978,-25.449169]},"properties":{"id":"2165266973918191","veg":34.7,"date":"2025-06-07","h":926.8}},{"type":"Feature","geometry":{"type":"Point","coordinates":[-49.288223,-25.449259]},"properties":{"id":"745757547792016","veg":40.5,"date":"2025-06-07","h":926.8}},{"type":"Feature","geometry":{"type":"Point","coordinates":[-49.288306,-25.449289]},"properties":{"id":"9478630312242212","veg":37.4,"date":"2025-06-07","h":926.8}},{"type":"Feature","geometry":{"type":"Point","coordinates":[-49.288992,-25.449534]},"properties":{"id":"1160674642411453","veg":48.0,"date":"2025-06-07","h":926.8}},{"type":"Feature","geometry":{"type":"Point","coordinates":[-49.288888,-25.449496]},"properties":{"id":"1209136707185608","veg":31.3,"date":"2025-06-07","h":926.8}},{"type":"Feature","geometry":{"type":"Point","coordinates":[-49.289214,-25.449618]},"properties":{"id":"1723122951615695","veg":47.1,"date":"2025-06-07","h":926.8}},{"type":"Feature","geometry":{"type":"Point","coordinates":[-49.289102,-25.449574]},"properties":{"id":"4137343343188504","veg":55.1,"date":"2025-06-07","h":926.8}},{"type":"Feature","geometry":{"type":"Point","coordinates":[-49.289457,-25.449715]},"properties":{"id":"1174090948084988","veg":51.8,"date":"2025-06-07","h":926.8}},{"type":"Feature","geometry":{"type":"Point","coordinates":[-49.289516,-25.449738]},"properties":{"id":"540517528998996","veg":57.3,"date":"2025-06-07","h":926.8}},{"type":"Feature","geometry":{"type":"Point","coordinates":[-49.289905,-25.449879]},"properties":{"id":"635654999507324","veg":50.9,"date":"2025-06-07","h":926.8}},{"type":"Feature","geometry":{"type":"Point","coordinates":[-49.28961,-25.449775]},"properties":{"id":"701728149277847","veg":45.3,"date":"2025-06-07","h":926.8}},{"type":"Feature","geometry":{"type":"Point","coordinates":[-49.289764,-25.449824]},"properties":{"id":"682828294530033","veg":49.7,"date":"2025-06-07","h":926.8}},{"type":"Feature","geometry":{"type":"Point","coordinates":[-49.289309,-25.449657]},"properties":{"id":"688059927348806","veg":54.1,"date":"2025-06-07","h":926.8}},{"type":"Feature","geometry":{"type":"Point","coordinates":[-49.290067,-25.449938]},"properties":{"id":"1040458014347758","veg":58.1,"date":"2025-06-07","h":926.8}},{"type":"Feature","geometry":{"type":"Point","coordinates":[-49.290153,-25.449971]},"properties":{"id":"1020854260241416","veg":56.4,"date":"2025-06-07","h":926.8}},{"type":"Feature","geometry":{"type":"Point","coordinates":[-49.289981,-25.449907]},"properties":{"id":"1915745965889644","veg":55.0,"date":"2025-06-07","h":926.8}},{"type":"Feature","geometry":{"type":"Point","coordinates":[-49.287447,-25.448974]},"properties":{"id":"1254133539679665","veg":26.6,"date":"2025-06-07","h":922.8}},{"type":"Feature","geometry":{"type":"Point","coordinates":[-49.287363,-25.448944]},"properties":{"id":"2158046814608501","veg":21.2,"date":"2025-06-07","h":922.8}},{"type":"Feature","geometry":{"type":"Point","coordinates":[-49.286151,-25.448512]},"properties":{"id":"1233315521761999","veg":21.6,"date":"2025-06-07","h":922.8}},{"type":"Feature","geometry":{"type":"Point","coordinates":[-49.286059,-25.448627]},"properties":{"id":"1071625898178272","veg":26.1,"date":"2025-06-07","h":921.8}},{"type":"Feature","geometry":{"type":"Point","coordinates":[-49.286102,-25.448547]},"properties":{"id":"1098992678739108","veg":37.5,"date":"2025-06-07","h":922.8}},{"type":"Feature","geometry":{"type":"Point","coordinates":[-49.286337,-25.448537]},"properties":{"id":"1392464885541067","veg":41.6,"date":"2025-06-07","h":922.8}},{"type":"Feature","geometry":{"type":"Point","coordinates":[-49.286074,-25.448591]},"properties":{"id":"1400723424596619","veg":28.4,"date":"2025-06-07","h":921.8}},{"type":"Feature","geometry":{"type":"Point","coordinates":[-49.286205,-25.4485]},"properties":{"id":"734674355568638","veg":23.0,"date":"2025-06-07","h":922.8}},{"type":"Feature","geometry":{"type":"Point","coordinates":[-49.287045,-25.448828]},"properties":{"id":"1229645981519655","veg":17.3,"date":"2025-06-07","h":922.8}},{"type":"Feature","geometry":{"type":"Point","coordinates":[-49.286941,-25.448791]},"properties":{"id":"1270071868121446","veg":17.1,"date":"2025-06-07","h":922.8}},{"type":"Feature","geometry":{"type":"Point","coordinates":[-49.286835,-25.448753]},"properties":{"id":"3161019994074620","veg":27.6,"date":"2025-06-07","h":922.8}},{"type":"Feature","geometry":{"type":"Point","coordinates":[-49.287311,-25.448926]},"properties":{"id":"732458639255055","veg":18.3,"date":"2025-06-07","h":922.8}},{"type":"Feature","geometry":{"type":"Point","coordinates":[-49.28718,-25.448879]},"properties":{"id":"695520276426052","veg":12.2,"date":"2025-06-07","h":922.8}},{"type":"Feature","geometry":{"type":"Point","coordinates":[-49.285884,-25.44904]},"properties":{"id":"1053431310186796","veg":30.3,"date":"2025-06-07","h":923.2}},{"type":"Feature","geometry":{"type":"Point","coordinates":[-49.285768,-25.44931]},"properties":{"id":"1210805580273904","veg":32.5,"date":"2025-06-07","h":923.2}},{"type":"Feature","geometry":{"type":"Point","coordinates":[-49.285845,-25.449127]},"properties":{"id":"1404380810908084","veg":29.2,"date":"2025-06-07","h":923.2}},{"type":"Feature","geometry":{"type":"Point","coordinates":[-49.285917,-25.448964]},"properties":{"id":"1654110221956006","veg":33.5,"date":"2025-06-07","h":923.2}},{"type":"Feature","geometry":{"type":"Point","coordinates":[-49.285805,-25.449222]},"properties":{"id":"557428043907294","veg":33.6,"date":"2025-06-07","h":923.2}},{"type":"Feature","geometry":{"type":"Point","coordinates":[-49.285941,-25.448907]},"properties":{"id":"1849124968964828","veg":42.1,"date":"2025-06-07","h":923.2}},{"type":"Feature","geometry":{"type":"Point","coordinates":[-49.285738,-25.449381]},"properties":{"id":"705318272209248","veg":37.3,"date":"2025-06-07","h":923.2}},{"type":"Feature","geometry":{"type":"Point","coordinates":[-49.286021,-25.44872]},"properties":{"id":"2149046382234470","veg":36.2,"date":"2025-06-07","h":921.8}},{"type":"Feature","geometry":{"type":"Point","coordinates":[-49.285978,-25.44882]},"properties":{"id":"1247106163670425","veg":44.8,"date":"2025-06-07","h":923.2}},{"type":"Feature","geometry":{"type":"Point","coordinates":[-49.285964,-25.448854]},"properties":{"id":"1422092585776890","veg":45.9,"date":"2025-06-07","h":923.2}},{"type":"Feature","geometry":{"type":"Point","coordinates":[-49.285988,-25.448796]},"properties":{"id":"2230911234017507","veg":46.3,"date":"2025-06-07","h":923.2}},{"type":"Feature","geometry":{"type":"Point","coordinates":[-49.286006,-25.448754]},"properties":{"id":"711927718152050","veg":42.8,"date":"2025-06-07","h":921.8}},{"type":"Feature","geometry":{"type":"Point","coordinates":[-49.286036,-25.448683]},"properties":{"id":"977814880927108","veg":22.6,"date":"2025-06-07","h":921.8}},{"type":"Feature","geometry":{"type":"Point","coordinates":[-49.285706,-25.449453]},"properties":{"id":"729874706086249","veg":36.1,"date":"2025-06-07","h":923.2}},{"type":"Feature","geometry":{"type":"Point","coordinates":[-49.285506,-25.449869]},"properties":{"id":"1443504167103528","veg":37.6,"date":"2025-06-07","h":923.2}},{"type":"Feature","geometry":{"type":"Point","coordinates":[-49.285546,-25.449781]},"properties":{"id":"1880541075853630","veg":37.9,"date":"2025-06-07","h":923.2}},{"type":"Feature","geometry":{"type":"Point","coordinates":[-49.285431,-25.450021]},"properties":{"id":"2337156976681600","veg":34.8,"date":"2025-06-07","h":923.2}},{"type":"Feature","geometry":{"type":"Point","coordinates":[-49.285467,-25.44994]},"properties":{"id":"591887437264209","veg":44.4,"date":"2025-06-07","h":923.2}},{"type":"Feature","geometry":{"type":"Point","coordinates":[-49.285295,-25.45035]},"properties":{"id":"1146177433942783","veg":19.2,"date":"2025-06-07","h":926.4}},{"type":"Feature","geometry":{"type":"Point","coordinates":[-49.285305,-25.45031]},"properties":{"id":"1368368837742609","veg":18.5,"date":"2025-06-07","h":923.4}},{"type":"Feature","geometry":{"type":"Point","coordinates":[-49.285365,-25.450169]},"properties":{"id":"1786822145510857","veg":16.4,"date":"2025-06-07","h":923.2}},{"type":"Feature","geometry":{"type":"Point","coordinates":[-49.285166,-25.450603]},"properties":{"id":"1918253635694530","veg":28.5,"date":"2025-06-07","h":926.4}},{"type":"Feature","geometry":{"type":"Point","coordinates":[-49.285349,-25.450208]},"properties":{"id":"3738546363114096","veg":16.8,"date":"2025-06-07","h":923.2}},{"type":"Feature","geometry":{"type":"Point","coordinates":[-49.285328,-25.450256]},"properties":{"id":"676866218500733","veg":18.3,"date":"2025-06-07","h":923.2}},{"type":"Feature","geometry":{"type":"Point","coordinates":[-49.285393,-25.450106]},"properties":{"id":"708703738766774","veg":27.2,"date":"2025-06-07","h":923.2}},{"type":"Feature","geometry":{"type":"Point","coordinates":[-49.285197,-25.450542]},"properties":{"id":"847153434691267","veg":28.1,"date":"2025-06-07","h":926.4}},{"type":"Feature","geometry":{"type":"Point","coordinates":[-49.284979,-25.450958]},"properties":{"id":"575202195568337","veg":32.8,"date":"2025-06-07","h":926.4}},{"type":"Feature","geometry":{"type":"Point","coordinates":[-49.284938,-25.45105]},"properties":{"id":"1111720804120382","veg":32.2,"date":"2025-06-07","h":926.4}},{"type":"Feature","geometry":{"type":"Point","coordinates":[-49.285049,-25.450812]},"properties":{"id":"1909325736532912","veg":29.5,"date":"2025-06-07","h":926.4}},{"type":"Feature","geometry":{"type":"Point","coordinates":[-49.285012,-25.450887]},"properties":{"id":"540505819000159","veg":32.2,"date":"2025-06-07","h":926.4}},{"type":"Feature","geometry":{"type":"Point","coordinates":[-49.28511,-25.450703]},"properties":{"id":"729852626266018","veg":29.7,"date":"2025-06-07","h":926.4}},{"type":"Feature","geometry":{"type":"Point","coordinates":[-49.28479,-25.451435]},"properties":{"id":"1049165077186905","veg":28.3,"date":"2025-06-07","h":926.4}},{"type":"Feature","geometry":{"type":"Point","coordinates":[-49.284815,-25.451364]},"properties":{"id":"1795690874311141","veg":31.7,"date":"2025-06-07","h":926.4}},{"type":"Feature","geometry":{"type":"Point","coordinates":[-49.284866,-25.451223]},"properties":{"id":"1716774209213526","veg":31.9,"date":"2025-06-07","h":926.4}},{"type":"Feature","geometry":{"type":"Point","coordinates":[-49.284849,-25.451269]},"properties":{"id":"1529303337785076","veg":25.7,"date":"2025-06-07","h":926.4}},{"type":"Feature","geometry":{"type":"Point","coordinates":[-49.284898,-25.451143]},"properties":{"id":"1876523373125379","veg":33.3,"date":"2025-06-07","h":926.4}},{"type":"Feature","geometry":{"type":"Point","coordinates":[-49.284746,-25.451552]},"properties":{"id":"1057224785735196","veg":28.8,"date":"2025-06-07","h":926.4}},{"type":"Feature","geometry":{"type":"Point","coordinates":[-49.284719,-25.451622]},"properties":{"id":"684850497505996","veg":20.9,"date":"2025-06-07","h":926.4}},{"type":"Feature","geometry":{"type":"Point","coordinates":[-49.284772,-25.451488]},"properties":{"id":"713909628251577","veg":26.0,"date":"2025-06-07","h":926.4}},{"type":"Feature","geometry":{"type":"Point","coordinates":[-49.284685,-25.451705]},"properties":{"id":"1930576731087666","veg":20.4,"date":"2025-06-07","h":926.4}},{"type":"Feature","geometry":{"type":"Point","coordinates":[-49.290234,-25.450002]},"properties":{"id":"1401933717496210","veg":49.3,"date":"2025-06-07","h":926.8}},{"type":"Feature","geometry":{"type":"Point","coordinates":[-49.290312,-25.450031]},"properties":{"id":"1077138044269970","veg":45.0,"date":"2025-06-07","h":926.8}},{"type":"Feature","geometry":{"type":"Point","coordinates":[-49.290395,-25.450062]},"properties":{"id":"718278850722548","veg":43.8,"date":"2025-06-07","h":926.8}},{"type":"Feature","geometry":{"type":"Point","coordinates":[-49.29058,-25.450129]},"properties":{"id":"1036166025314491","veg":20.0,"date":"2025-06-07","h":926.8}},{"type":"Feature","geometry":{"type":"Point","coordinates":[-49.290781,-25.45021]},"properties":{"id":"1485665815744555","veg":50.1,"date":"2025-06-07","h":936.7}},{"type":"Feature","geometry":{"type":"Point","coordinates":[-49.290719,-25.450184]},"properties":{"id":"1043732624556303","veg":51.5,"date":"2025-06-07","h":936.7}},{"type":"Feature","geometry":{"type":"Point","coordinates":[-49.290675,-25.450166]},"properties":{"id":"1051601353093809","veg":37.0,"date":"2025-06-07","h":936.7}},{"type":"Feature","geometry":{"type":"Point","coordinates":[-49.290609,-25.450139]},"properties":{"id":"1224611095971850","veg":22.1,"date":"2025-06-07","h":936.7}},{"type":"Feature","geometry":{"type":"Point","coordinates":[-49.290922,-25.450268]},"properties":{"id":"1024684329754100","veg":36.8,"date":"2025-06-07","h":936.7}},{"type":"Feature","geometry":{"type":"Point","coordinates":[-49.291074,-25.450329]},"properties":{"id":"1842563126341758","veg":46.9,"date":"2025-06-07","h":936.7}},{"type":"Feature","geometry":{"type":"Point","coordinates":[-49.290638,-25.450151]},"properties":{"id":"2883133235207775","veg":25.2,"date":"2025-06-07","h":936.7}},{"type":"Feature","geometry":{"type":"Point","coordinates":[-49.290847,-25.450237]},"properties":{"id":"3862820113864536","veg":44.6,"date":"2025-06-07","h":936.7}},{"type":"Feature","geometry":{"type":"Point","coordinates":[-49.290992,-25.450298]},"properties":{"id":"727442199625066","veg":43.0,"date":"2025-06-07","h":936.7}},{"type":"Feature","geometry":{"type":"Point","coordinates":[-49.290554,-25.450119]},"properties":{"id":"599162862653249","veg":22.5,"date":"2025-06-07","h":926.8}},{"type":"Feature","geometry":{"type":"Point","coordinates":[-49.291164,-25.450362]},"properties":{"id":"1036507748667879","veg":55.0,"date":"2025-06-07","h":936.7}},{"type":"Feature","geometry":{"type":"Point","coordinates":[-49.291256,-25.450397]},"properties":{"id":"1381358473154485","veg":52.9,"date":"2025-06-07","h":936.7}},{"type":"Feature","geometry":{"type":"Point","coordinates":[-49.291348,-25.450431]},"properties":{"id":"1239932534515681","veg":54.3,"date":"2025-06-07","h":936.7}},{"type":"Feature","geometry":{"type":"Point","coordinates":[-49.29145,-25.45047]},"properties":{"id":"9478124638960127","veg":49.6,"date":"2025-06-07","h":936.7}},{"type":"Feature","geometry":{"type":"Point","coordinates":[-49.291643,-25.450542]},"properties":{"id":"1215322333406552","veg":27.1,"date":"2025-06-07","h":936.7}},{"type":"Feature","geometry":{"type":"Point","coordinates":[-49.291548,-25.450506]},"properties":{"id":"1865008647629628","veg":39.1,"date":"2025-06-07","h":936.7}},{"type":"Feature","geometry":{"type":"Point","coordinates":[-49.291733,-25.450576]},"properties":{"id":"721408370460340","veg":21.3,"date":"2025-06-07","h":936.7}},{"type":"Feature","geometry":{"type":"Point","coordinates":[-49.292065,-25.450699]},"properties":{"id":"1069751881780386","veg":28.3,"date":"2025-06-07","h":936.7}},{"type":"Feature","geometry":{"type":"Point","coordinates":[-49.291833,-25.450614]},"properties":{"id":"2817353258449667","veg":22.2,"date":"2025-06-07","h":936.7}},{"type":"Feature","geometry":{"type":"Point","coordinates":[-49.291998,-25.450674]},"properties":{"id":"719027113829434","veg":32.0,"date":"2025-06-07","h":936.7}},{"type":"Feature","geometry":{"type":"Point","coordinates":[-49.291918,-25.450644]},"properties":{"id":"592165270123194","veg":30.0,"date":"2025-06-07","h":936.7}},{"type":"Feature","geometry":{"type":"Point","coordinates":[-49.292202,-25.45075]},"properties":{"id":"1072053121405208","veg":33.4,"date":"2025-06-07","h":936.7}},{"type":"Feature","geometry":{"type":"Point","coordinates":[-49.292348,-25.450804]},"properties":{"id":"1225875335663974","veg":34.5,"date":"2025-06-07","h":944.4}},{"type":"Feature","geometry":{"type":"Point","coordinates":[-49.292154,-25.450732]},"properties":{"id":"1219739622892432","veg":29.7,"date":"2025-06-07","h":936.7}},{"type":"Feature","geometry":{"type":"Point","coordinates":[-49.292281,-25.450779]},"properties":{"id":"1362206248414409","veg":38.3,"date":"2025-06-07","h":936.7}},{"type":"Feature","geometry":{"type":"Point","coordinates":[-49.292234,-25.450762]},"properties":{"id":"2140102769771655","veg":38.1,"date":"2025-06-07","h":936.7}},{"type":"Feature","geometry":{"type":"Point","coordinates":[-49.292182,-25.450743]},"properties":{"id":"1713130719325998","veg":30.8,"date":"2025-06-07","h":936.7}},{"type":"Feature","geometry":{"type":"Point","coordinates":[-49.292401,-25.450824]},"properties":{"id":"1257370699394786","veg":25.9,"date":"2025-06-07","h":944.4}},{"type":"Feature","geometry":{"type":"Point","coordinates":[-49.292884,-25.451006]},"properties":{"id":"1225513822405167","veg":31.2,"date":"2025-06-07","h":944.4}},{"type":"Feature","geometry":{"type":"Point","coordinates":[-49.292787,-25.450969]},"properties":{"id":"1069709885052572","veg":26.8,"date":"2025-06-07","h":944.4}},{"type":"Feature","geometry":{"type":"Point","coordinates":[-49.29254,-25.450876]},"properties":{"id":"1206046727735584","veg":17.4,"date":"2025-06-07","h":944.4}},{"type":"Feature","geometry":{"type":"Point","coordinates":[-49.292461,-25.450847]},"properties":{"id":"727297963205031","veg":16.1,"date":"2025-06-07","h":944.4}},{"type":"Feature","geometry":{"type":"Point","coordinates":[-49.292695,-25.450934]},"properties":{"id":"617305430769403","veg":35.8,"date":"2025-06-07","h":944.4}},{"type":"Feature","geometry":{"type":"Point","coordinates":[-49.292612,-25.450902]},"properties":{"id":"581237258361215","veg":27.6,"date":"2025-06-07","h":944.4}},{"type":"Feature","geometry":{"type":"Point","coordinates":[-49.294974,-25.451801]},"properties":{"id":"1426765731678575","veg":27.5,"date":"2025-06-07","h":944.4}},{"type":"Feature","geometry":{"type":"Point","coordinates":[-49.295269,-25.451873]},"properties":{"id":"1259743759496306","veg":23.3,"date":"2025-06-07","h":944.4}},{"type":"Feature","geometry":{"type":"Point","coordinates":[-49.295496,-25.451956]},"properties":{"id":"1393633058542856","veg":20.3,"date":"2025-06-07","h":944.4}},{"type":"Feature","geometry":{"type":"Point","coordinates":[-49.295127,-25.451822]},"properties":{"id":"2838839859839778","veg":21.9,"date":"2025-06-07","h":944.4}},{"type":"Feature","geometry":{"type":"Point","coordinates":[-49.295371,-25.451909]},"properties":{"id":"717787590658449","veg":16.3,"date":"2025-06-07","h":944.4}},{"type":"Feature","geometry":{"type":"Point","coordinates":[-49.294427,-25.451593]},"properties":{"id":"1294937412247241","veg":31.1,"date":"2025-06-07","h":944.4}},{"type":"Feature","geometry":{"type":"Point","coordinates":[-49.294862,-25.451758]},"properties":{"id":"1100272432019276","veg":34.2,"date":"2025-06-07","h":944.4}},{"type":"Feature","geometry":{"type":"Point","coordinates":[-49.294628,-25.451669]},"properties":{"id":"1245497320256281","veg":36.8,"date":"2025-06-07","h":944.4}},{"type":"Feature","geometry":{"type":"Point","coordinates":[-49.294313,-25.451548]},"properties":{"id":"1200383588239101","veg":30.9,"date":"2025-06-07","h":944.4}},{"type":"Feature","geometry":{"type":"Point","coordinates":[-49.29452,-25.451628]},"properties":{"id":"1258763289162670","veg":33.6,"date":"2025-06-07","h":944.4}},{"type":"Feature","geometry":{"type":"Point","coordinates":[-49.294748,-25.451715]},"properties":{"id":"1775257400092954","veg":46.7,"date":"2025-06-07","h":944.4}},{"type":"Feature","geometry":{"type":"Point","coordinates":[-49.293839,-25.451369]},"properties":{"id":"1051269839765324","veg":16.2,"date":"2025-06-07","h":944.4}},{"type":"Feature","geometry":{"type":"Point","coordinates":[-49.294211,-25.451509]},"properties":{"id":"1237282941527613","veg":31.1,"date":"2025-06-07","h":944.4}},{"type":"Feature","geometry":{"type":"Point","coordinates":[-49.293748,-25.451334]},"properties":{"id":"1371800907383837","veg":28.7,"date":"2025-06-07","h":944.4}},{"type":"Feature","geometry":{"type":"Point","coordinates":[-49.293917,-25.451399]},"properties":{"id":"582866044446558","veg":14.8,"date":"2025-06-07","h":944.4}},{"type":"Feature","geometry":{"type":"Point","coordinates":[-49.294129,-25.451478]},"properties":{"id":"759347939781096","veg":34.8,"date":"2025-06-07","h":944.4}},{"type":"Feature","geometry":{"type":"Point","coordinates":[-49.29298,-25.451041]},"properties":{"id":"1272721544425586","veg":35.1,"date":"2025-06-07","h":944.4}},{"type":"Feature","geometry":{"type":"Point","coordinates":[-49.293548,-25.451259]},"properties":{"id":"1771623336781593","veg":29.0,"date":"2025-06-07","h":944.4}},{"type":"Feature","geometry":{"type":"Point","coordinates":[-49.293082,-25.451079]},"properties":{"id":"1494678534834075","veg":37.9,"date":"2025-06-07","h":944.4}},{"type":"Feature","geometry":{"type":"Point","coordinates":[-49.29343,-25.451215]},"properties":{"id":"1804045833843757","veg":32.6,"date":"2025-06-07","h":944.4}},{"type":"Feature","geometry":{"type":"Point","coordinates":[-49.293179,-25.451115]},"properties":{"id":"1918472095636664","veg":29.3,"date":"2025-06-07","h":944.4}},{"type":"Feature","geometry":{"type":"Point","coordinates":[-49.293641,-25.451295]},"properties":{"id":"1774992260094624","veg":33.8,"date":"2025-06-07","h":944.4}},{"type":"Feature","geometry":{"type":"Point","coordinates":[-49.295594,-25.451992]},"properties":{"id":"1373051057296420","veg":19.9,"date":"2025-06-07","h":944.4}},{"type":"Feature","geometry":{"type":"Point","coordinates":[-49.284657,-25.453477]},"properties":{"id":"527826430297948","veg":10.8,"date":"2025-06-07","h":926.4}},{"type":"Feature","geometry":{"type":"Point","coordinates":[-49.285035,-25.454301]},"properties":{"id":"1217012649967033","veg":54.0,"date":"2025-06-07","h":926.1}},{"type":"Feature","geometry":{"type":"Point","coordinates":[-49.285101,-25.45444]},"properties":{"id":"1211400167352859","veg":50.3,"date":"2025-06-07","h":926.1}},{"type":"Feature","geometry":{"type":"Point","coordinates":[-49.285003,-25.454234]},"properties":{"id":"2428585090854053","veg":54.3,"date":"2025-06-07","h":926.4}},{"type":"Feature","geometry":{"type":"Point","coordinates":[-49.285082,-25.454401]},"properties":{"id":"2084266305427249","veg":49.2,"date":"2025-06-07","h":926.1}},{"type":"Feature","geometry":{"type":"Point","coordinates":[-49.285063,-25.45436]},"properties":{"id":"9877064809036666","veg":53.1,"date":"2025-06-07","h":926.1}},{"type":"Feature","geometry":{"type":"Point","coordinates":[-49.284875,-25.453961]},"properties":{"id":"1226879859145445","veg":10.5,"date":"2025-06-07","h":926.4}},{"type":"Feature","geometry":{"type":"Point","coordinates":[-49.284769,-25.453744]},"properties":{"id":"1243515640460241","veg":17.8,"date":"2025-06-07","h":926.4}},{"type":"Feature","geometry":{"type":"Point","coordinates":[-49.284806,-25.45382]},"properties":{"id":"1776539676628511","veg":12.2,"date":"2025-06-07","h":926.4}},{"type":"Feature","geometry":{"type":"Point","coordinates":[-49.284905,-25.454023]},"properties":{"id":"3583275965314366","veg":27.8,"date":"2025-06-07","h":926.4}},{"type":"Feature","geometry":{"type":"Point","coordinates":[-49.284941,-25.454101]},"properties":{"id":"725486463500666","veg":48.6,"date":"2025-06-07","h":926.4}},{"type":"Feature","geometry":{"type":"Point","coordinates":[-49.284838,-25.453886]},"properties":{"id":"748156137777279","veg":9.0,"date":"2025-06-07","h":926.4}},{"type":"Feature","geometry":{"type":"Point","coordinates":[-49.284974,-25.454172]},"properties":{"id":"578930638190216","veg":51.6,"date":"2025-06-07","h":926.4}},{"type":"Feature","geometry":{"type":"Point","coordinates":[-49.284696,-25.453578]},"properties":{"id":"1025240439327239","veg":6.2,"date":"2025-06-07","h":926.4}},{"type":"Feature","geometry":{"type":"Point","coordinates":[-49.28473,-25.453657]},"properties":{"id":"4167947276821985","veg":13.5,"date":"2025-06-07","h":926.4}},{"type":"Feature","geometry":{"type":"Point","coordinates":[-49.285294,-25.454858]},"properties":{"id":"1213427153250607","veg":27.5,"date":"2025-06-07","h":926.1}},{"type":"Feature","geometry":{"type":"Point","coordinates":[-49.285249,-25.45476]},"properties":{"id":"1036120851485146","veg":31.0,"date":"2025-06-07","h":926.1}},{"type":"Feature","geometry":{"type":"Point","coordinates":[-49.285205,-25.454663]},"properties":{"id":"1219777252980772","veg":39.2,"date":"2025-06-07","h":926.1}},{"type":"Feature","geometry":{"type":"Point","coordinates":[-49.285158,-25.454561]},"properties":{"id":"1739784116660100","veg":40.3,"date":"2025-06-07","h":926.1}},{"type":"Feature","geometry":{"type":"Point","coordinates":[-49.28512,-25.454482]},"properties":{"id":"4562614733965303","veg":49.6,"date":"2025-06-07","h":926.1}},{"type":"Feature","geometry":{"type":"Point","coordinates":[-49.285142,-25.454526]},"properties":{"id":"613189757792785","veg":42.7,"date":"2025-06-07","h":926.1}},{"type":"Feature","geometry":{"type":"Point","coordinates":[-49.285338,-25.454958]},"properties":{"id":"716668700898074","veg":30.1,"date":"2025-06-07","h":926.1}},{"type":"Feature","geometry":{"type":"Point","coordinates":[-49.285381,-25.455053]},"properties":{"id":"717395940920113","veg":36.3,"date":"2025-06-07","h":926.1}},{"type":"Feature","geometry":{"type":"Point","coordinates":[-49.285423,-25.455147]},"properties":{"id":"1204358194773578","veg":34.8,"date":"2025-06-07","h":926.1}},{"type":"Feature","geometry":{"type":"Point","coordinates":[-49.285627,-25.455594]},"properties":{"id":"690414056930559","veg":38.4,"date":"2025-06-07","h":926.1}},{"type":"Feature","geometry":{"type":"Point","coordinates":[-49.285529,-25.455378]},"properties":{"id":"9778643312245841","veg":21.8,"date":"2025-06-07","h":926.1}},{"type":"Feature","geometry":{"type":"Point","coordinates":[-49.28549,-25.455291]},"properties":{"id":"746714381261784","veg":23.3,"date":"2025-06-07","h":926.1}},{"type":"Feature","geometry":{"type":"Point","coordinates":[-49.285582,-25.455491]},"properties":{"id":"717439974163142","veg":34.5,"date":"2025-06-07","h":926.1}},{"type":"Feature","geometry":{"type":"Point","coordinates":[-49.286145,-25.456665]},"properties":{"id":"1458092488538411","veg":38.8,"date":"2025-06-07","h":927.0}},{"type":"Feature","geometry":{"type":"Point","coordinates":[-49.286073,-25.456526]},"properties":{"id":"1456366555804028","veg":41.1,"date":"2025-06-07","h":928.0}},{"type":"Feature","geometry":{"type":"Point","coordinates":[-49.286224,-25.456814]},"properties":{"id":"1598733644373848","veg":48.8,"date":"2025-06-07","h":926.0}},{"type":"Feature","geometry":{"type":"Point","coordinates":[-49.286053,-25.456488]},"properties":{"id":"1810928173097811","veg":32.5,"date":"2025-06-07","h":928.0}},{"type":"Feature","geometry":{"type":"Point","coordinates":[-49.286089,-25.456559]},"properties":{"id":"721771714140030","veg":36.8,"date":"2025-06-07","h":928.0}},{"type":"Feature","geometry":{"type":"Point","coordinates":[-49.286185,-25.45674]},"properties":{"id":"707060955355006","veg":43.9,"date":"2025-06-07","h":926.0}},{"type":"Feature","geometry":{"type":"Point","coordinates":[-49.28599,-25.456386]},"properties":{"id":"1353659712415184","veg":47.0,"date":"2025-06-07","h":926.9}},{"type":"Feature","geometry":{"type":"Point","coordinates":[-49.286043,-25.456468]},"properties":{"id":"1751319212161042","veg":32.1,"date":"2025-06-07","h":928.0}},{"type":"Feature","geometry":{"type":"Point","coordinates":[-49.286033,-25.456448]},"properties":{"id":"1109729804358235","veg":33.0,"date":"2025-06-07","h":929.0}},{"type":"Feature","geometry":{"type":"Point","coordinates":[-49.285705,-25.455763]},"properties":{"id":"1213065676723786","veg":36.4,"date":"2025-06-07","h":926.1}},{"type":"Feature","geometry":{"type":"Point","coordinates":[-49.285897,-25.4562]},"properties":{"id":"1046224807606277","veg":53.0,"date":"2025-06-07","h":926.9}},{"type":"Feature","geometry":{"type":"Point","coordinates":[-49.285796,-25.455961]},"properties":{"id":"1525182861782527","veg":44.7,"date":"2025-06-07","h":926.1}},{"type":"Feature","geometry":{"type":"Point","coordinates":[-49.285871,-25.456125]},"properties":{"id":"1681363575820055","veg":50.2,"date":"2025-06-07","h":926.9}},{"type":"Feature","geometry":{"type":"Point","coordinates":[-49.285927,-25.456276]},"properties":{"id":"1740521799892212","veg":48.8,"date":"2025-06-07","h":926.9}},{"type":"Feature","geometry":{"type":"Point","coordinates":[-49.28596,-25.456332]},"properties":{"id":"1746398695968693","veg":39.9,"date":"2025-06-07","h":926.9}},{"type":"Feature","geometry":{"type":"Point","coordinates":[-49.285659,-25.45567]},"properties":{"id":"24320190850919934","veg":39.8,"date":"2025-06-07","h":926.1}},{"type":"Feature","geometry":{"type":"Point","coordinates":[-49.285834,-25.456045]},"properties":{"id":"730391502843935","veg":51.2,"date":"2025-06-07","h":926.9}},{"type":"Feature","geometry":{"type":"Point","coordinates":[-49.286327,-25.457033]},"properties":{"id":"1366691207932080","veg":51.1,"date":"2025-06-07","h":930.1}},{"type":"Feature","geometry":{"type":"Point","coordinates":[-49.286249,-25.456866]},"properties":{"id":"4228654457421764","veg":41.8,"date":"2025-06-07","h":930.1}},{"type":"Feature","geometry":{"type":"Point","coordinates":[-49.286422,-25.457233]},"properties":{"id":"1078017554229575","veg":49.5,"date":"2025-06-07","h":930.1}},{"type":"Feature","geometry":{"type":"Point","coordinates":[-49.28663,-25.457645]},"properties":{"id":"1204807614440725","veg":43.8,"date":"2025-06-07","h":930.1}},{"type":"Feature","geometry":{"type":"Point","coordinates":[-49.286478,-25.457345]},"properties":{"id":"591797137278027","veg":52.6,"date":"2025-06-07","h":930.1}},{"type":"Feature","geometry":{"type":"Point","coordinates":[-49.286376,-25.457134]},"properties":{"id":"698879456218212","veg":51.1,"date":"2025-06-07","h":930.1}},{"type":"Feature","geometry":{"type":"Point","coordinates":[-49.286736,-25.457853]},"properties":{"id":"1010292360899335","veg":44.8,"date":"2025-06-07","h":930.1}},{"type":"Feature","geometry":{"type":"Point","coordinates":[-49.286786,-25.457961]},"properties":{"id":"1432574867746866","veg":39.6,"date":"2025-06-07","h":930.1}},{"type":"Feature","geometry":{"type":"Point","coordinates":[-49.286827,-25.458078]},"properties":{"id":"777398174941862","veg":50.5,"date":"2025-06-07","h":930.1}},{"type":"Feature","geometry":{"type":"Point","coordinates":[-49.287423,-25.459283]},"properties":{"id":"1209750117068915","veg":40.2,"date":"2025-06-07","h":930.1}},{"type":"Feature","geometry":{"type":"Point","coordinates":[-49.287488,-25.459435]},"properties":{"id":"1056723736521427","veg":44.3,"date":"2025-06-07","h":930.1}},{"type":"Feature","geometry":{"type":"Point","coordinates":[-49.287737,-25.459974]},"properties":{"id":"1338089847254101","veg":19.5,"date":"2025-06-07","h":930.1}},{"type":"Feature","geometry":{"type":"Point","coordinates":[-49.287559,-25.459605]},"properties":{"id":"753263864049799","veg":48.0,"date":"2025-06-07","h":930.1}},{"type":"Feature","geometry":{"type":"Point","coordinates":[-49.287633,-25.459733]},"properties":{"id":"650507134690767","veg":43.3,"date":"2025-06-07","h":930.1}},{"type":"Feature","geometry":{"type":"Point","coordinates":[-49.287529,-25.459527]},"properties":{"id":"724315053393105","veg":48.6,"date":"2025-06-07","h":930.1}},{"type":"Feature","geometry":{"type":"Point","coordinates":[-49.287956,-25.460451]},"properties":{"id":"2371901916525588","veg":46.4,"date":"2025-06-07","h":930.1}},{"type":"Feature","geometry":{"type":"Point","coordinates":[-49.288015,-25.460587]},"properties":{"id":"710906218295379","veg":48.6,"date":"2025-06-07","h":930.1}},{"type":"Feature","geometry":{"type":"Point","coordinates":[-49.287837,-25.460221]},"properties":{"id":"1401769340976567","veg":35.3,"date":"2025-06-07","h":930.1}},{"type":"Feature","geometry":{"type":"Point","coordinates":[-49.287892,-25.460337]},"properties":{"id":"1148275033731490","veg":35.8,"date":"2025-06-07","h":930.1}},{"type":"Feature","geometry":{"type":"Point","coordinates":[-49.286935,-25.458319]},"properties":{"id":"1061211385466189","veg":52.3,"date":"2025-06-07","h":930.1}},{"type":"Feature","geometry":{"type":"Point","coordinates":[-49.287056,-25.458556]},"properties":{"id":"2157525831379766","veg":49.2,"date":"2025-06-07","h":930.1}},{"type":"Feature","geometry":{"type":"Point","coordinates":[-49.287008,-25.458441]},"properties":{"id":"724114100120004","veg":40.1,"date":"2025-06-07","h":930.1}},{"type":"Feature","geometry":{"type":"Point","coordinates":[-49.287293,-25.459084]},"properties":{"id":"699688072655434","veg":21.5,"date":"2025-06-07","h":930.1}},{"type":"Feature","geometry":{"type":"Point","coordinates":[-49.287368,-25.459187]},"properties":{"id":"890078266617979","veg":35.4,"date":"2025-06-07","h":930.1}},{"type":"Feature","geometry":{"type":"Point","coordinates":[-49.287267,-25.458967]},"properties":{"id":"1256978999158133","veg":45.6,"date":"2025-06-07","h":930.1}},{"type":"Feature","geometry":{"type":"Point","coordinates":[-49.287159,-25.458768]},"properties":{"id":"24032565529694283","veg":41.7,"date":"2025-06-07","h":930.1}},{"type":"Feature","geometry":{"type":"Point","coordinates":[-49.287103,-25.458668]},"properties":{"id":"4891765434381851","veg":54.5,"date":"2025-06-07","h":930.1}},{"type":"Feature","geometry":{"type":"Point","coordinates":[-49.287231,-25.458865]},"properties":{"id":"737137515443382","veg":38.1,"date":"2025-06-07","h":930.1}},{"type":"Feature","geometry":{"type":"Point","coordinates":[-49.28806,-25.46069]},"properties":{"id":"1420151885669353","veg":47.3,"date":"2025-06-07","h":930.1}},{"type":"Feature","geometry":{"type":"Point","coordinates":[-49.288411,-25.461464]},"properties":{"id":"1244977183952351","veg":38.0,"date":"2025-06-07","h":930.1}},{"type":"Feature","geometry":{"type":"Point","coordinates":[-49.288447,-25.461545]},"properties":{"id":"1248396263591926","veg":38.8,"date":"2025-06-07","h":930.1}},{"type":"Feature","geometry":{"type":"Point","coordinates":[-49.288502,-25.461666]},"properties":{"id":"1014436837113008","veg":34.3,"date":"2025-06-07","h":930.1}},{"type":"Feature","geometry":{"type":"Point","coordinates":[-49.288568,-25.461792]},"properties":{"id":"1354059458984802","veg":45.0,"date":"2025-06-07","h":930.1}},{"type":"Feature","geometry":{"type":"Point","coordinates":[-49.288147,-25.46089]},"properties":{"id":"1770618697210693","veg":49.7,"date":"2025-06-07","h":930.1}},{"type":"Feature","geometry":{"type":"Point","coordinates":[-49.288129,-25.460813]},"properties":{"id":"24036726429285566","veg":45.4,"date":"2025-06-07","h":930.1}},{"type":"Feature","geometry":{"type":"Point","coordinates":[-49.288215,-25.461047]},"properties":{"id":"697061373246711","veg":40.8,"date":"2025-06-07","h":930.1}},{"type":"Feature","geometry":{"type":"Point","coordinates":[-49.288369,-25.461368]},"properties":{"id":"725268889865430","veg":15.0,"date":"2025-06-07","h":930.1}},{"type":"Feature","geometry":{"type":"Point","coordinates":[-49.288622,-25.461887]},"properties":{"id":"1230103595523758","veg":37.2,"date":"2025-06-07","h":930.1}},{"type":"Feature","geometry":{"type":"Point","coordinates":[-49.288736,-25.462092]},"properties":{"id":"1820382388906951","veg":54.8,"date":"2025-06-07","h":930.1}},{"type":"Feature","geometry":{"type":"Point","coordinates":[-49.28868,-25.46199]},"properties":{"id":"1983674245503757","veg":49.6,"date":"2025-06-07","h":930.1}},{"type":"Feature","geometry":{"type":"Point","coordinates":[-49.288999,-25.462609]},"properties":{"id":"1162916485587501","veg":20.6,"date":"2025-06-07","h":930.1}},{"type":"Feature","geometry":{"type":"Point","coordinates":[-49.288845,-25.46229]},"properties":{"id":"1705230043438546","veg":49.7,"date":"2025-06-07","h":930.1}},{"type":"Feature","geometry":{"type":"Point","coordinates":[-49.289107,-25.462865]},"properties":{"id":"1936235520522566","veg":43.6,"date":"2025-06-07","h":930.1}},{"type":"Feature","geometry":{"type":"Point","coordinates":[-49.289121,-25.462908]},"properties":{"id":"790075870544839","veg":38.9,"date":"2025-06-07","h":930.1}},{"type":"Feature","geometry":{"type":"Point","coordinates":[-49.289024,-25.46269]},"properties":{"id":"561480866795462","veg":37.7,"date":"2025-06-07","h":930.1}},{"type":"Feature","geometry":{"type":"Point","coordinates":[-49.289064,-25.462737]},"properties":{"id":"649909038089319","veg":36.6,"date":"2025-06-07","h":930.1}},{"type":"Feature","geometry":{"type":"Point","coordinates":[-49.288956,-25.46247]},"properties":{"id":"698563679564111","veg":16.5,"date":"2025-06-07","h":930.1}},{"type":"Feature","geometry":{"type":"Point","coordinates":[-49.288981,-25.462549]},"properties":{"id":"569906406176495","veg":7.4,"date":"2025-06-07","h":930.1}},{"type":"Feature","geometry":{"type":"Point","coordinates":[-49.289083,-25.462796]},"properties":{"id":"697969406161309","veg":37.0,"date":"2025-06-07","h":930.1}},{"type":"Feature","geometry":{"type":"Point","coordinates":[-49.304023,-25.453631]},"properties":{"id":"1690523474912575","veg":29.2,"date":"2025-06-07","h":908.1}},{"type":"Feature","geometry":{"type":"Point","coordinates":[-49.304031,-25.453609]},"properties":{"id":"1140449094515868","veg":32.8,"date":"2025-06-07","h":908.1}},{"type":"Feature","geometry":{"type":"Point","coordinates":[-49.304136,-25.453326]},"properties":{"id":"1025486943046268","veg":46.1,"date":"2025-06-07","h":906.6}},{"type":"Feature","geometry":{"type":"Point","coordinates":[-49.304014,-25.453652]},"properties":{"id":"1951835035582292","veg":29.4,"date":"2025-06-07","h":908.1}},{"type":"Feature","geometry":{"type":"Point","coordinates":[-49.304049,-25.45356]},"properties":{"id":"2098472587285528","veg":34.7,"date":"2025-06-07","h":906.6}},{"type":"Feature","geometry":{"type":"Point","coordinates":[-49.30411,-25.453398]},"properties":{"id":"3488652907934677","veg":40.2,"date":"2025-06-07","h":906.6}},{"type":"Feature","geometry":{"type":"Point","coordinates":[-49.30407,-25.453503]},"properties":{"id":"4063930343845143","veg":36.1,"date":"2025-06-07","h":906.6}},{"type":"Feature","geometry":{"type":"Point","coordinates":[-49.304088,-25.453453]},"properties":{"id":"612880031918006","veg":36.9,"date":"2025-06-07","h":906.6}},{"type":"Feature","geometry":{"type":"Point","coordinates":[-49.303965,-25.453478]},"properties":{"id":"587648847268754","veg":43.5,"date":"2025-06-07","h":908.1}},{"type":"Feature","geometry":{"type":"Point","coordinates":[-49.303997,-25.453698]},"properties":{"id":"734779742206084","veg":38.2,"date":"2025-06-07","h":908.1}},{"type":"Feature","geometry":{"type":"Point","coordinates":[-49.304021,-25.453634]},"properties":{"id":"718429704471283","veg":28.1,"date":"2025-06-07","h":908.1}},{"type":"Feature","geometry":{"type":"Point","coordinates":[-49.304164,-25.453251]},"properties":{"id":"1047374643576977","veg":45.7,"date":"2025-06-07","h":906.6}},{"type":"Feature","geometry":{"type":"Point","coordinates":[-49.303924,-25.453812]},"properties":{"id":"1228129868819816","veg":49.7,"date":"2025-06-07","h":908.1}},{"type":"Feature","geometry":{"type":"Point","coordinates":[-49.303895,-25.453869]},"properties":{"id":"2230281474072294","veg":44.6,"date":"2025-06-07","h":908.1}},{"type":"Feature","geometry":{"type":"Point","coordinates":[-49.303857,-25.453945]},"properties":{"id":"730930906155928","veg":42.1,"date":"2025-06-07","h":908.1}},{"type":"Feature","geometry":{"type":"Point","coordinates":[-49.303806,-25.454287]},"properties":{"id":"1049112406719850","veg":38.6,"date":"2025-06-07","h":908.1}},{"type":"Feature","geometry":{"type":"Point","coordinates":[-49.303818,-25.454025]},"properties":{"id":"1571345710295079","veg":39.9,"date":"2025-06-07","h":908.1}},{"type":"Feature","geometry":{"type":"Point","coordinates":[-49.30377,-25.454403]},"properties":{"id":"995699389391939","veg":42.5,"date":"2025-06-07","h":908.1}},{"type":"Feature","geometry":{"type":"Point","coordinates":[-49.302135,-25.454361]},"properties":{"id":"1431005888326239","veg":18.7,"date":"2025-06-07","h":930.6}},{"type":"Feature","geometry":{"type":"Point","coordinates":[-49.301138,-25.454009]},"properties":{"id":"1651686485498977","veg":8.7,"date":"2025-06-07","h":930.6}},{"type":"Feature","geometry":{"type":"Point","coordinates":[-49.3016,-25.454174]},"properties":{"id":"1495591661853104","veg":9.9,"date":"2025-06-07","h":930.6}},{"type":"Feature","geometry":{"type":"Point","coordinates":[-49.301719,-25.454215]},"properties":{"id":"1637009313675567","veg":11.7,"date":"2025-06-07","h":930.6}},{"type":"Feature","geometry":{"type":"Point","coordinates":[-49.301249,-25.454051]},"properties":{"id":"498701276601694","veg":4.5,"date":"2025-06-07","h":930.6}},{"type":"Feature","geometry":{"type":"Point","coordinates":[-49.301869,-25.454268]},"properties":{"id":"714965524414391","veg":18.9,"date":"2025-06-07","h":930.6}},{"type":"Feature","geometry":{"type":"Point","coordinates":[-49.301487,-25.454136]},"properties":{"id":"710928914901675","veg":6.8,"date":"2025-06-07","h":930.6}},{"type":"Feature","geometry":{"type":"Point","coordinates":[-49.301375,-25.454097]},"properties":{"id":"686854107463312","veg":7.3,"date":"2025-06-07","h":930.6}},{"type":"Feature","geometry":{"type":"Point","coordinates":[-49.302458,-25.454491]},"properties":{"id":"30020503804231646","veg":33.1,"date":"2025-06-07","h":930.6}},{"type":"Feature","geometry":{"type":"Point","coordinates":[-49.302348,-25.454451]},"properties":{"id":"542862165429442","veg":47.5,"date":"2025-06-07","h":930.6}},{"type":"Feature","geometry":{"type":"Point","coordinates":[-49.303647,-25.454742]},"properties":{"id":"1056104903141480","veg":39.4,"date":"2025-06-07","h":907.8}},{"type":"Feature","geometry":{"type":"Point","coordinates":[-49.303673,-25.454681]},"properties":{"id":"1268683568200179","veg":39.7,"date":"2025-06-07","h":907.8}},{"type":"Feature","geometry":{"type":"Point","coordinates":[-49.303741,-25.454501]},"properties":{"id":"1378373486782344","veg":39.0,"date":"2025-06-07","h":908.1}},{"type":"Feature","geometry":{"type":"Point","coordinates":[-49.303634,-25.454782]},"properties":{"id":"1256519142665013","veg":43.0,"date":"2025-06-07","h":907.8}},{"type":"Feature","geometry":{"type":"Point","coordinates":[-49.303609,-25.454856]},"properties":{"id":"3594883730807662","veg":44.9,"date":"2025-06-07","h":907.8}},{"type":"Feature","geometry":{"type":"Point","coordinates":[-49.303549,-25.454882]},"properties":{"id":"3337685269707784","veg":62.5,"date":"2025-06-07","h":908.2}},{"type":"Feature","geometry":{"type":"Point","coordinates":[-49.303171,-25.454766]},"properties":{"id":"741200258254874","veg":26.7,"date":"2025-06-07","h":930.6}},{"type":"Feature","geometry":{"type":"Point","coordinates":[-49.30371,-25.454587]},"properties":{"id":"656826150689207","veg":36.6,"date":"2025-06-07","h":907.8}},{"type":"Feature","geometry":{"type":"Point","coordinates":[-49.303007,-25.454709]},"properties":{"id":"1673530200020231","veg":25.6,"date":"2025-06-07","h":930.6}},{"type":"Feature","geometry":{"type":"Point","coordinates":[-49.302692,-25.454596]},"properties":{"id":"1504027133900188","veg":14.7,"date":"2025-06-07","h":930.6}},{"type":"Feature","geometry":{"type":"Point","coordinates":[-49.302573,-25.454535]},"properties":{"id":"686661654136490","veg":24.5,"date":"2025-06-07","h":930.6}},{"type":"Feature","geometry":{"type":"Point","coordinates":[-49.303102,-25.454742]},"properties":{"id":"743030415073186","veg":29.3,"date":"2025-06-07","h":930.6}},{"type":"Feature","geometry":{"type":"Point","coordinates":[-49.303421,-25.454852]},"properties":{"id":"1213758630208752","veg":23.0,"date":"2025-06-07","h":930.6}},{"type":"Feature","geometry":{"type":"Point","coordinates":[-49.303352,-25.454828]},"properties":{"id":"1072643364787777","veg":23.5,"date":"2025-06-07","h":930.6}},{"type":"Feature","geometry":{"type":"Point","coordinates":[-49.303434,-25.454856]},"properties":{"id":"1468962167797278","veg":23.1,"date":"2025-06-07","h":908.2}},{"type":"Feature","geometry":{"type":"Point","coordinates":[-49.303522,-25.454874]},"properties":{"id":"1450729452584401","veg":40.6,"date":"2025-06-07","h":908.2}},{"type":"Feature","geometry":{"type":"Point","coordinates":[-49.303387,-25.45484]},"properties":{"id":"1906505740161330","veg":21.7,"date":"2025-06-07","h":930.6}},{"type":"Feature","geometry":{"type":"Point","coordinates":[-49.303242,-25.454791]},"properties":{"id":"1878211972738644","veg":24.4,"date":"2025-06-07","h":930.6}},{"type":"Feature","geometry":{"type":"Point","coordinates":[-49.303304,-25.454812]},"properties":{"id":"24298080433211649","veg":22.9,"date":"2025-06-07","h":930.6}},{"type":"Feature","geometry":{"type":"Point","coordinates":[-49.300362,-25.453725]},"properties":{"id":"1438784020640536","veg":12.3,"date":"2025-06-07","h":930.6}},{"type":"Feature","geometry":{"type":"Point","coordinates":[-49.300046,-25.453609]},"properties":{"id":"1220991249809583","veg":16.9,"date":"2025-06-07","h":930.6}},{"type":"Feature","geometry":{"type":"Point","coordinates":[-49.30053,-25.453785]},"properties":{"id":"2042321179626159","veg":6.0,"date":"2025-06-07","h":930.6}},{"type":"Feature","geometry":{"type":"Point","coordinates":[-49.300431,-25.45375]},"properties":{"id":"565985126561759","veg":9.7,"date":"2025-06-07","h":930.6}},{"type":"Feature","geometry":{"type":"Point","coordinates":[-49.300278,-25.453695]},"properties":{"id":"691649253501301","veg":5.6,"date":"2025-06-07","h":930.6}},{"type":"Feature","geometry":{"type":"Point","coordinates":[-49.299815,-25.453524]},"properties":{"id":"1604279074308956","veg":19.7,"date":"2025-06-07","h":930.6}},{"type":"Feature","geometry":{"type":"Point","coordinates":[-49.299936,-25.453568]},"properties":{"id":"574244405407141","veg":10.8,"date":"2025-06-07","h":930.6}},{"type":"Feature","geometry":{"type":"Point","coordinates":[-49.301038,-25.453972]},"properties":{"id":"1081653267291350","veg":18.0,"date":"2025-06-07","h":930.6}},{"type":"Feature","geometry":{"type":"Point","coordinates":[-49.300908,-25.453924]},"properties":{"id":"695977783294946","veg":8.6,"date":"2025-06-07","h":930.6}},{"type":"Feature","geometry":{"type":"Point","coordinates":[-49.300659,-25.453833]},"properties":{"id":"736310052383306","veg":5.8,"date":"2025-06-07","h":930.6}},{"type":"Feature","geometry":{"type":"Point","coordinates":[-49.300846,-25.453902]},"properties":{"id":"722723446909768","veg":5.6,"date":"2025-06-07","h":930.6}},{"type":"Feature","geometry":{"type":"Point","coordinates":[-49.299609,-25.453448]},"properties":{"id":"1200711411383411","veg":30.0,"date":"2025-06-07","h":930.6}},{"type":"Feature","geometry":{"type":"Point","coordinates":[-49.299699,-25.453481]},"properties":{"id":"700096276271154","veg":21.0,"date":"2025-06-07","h":930.6}},{"type":"Feature","geometry":{"type":"Point","coordinates":[-49.299484,-25.453402]},"properties":{"id":"993165346225353","veg":19.4,"date":"2025-06-07","h":930.6}},{"type":"Feature","geometry":{"type":"Point","coordinates":[-49.290207,-25.465264]},"properties":{"id":"1343578233383540","veg":8.2,"date":"2025-06-07","h":930.0}},{"type":"Feature","geometry":{"type":"Point","coordinates":[-49.290259,-25.465384]},"properties":{"id":"689983940622594","veg":8.2,"date":"2025-06-07","h":931.0}},{"type":"Feature","geometry":{"type":"Point","coordinates":[-49.290407,-25.466601]},"properties":{"id":"1853061558584398","veg":23.2,"date":"2025-06-07","h":933.0}},{"type":"Feature","geometry":{"type":"Point","coordinates":[-49.290438,-25.46591]},"properties":{"id":"1613134832693024","veg":24.9,"date":"2025-06-07","h":933.0}},{"type":"Feature","geometry":{"type":"Point","coordinates":[-49.290449,-25.466001]},"properties":{"id":"1905265213542195","veg":16.6,"date":"2025-06-07","h":933.0}},{"type":"Feature","geometry":{"type":"Point","coordinates":[-49.290417,-25.465815]},"properties":{"id":"2121059555048971","veg":30.7,"date":"2025-06-07","h":932.0}},{"type":"Feature","geometry":{"type":"Point","coordinates":[-49.29046,-25.466342]},"properties":{"id":"681683098004083","veg":40.9,"date":"2025-06-07","h":933.0}},{"type":"Feature","geometry":{"type":"Point","coordinates":[-49.290455,-25.466124]},"properties":{"id":"714058034497684","veg":8.7,"date":"2025-06-07","h":933.0}},{"type":"Feature","geometry":{"type":"Point","coordinates":[-49.290347,-25.465586]},"properties":{"id":"1346906656398684","veg":27.6,"date":"2025-06-07","h":932.0}},{"type":"Feature","geometry":{"type":"Point","coordinates":[-49.290374,-25.465657]},"properties":{"id":"564904246687842","veg":28.8,"date":"2025-06-07","h":932.0}},{"type":"Feature","geometry":{"type":"Point","coordinates":[-49.290179,-25.467086]},"properties":{"id":"1765645087322395","veg":30.5,"date":"2025-06-07","h":931.0}},{"type":"Feature","geometry":{"type":"Point","coordinates":[-49.290296,-25.466866]},"properties":{"id":"712606384596128","veg":27.2,"date":"2025-06-07","h":932.0}},{"type":"Feature","geometry":{"type":"Point","coordinates":[-49.289513,-25.463748]},"properties":{"id":"1173773487855895","veg":12.2,"date":"2025-06-07","h":930.1}},{"type":"Feature","geometry":{"type":"Point","coordinates":[-49.289665,-25.464076]},"properties":{"id":"1395209378454727","veg":29.7,"date":"2025-06-07","h":930.1}},{"type":"Feature","geometry":{"type":"Point","coordinates":[-49.289571,-25.463875]},"properties":{"id":"2428943574131137","veg":32.9,"date":"2025-06-07","h":930.1}},{"type":"Feature","geometry":{"type":"Point","coordinates":[-49.289543,-25.463814]},"properties":{"id":"1679324442704838","veg":28.4,"date":"2025-06-07","h":930.1}},{"type":"Feature","geometry":{"type":"Point","coordinates":[-49.289482,-25.46368]},"properties":{"id":"1812900679638804","veg":8.9,"date":"2025-06-07","h":930.1}},{"type":"Feature","geometry":{"type":"Point","coordinates":[-49.28977,-25.464304]},"properties":{"id":"2131364047332726","veg":45.9,"date":"2025-06-07","h":930.1}},{"type":"Feature","geometry":{"type":"Point","coordinates":[-49.289732,-25.464223]},"properties":{"id":"2196530320788562","veg":33.0,"date":"2025-06-07","h":930.1}},{"type":"Feature","geometry":{"type":"Point","coordinates":[-49.289603,-25.463945]},"properties":{"id":"692279533658216","veg":39.7,"date":"2025-06-07","h":930.1}},{"type":"Feature","geometry":{"type":"Point","coordinates":[-49.289696,-25.464145]},"properties":{"id":"697680172900059","veg":26.8,"date":"2025-06-07","h":930.1}},{"type":"Feature","geometry":{"type":"Point","coordinates":[-49.28963,-25.464003]},"properties":{"id":"694929473244270","veg":36.5,"date":"2025-06-07","h":930.1}},{"type":"Feature","geometry":{"type":"Point","coordinates":[-49.289295,-25.463258]},"properties":{"id":"1337509218077962","veg":44.3,"date":"2025-06-07","h":930.1}},{"type":"Feature","geometry":{"type":"Point","coordinates":[-49.289262,-25.463171]},"properties":{"id":"1746641950065443","veg":52.0,"date":"2025-06-07","h":930.1}},{"type":"Feature","geometry":{"type":"Point","coordinates":[-49.289449,-25.463609]},"properties":{"id":"701791432456054","veg":13.0,"date":"2025-06-07","h":930.1}},{"type":"Feature","geometry":{"type":"Point","coordinates":[-49.289317,-25.463316]},"properties":{"id":"603776222156205","veg":34.8,"date":"2025-06-07","h":930.1}},{"type":"Feature","geometry":{"type":"Point","coordinates":[-49.289371,-25.463458]},"properties":{"id":"732415475800603","veg":25.0,"date":"2025-06-07","h":930.1}},{"type":"Feature","geometry":{"type":"Point","coordinates":[-49.289339,-25.463374]},"properties":{"id":"9796244740493978","veg":23.5,"date":"2025-06-07","h":930.1}},{"type":"Feature","geometry":{"type":"Point","coordinates":[-49.289834,-25.46444]},"properties":{"id":"1829174734326326","veg":41.3,"date":"2025-06-07","h":930.1}},{"type":"Feature","geometry":{"type":"Point","coordinates":[-49.289804,-25.464376]},"properties":{"id":"1236829904850840","veg":41.4,"date":"2025-06-07","h":930.1}},{"type":"Feature","geometry":{"type":"Point","coordinates":[-49.290068,-25.464949]},"properties":{"id":"1452931832572452","veg":13.7,"date":"2025-06-07","h":936.0}},{"type":"Feature","geometry":{"type":"Point","coordinates":[-49.289982,-25.464765]},"properties":{"id":"1017375217263330","veg":28.3,"date":"2025-06-07","h":930.1}},{"type":"Feature","geometry":{"type":"Point","coordinates":[-49.290042,-25.464895]},"properties":{"id":"1006318155010177","veg":15.4,"date":"2025-06-07","h":929.6}},{"type":"Feature","geometry":{"type":"Point","coordinates":[-49.289899,-25.464581]},"properties":{"id":"1403634754304613","veg":26.7,"date":"2025-06-07","h":930.1}},{"type":"Feature","geometry":{"type":"Point","coordinates":[-49.289954,-25.464705]},"properties":{"id":"1035999395349905","veg":30.4,"date":"2025-06-07","h":930.1}},{"type":"Feature","geometry":{"type":"Point","coordinates":[-49.289929,-25.464649]},"properties":{"id":"1459685768701653","veg":26.3,"date":"2025-06-07","h":930.1}},{"type":"Feature","geometry":{"type":"Point","coordinates":[-49.290042,-25.464895]},"properties":{"id":"1461123015294130","veg":16.1,"date":"2025-06-07","h":932.0}},{"type":"Feature","geometry":{"type":"Point","coordinates":[-49.290004,-25.464815]},"properties":{"id":"2500286640317589","veg":21.4,"date":"2025-06-07","h":930.1}},{"type":"Feature","geometry":{"type":"Point","coordinates":[-49.290089,-25.464997]},"properties":{"id":"1956056308467514","veg":13.9,"date":"2025-06-07","h":945.0}},{"type":"Feature","geometry":{"type":"Point","coordinates":[-49.289869,-25.464515]},"properties":{"id":"701376575957386","veg":33.9,"date":"2025-06-07","h":930.1}},{"type":"Feature","geometry":{"type":"Point","coordinates":[-49.290125,-25.465078]},"properties":{"id":"603512496097284","veg":12.8,"date":"2025-06-07","h":948.0}},{"type":"Feature","geometry":{"type":"Point","coordinates":[-49.29005,-25.464911]},"properties":{"id":"9790308517758649","veg":16.4,"date":"2025-06-07","h":930.0}},{"type":"Feature","geometry":{"type":"Point","coordinates":[-49.290041,-25.467348]},"properties":{"id":"703619502628829","veg":18.1,"date":"2025-06-07","h":931.0}},{"type":"Feature","geometry":{"type":"Point","coordinates":[-49.289844,-25.467848]},"properties":{"id":"571240712412421","veg":4.7,"date":"2025-06-07","h":929.0}},{"type":"Feature","geometry":{"type":"Point","coordinates":[-49.289971,-25.467476]},"properties":{"id":"588600970502808","veg":15.9,"date":"2025-06-07","h":930.0}},{"type":"Feature","geometry":{"type":"Point","coordinates":[-49.290113,-25.468822]},"properties":{"id":"2067713323715392","veg":22.5,"date":"2025-06-07","h":927.0}},{"type":"Feature","geometry":{"type":"Point","coordinates":[-49.290142,-25.468885]},"properties":{"id":"672311792338033","veg":18.3,"date":"2025-06-07","h":927.0}},{"type":"Feature","geometry":{"type":"Point","coordinates":[-49.289855,-25.468074]},"properties":{"id":"1439170054164654","veg":26.8,"date":"2025-06-07","h":929.0}},{"type":"Feature","geometry":{"type":"Point","coordinates":[-49.290013,-25.46859]},"properties":{"id":"1402745701153233","veg":32.5,"date":"2025-06-07","h":928.0}},{"type":"Feature","geometry":{"type":"Point","coordinates":[-49.28993,-25.468354]},"properties":{"id":"1776366476253974","veg":19.2,"date":"2025-06-07","h":928.0}},{"type":"Feature","geometry":{"type":"Point","coordinates":[-49.290268,-25.469157]},"properties":{"id":"1239105891105010","veg":19.5,"date":"2025-06-07","h":926.0}},{"type":"Feature","geometry":{"type":"Point","coordinates":[-49.290319,-25.469268]},"properties":{"id":"1267239964806307","veg":25.2,"date":"2025-06-07","h":926.0}},{"type":"Feature","geometry":{"type":"Point","coordinates":[-49.290177,-25.46896]},"properties":{"id":"2509151292765753","veg":15.2,"date":"2025-06-07","h":926.0}},{"type":"Feature","geometry":{"type":"Point","coordinates":[-49.290469,-25.469595]},"properties":{"id":"1393329838579365","veg":9.4,"date":"2025-06-07","h":924.0}},{"type":"Feature","geometry":{"type":"Point","coordinates":[-49.290412,-25.469474]},"properties":{"id":"678401038344378","veg":14.6,"date":"2025-06-07","h":925.0}},{"type":"Feature","geometry":{"type":"Point","coordinates":[-49.290614,-25.469905]},"properties":{"id":"1218530786347549","veg":32.1,"date":"2025-06-07","h":921.0}},{"type":"Feature","geometry":{"type":"Point","coordinates":[-49.290654,-25.469993]},"properties":{"id":"1825942041298039","veg":22.2,"date":"2025-06-07","h":921.0}},{"type":"Feature","geometry":{"type":"Point","coordinates":[-49.290514,-25.469691]},"properties":{"id":"635336949561687","veg":28.9,"date":"2025-06-07","h":923.0}},{"type":"Feature","geometry":{"type":"Point","coordinates":[-49.29057,-25.46981]},"properties":{"id":"701330502488469","veg":32.9,"date":"2025-06-07","h":922.0}},{"type":"Feature","geometry":{"type":"Point","coordinates":[-49.29071,-25.470121]},"properties":{"id":"733453169352125","veg":15.7,"date":"2025-06-07","h":920.0}},{"type":"Feature","geometry":{"type":"Point","coordinates":[-49.29085,-25.470447]},"properties":{"id":"1082721483768314","veg":27.4,"date":"2025-06-07","h":922.0}},{"type":"Feature","geometry":{"type":"Point","coordinates":[-49.290805,-25.470339]},"properties":{"id":"1891113638331587","veg":23.3,"date":"2025-06-07","h":921.0}},{"type":"Feature","geometry":{"type":"Point","coordinates":[-49.290758,-25.470226]},"properties":{"id":"734514585918714","veg":8.8,"date":"2025-06-07","h":921.0}},{"type":"Feature","geometry":{"type":"Point","coordinates":[-49.290373,-25.469388]},"properties":{"id":"597389716199206","veg":17.3,"date":"2025-06-07","h":925.0}},{"type":"Feature","geometry":{"type":"Point","coordinates":[-49.291077,-25.47169]},"properties":{"id":"1023685073292556","veg":32.6,"date":"2025-06-07","h":929.0}},{"type":"Feature","geometry":{"type":"Point","coordinates":[-49.29107,-25.471791]},"properties":{"id":"1053748353365030","veg":44.0,"date":"2025-06-07","h":929.0}},{"type":"Feature","geometry":{"type":"Point","coordinates":[-49.291081,-25.471584]},"properties":{"id":"3975784659338465","veg":33.5,"date":"2025-06-07","h":928.0}},{"type":"Feature","geometry":{"type":"Point","coordinates":[-49.291068,-25.471248]},"properties":{"id":"1069077911799589","veg":29.4,"date":"2025-06-07","h":926.0}},{"type":"Feature","geometry":{"type":"Point","coordinates":[-49.291055,-25.471143]},"properties":{"id":"2155421101624614","veg":26.1,"date":"2025-06-07","h":925.0}},{"type":"Feature","geometry":{"type":"Point","coordinates":[-49.291082,-25.471468]},"properties":{"id":"1812899915940968","veg":10.8,"date":"2025-06-07","h":927.0}},{"type":"Feature","geometry":{"type":"Point","coordinates":[-49.291007,-25.470913]},"properties":{"id":"1739951590240757","veg":17.7,"date":"2025-06-07","h":924.0}},{"type":"Feature","geometry":{"type":"Point","coordinates":[-49.291079,-25.471367]},"properties":{"id":"697369119709836","veg":20.6,"date":"2025-06-07","h":927.0}},{"type":"Feature","geometry":{"type":"Point","coordinates":[-49.291038,-25.471042]},"properties":{"id":"700134096050362","veg":25.7,"date":"2025-06-07","h":925.0}},{"type":"Feature","geometry":{"type":"Point","coordinates":[-49.290976,-25.4708]},"properties":{"id":"1033801085609871","veg":7.6,"date":"2025-06-07","h":924.0}},{"type":"Feature","geometry":{"type":"Point","coordinates":[-49.29094,-25.470685]},"properties":{"id":"1371264064167517","veg":13.3,"date":"2025-06-07","h":923.0}},{"type":"Feature","geometry":{"type":"Point","coordinates":[-49.290902,-25.470579]},"properties":{"id":"1930438614422560","veg":16.6,"date":"2025-06-07","h":922.0}},{"type":"Feature","geometry":{"type":"Point","coordinates":[-49.291008,-25.471895]},"properties":{"id":"619177057126008","veg":50.6,"date":"2025-06-07","h":929.0}},{"type":"Feature","geometry":{"type":"Point","coordinates":[-49.290984,-25.472]},"properties":{"id":"1462188818481342","veg":40.3,"date":"2025-06-07","h":928.0}},{"type":"Feature","geometry":{"type":"Point","coordinates":[-49.290916,-25.472218]},"properties":{"id":"1215379190028626","veg":47.6,"date":"2025-06-07","h":928.0}},{"type":"Feature","geometry":{"type":"Point","coordinates":[-49.290825,-25.472446]},"properties":{"id":"1511044663515526","veg":22.5,"date":"2025-06-07","h":927.0}},{"type":"Feature","geometry":{"type":"Point","coordinates":[-49.290952,-25.472108]},"properties":{"id":"1941344139970194","veg":41.0,"date":"2025-06-07","h":928.0}},{"type":"Feature","geometry":{"type":"Point","coordinates":[-49.290874,-25.472328]},"properties":{"id":"3232557500218868","veg":41.5,"date":"2025-06-07","h":927.0}},{"type":"Feature","geometry":{"type":"Point","coordinates":[-49.290779,-25.472554]},"properties":{"id":"710267921402987","veg":13.9,"date":"2025-06-07","h":926.0}},{"type":"Feature","geometry":{"type":"Point","coordinates":[-49.290732,-25.472659]},"properties":{"id":"1262573258937927","veg":29.0,"date":"2025-06-07","h":925.0}},{"type":"Feature","geometry":{"type":"Point","coordinates":[-49.290562,-25.473027]},"properties":{"id":"2106847876484854","veg":28.5,"date":"2025-06-07","h":924.0}},{"type":"Feature","geometry":{"type":"Point","coordinates":[-49.290614,-25.472919]},"properties":{"id":"1227520845828565","veg":31.6,"date":"2025-06-07","h":925.0}},{"type":"Feature","geometry":{"type":"Point","coordinates":[-49.290684,-25.47277]},"properties":{"id":"1273309727471281","veg":24.4,"date":"2025-06-07","h":925.0}},{"type":"Feature","geometry":{"type":"Point","coordinates":[-49.2902,-25.473847]},"properties":{"id":"1263888555457930","veg":43.5,"date":"2025-06-07","h":929.0}},{"type":"Feature","geometry":{"type":"Point","coordinates":[-49.290264,-25.473685]},"properties":{"id":"2228821710953548","veg":25.2,"date":"2025-06-07","h":928.0}},{"type":"Feature","geometry":{"type":"Point","coordinates":[-49.290521,-25.473132]},"properties":{"id":"572944129196990","veg":18.8,"date":"2025-06-07","h":924.0}},{"type":"Feature","geometry":{"type":"Point","coordinates":[-49.290382,-25.473437]},"properties":{"id":"1711749862773338","veg":18.8,"date":"2025-06-07","h":926.0}},{"type":"Feature","geometry":{"type":"Point","coordinates":[-49.290449,-25.473282]},"properties":{"id":"4028832600697064","veg":11.2,"date":"2025-06-07","h":925.0}},{"type":"Feature","geometry":{"type":"Point","coordinates":[-49.290434,-25.473331]},"properties":{"id":"684956911042072","veg":19.7,"date":"2025-06-07","h":926.0}},{"type":"Feature","geometry":{"type":"Point","coordinates":[-49.290308,-25.47359]},"properties":{"id":"573385465498769","veg":18.6,"date":"2025-06-07","h":927.0}},{"type":"Feature","geometry":{"type":"Point","coordinates":[-49.290344,-25.473516]},"properties":{"id":"719146174396658","veg":19.0,"date":"2025-06-07","h":927.0}},{"type":"Feature","geometry":{"type":"Point","coordinates":[-49.290151,-25.473958]},"properties":{"id":"4325791247649608","veg":52.6,"date":"2025-06-07","h":930.0}},{"type":"Feature","geometry":{"type":"Point","coordinates":[-49.290042,-25.474195]},"properties":{"id":"1091791203003711","veg":22.3,"date":"2025-06-07","h":932.0}},{"type":"Feature","geometry":{"type":"Point","coordinates":[-49.290102,-25.474066]},"properties":{"id":"1433176571016845","veg":39.4,"date":"2025-06-07","h":931.0}},{"type":"Feature","geometry":{"type":"Point","coordinates":[-49.290001,-25.474288]},"properties":{"id":"1105045181655939","veg":13.9,"date":"2025-06-07","h":932.0}},{"type":"Feature","geometry":{"type":"Point","coordinates":[-49.289514,-25.475349]},"properties":{"id":"1250597363337552","veg":0.4,"date":"2025-06-07","h":931.0}},{"type":"Feature","geometry":{"type":"Point","coordinates":[-49.289462,-25.475455]},"properties":{"id":"1836604603573921","veg":0.4,"date":"2025-06-07","h":931.0}},{"type":"Feature","geometry":{"type":"Point","coordinates":[-49.28957,-25.475272]},"properties":{"id":"1849369292573660","veg":0.5,"date":"2025-06-07","h":931.0}},{"type":"Feature","geometry":{"type":"Point","coordinates":[-49.28962,-25.475134]},"properties":{"id":"1416923899531865","veg":0.3,"date":"2025-06-07","h":931.0}},{"type":"Feature","geometry":{"type":"Point","coordinates":[-49.289718,-25.474919]},"properties":{"id":"2511775075832773","veg":0.5,"date":"2025-06-07","h":931.0}},{"type":"Feature","geometry":{"type":"Point","coordinates":[-49.289667,-25.475034]},"properties":{"id":"689104520414033","veg":0.5,"date":"2025-06-07","h":931.0}},{"type":"Feature","geometry":{"type":"Point","coordinates":[-49.289761,-25.47482]},"properties":{"id":"674957258635720","veg":0.8,"date":"2025-06-07","h":932.0}},{"type":"Feature","geometry":{"type":"Point","coordinates":[-49.289805,-25.474727]},"properties":{"id":"1642853379704120","veg":2.0,"date":"2025-06-07","h":933.0}},{"type":"Feature","geometry":{"type":"Point","coordinates":[-49.289849,-25.474638]},"properties":{"id":"1277711704360893","veg":3.8,"date":"2025-06-07","h":933.0}},{"type":"Feature","geometry":{"type":"Point","coordinates":[-49.28994,-25.474434]},"properties":{"id":"1892376384857558","veg":13.3,"date":"2025-06-07","h":932.0}},{"type":"Feature","geometry":{"type":"Point","coordinates":[-49.289966,-25.47437]},"properties":{"id":"2194687850984328","veg":11.0,"date":"2025-06-07","h":932.0}},{"type":"Feature","geometry":{"type":"Point","coordinates":[-49.289072,-25.476441]},"properties":{"id":"3070104366496492","veg":24.6,"date":"2025-06-07","h":935.0}},{"type":"Feature","geometry":{"type":"Point","coordinates":[-49.289251,-25.4758]},"properties":{"id":"730782149462719","veg":13.7,"date":"2025-06-07","h":933.0}},{"type":"Feature","geometry":{"type":"Point","coordinates":[-49.289216,-25.47591]},"properties":{"id":"704461612449289","veg":25.9,"date":"2025-06-07","h":933.0}},{"type":"Feature","geometry":{"type":"Point","coordinates":[-49.289045,-25.476732]},"properties":{"id":"1452723309231052","veg":9.8,"date":"2025-06-07","h":936.0}},{"type":"Feature","geometry":{"type":"Point","coordinates":[-49.289061,-25.476523]},"properties":{"id":"1941579439914365","veg":16.3,"date":"2025-06-07","h":935.0}},{"type":"Feature","geometry":{"type":"Point","coordinates":[-49.289147,-25.476114]},"properties":{"id":"1264948548397742","veg":19.0,"date":"2025-06-07","h":935.0}},{"type":"Feature","geometry":{"type":"Point","coordinates":[-49.289089,-25.476346]},"properties":{"id":"1045788170413669","veg":32.9,"date":"2025-06-07","h":935.0}},{"type":"Feature","geometry":{"type":"Point","coordinates":[-49.289115,-25.47622]},"properties":{"id":"746574601058279","veg":23.6,"date":"2025-06-07","h":935.0}},{"type":"Feature","geometry":{"type":"Point","coordinates":[-49.289177,-25.476025]},"properties":{"id":"998437522498582","veg":22.6,"date":"2025-06-07","h":934.0}},{"type":"Feature","geometry":{"type":"Point","coordinates":[-49.288895,-25.475586]},"properties":{"id":"1115025733793175","veg":3.2,"date":"2025-06-07","h":932.0}},{"type":"Feature","geometry":{"type":"Point","coordinates":[-49.288891,-25.475619]},"properties":{"id":"1465694311462902","veg":6.8,"date":"2025-06-07","h":932.0}},{"type":"Feature","geometry":{"type":"Point","coordinates":[-49.288895,-25.475552]},"properties":{"id":"1031110775810886","veg":0.4,"date":"2025-06-07","h":931.0}},{"type":"Feature","geometry":{"type":"Point","coordinates":[-49.289074,-25.477011]},"properties":{"id":"1038762408399923","veg":3.7,"date":"2025-06-07","h":935.0}},{"type":"Feature","geometry":{"type":"Point","coordinates":[-49.289048,-25.47683]},"properties":{"id":"2188010118287407","veg":6.9,"date":"2025-06-07","h":936.0}},{"type":"Feature","geometry":{"type":"Point","coordinates":[-49.289059,-25.476926]},"properties":{"id":"664592853407276","veg":5.7,"date":"2025-06-07","h":936.0}},{"type":"Feature","geometry":{"type":"Point","coordinates":[-49.289221,-25.47743]},"properties":{"id":"1234307361381422","veg":2.9,"date":"2025-06-07","h":932.0}},{"type":"Feature","geometry":{"type":"Point","coordinates":[-49.289099,-25.477099]},"properties":{"id":"1042092734732380","veg":2.0,"date":"2025-06-07","h":935.0}},{"type":"Feature","geometry":{"type":"Point","coordinates":[-49.289141,-25.477233]},"properties":{"id":"1389735108815263","veg":1.9,"date":"2025-06-07","h":933.0}},{"type":"Feature","geometry":{"type":"Point","coordinates":[-49.289179,-25.477335]},"properties":{"id":"698501966126779","veg":1.0,"date":"2025-06-07","h":933.0}},{"type":"Feature","geometry":{"type":"Point","coordinates":[-49.28912,-25.477169]},"properties":{"id":"711454741432426","veg":2.4,"date":"2025-06-07","h":934.0}},{"type":"Feature","geometry":{"type":"Point","coordinates":[-49.289302,-25.477599]},"properties":{"id":"731747269524542","veg":18.6,"date":"2025-06-07","h":931.0}},{"type":"Feature","geometry":{"type":"Point","coordinates":[-49.289252,-25.477494]},"properties":{"id":"1925402328252801","veg":6.6,"date":"2025-06-07","h":932.0}},{"type":"Feature","geometry":{"type":"Point","coordinates":[-49.289349,-25.477693]},"properties":{"id":"1753951485157038","veg":28.6,"date":"2025-06-07","h":931.0}},{"type":"Feature","geometry":{"type":"Point","coordinates":[-49.289398,-25.477789]},"properties":{"id":"1225391459366498","veg":29.1,"date":"2025-06-07","h":930.0}},{"type":"Feature","geometry":{"type":"Point","coordinates":[-49.28948,-25.477942]},"properties":{"id":"1280606026390965","veg":37.0,"date":"2025-06-07","h":930.0}},{"type":"Feature","geometry":{"type":"Point","coordinates":[-49.289435,-25.477857]},"properties":{"id":"2791690411017481","veg":31.7,"date":"2025-06-07","h":930.0}},{"type":"Feature","geometry":{"type":"Point","coordinates":[-49.289548,-25.478066]},"properties":{"id":"10003626686382627","veg":37.5,"date":"2025-06-07","h":930.0}},{"type":"Feature","geometry":{"type":"Point","coordinates":[-49.289618,-25.478189]},"properties":{"id":"1456155335758583","veg":41.8,"date":"2025-06-07","h":930.0}},{"type":"Feature","geometry":{"type":"Point","coordinates":[-49.289768,-25.478368]},"properties":{"id":"561417606795674","veg":33.4,"date":"2025-06-07","h":930.0}},{"type":"Feature","geometry":{"type":"Point","coordinates":[-49.289852,-25.478492]},"properties":{"id":"1584972065503079","veg":21.7,"date":"2025-06-07","h":930.0}},{"type":"Feature","geometry":{"type":"Point","coordinates":[-49.290169,-25.478953]},"properties":{"id":"1068914965109351","veg":34.6,"date":"2025-06-07","h":932.0}},{"type":"Feature","geometry":{"type":"Point","coordinates":[-49.290008,-25.47872]},"properties":{"id":"24075675732072051","veg":23.8,"date":"2025-06-07","h":931.0}},{"type":"Feature","geometry":{"type":"Point","coordinates":[-49.289927,-25.478602]},"properties":{"id":"723117000200556","veg":18.8,"date":"2025-06-07","h":930.0}},{"type":"Feature","geometry":{"type":"Point","coordinates":[-49.290082,-25.478826]},"properties":{"id":"656596477417462","veg":28.8,"date":"2025-06-07","h":931.0}},{"type":"Feature","geometry":{"type":"Point","coordinates":[-49.290247,-25.479068]},"properties":{"id":"1051716086417689","veg":43.1,"date":"2025-06-07","h":932.0}},{"type":"Feature","geometry":{"type":"Point","coordinates":[-49.290321,-25.479176]},"properties":{"id":"1593743524629289","veg":41.2,"date":"2025-06-07","h":933.0}},{"type":"Feature","geometry":{"type":"Point","coordinates":[-49.2904,-25.479293]},"properties":{"id":"704054398899058","veg":35.8,"date":"2025-06-07","h":933.0}},{"type":"Feature","geometry":{"type":"Point","coordinates":[-49.290296,-25.479098]},"properties":{"id":"2017205765477121","veg":31.6,"date":"2025-06-07","h":933.0}},{"type":"Feature","geometry":{"type":"Point","coordinates":[-49.29074,-25.479958]},"properties":{"id":"1239233131273176","veg":33.4,"date":"2025-06-07","h":936.0}},{"type":"Feature","geometry":{"type":"Point","coordinates":[-49.290767,-25.480043]},"properties":{"id":"1444632120320768","veg":33.9,"date":"2025-06-07","h":936.0}},{"type":"Feature","geometry":{"type":"Point","coordinates":[-49.290825,-25.480375]},"properties":{"id":"1886953122039877","veg":25.2,"date":"2025-06-07","h":938.0}},{"type":"Feature","geometry":{"type":"Point","coordinates":[-49.290792,-25.480146]},"properties":{"id":"2744961675699133","veg":30.8,"date":"2025-06-07","h":937.0}},{"type":"Feature","geometry":{"type":"Point","coordinates":[-49.290834,-25.480482]},"properties":{"id":"707217411896579","veg":15.6,"date":"2025-06-07","h":938.0}},{"type":"Feature","geometry":{"type":"Point","coordinates":[-49.290812,-25.480272]},"properties":{"id":"713991861328116","veg":29.1,"date":"2025-06-07","h":937.0}},{"type":"Feature","geometry":{"type":"Point","coordinates":[-49.290691,-25.479831]},"properties":{"id":"1265303161610519","veg":31.4,"date":"2025-06-07","h":934.0}},{"type":"Feature","geometry":{"type":"Point","coordinates":[-49.2907,-25.479607]},"properties":{"id":"1860686961450055","veg":33.6,"date":"2025-06-07","h":934.0}},{"type":"Feature","geometry":{"type":"Point","coordinates":[-49.290568,-25.4795]},"properties":{"id":"2161933887564788","veg":39.5,"date":"2025-06-07","h":934.0}},{"type":"Feature","geometry":{"type":"Point","coordinates":[-49.290507,-25.479404]},"properties":{"id":"23919168907700016","veg":36.5,"date":"2025-06-07","h":934.0}},{"type":"Feature","geometry":{"type":"Point","coordinates":[-49.290685,-25.479723]},"properties":{"id":"695176746581369","veg":31.4,"date":"2025-06-07","h":934.0}},{"type":"Feature","geometry":{"type":"Point","coordinates":[-49.290721,-25.479906]},"properties":{"id":"970417205018348","veg":31.0,"date":"2025-06-07","h":935.0}},{"type":"Feature","geometry":{"type":"Point","coordinates":[-49.290862,-25.480885]},"properties":{"id":"1424980635194836","veg":25.8,"date":"2025-06-07","h":939.0}},{"type":"Feature","geometry":{"type":"Point","coordinates":[-49.290847,-25.480694]},"properties":{"id":"1344617133295093","veg":20.9,"date":"2025-06-07","h":938.0}},{"type":"Feature","geometry":{"type":"Point","coordinates":[-49.290787,-25.481074]},"properties":{"id":"1757428498185416","veg":25.2,"date":"2025-06-07","h":940.0}},{"type":"Feature","geometry":{"type":"Point","coordinates":[-49.290789,-25.481204]},"properties":{"id":"675020758680897","veg":28.3,"date":"2025-06-07","h":940.0}},{"type":"Feature","geometry":{"type":"Point","coordinates":[-49.29086,-25.480828]},"properties":{"id":"720316537119811","veg":17.4,"date":"2025-06-07","h":939.0}},{"type":"Feature","geometry":{"type":"Point","coordinates":[-49.290857,-25.48077]},"properties":{"id":"922650803310381","veg":11.3,"date":"2025-06-07","h":938.0}},{"type":"Feature","geometry":{"type":"Point","coordinates":[-49.290761,-25.481375]},"properties":{"id":"1240175574509143","veg":30.0,"date":"2025-06-07","h":939.0}},{"type":"Feature","geometry":{"type":"Point","coordinates":[-49.290757,-25.481322]},"properties":{"id":"571646129336987","veg":27.6,"date":"2025-06-07","h":940.0}},{"type":"Feature","geometry":{"type":"Point","coordinates":[-49.29083,-25.481533]},"properties":{"id":"731068359592282","veg":32.1,"date":"2025-06-07","h":939.0}},{"type":"Feature","geometry":{"type":"Point","coordinates":[-49.290844,-25.481651]},"properties":{"id":"712174991765542","veg":36.1,"date":"2025-06-07","h":939.0}},{"type":"Feature","geometry":{"type":"Point","coordinates":[-49.290841,-25.480577]},"properties":{"id":"1952282925516005","veg":20.9,"date":"2025-06-07","h":938.0}},{"type":"Feature","geometry":{"type":"Point","coordinates":[-49.290896,-25.481906]},"properties":{"id":"1532703804782557","veg":32.8,"date":"2025-06-07","h":939.0}},{"type":"Feature","geometry":{"type":"Point","coordinates":[-49.291105,-25.482423]},"properties":{"id":"1439470603877436","veg":19.8,"date":"2025-06-07","h":939.0}},{"type":"Feature","geometry":{"type":"Point","coordinates":[-49.290974,-25.482156]},"properties":{"id":"9886292768145221","veg":32.1,"date":"2025-06-07","h":939.0}},{"type":"Feature","geometry":{"type":"Point","coordinates":[-49.291177,-25.482585]},"properties":{"id":"1236606514646299","veg":25.2,"date":"2025-06-07","h":938.0}},{"type":"Feature","geometry":{"type":"Point","coordinates":[-49.291209,-25.482649]},"properties":{"id":"732734439108012","veg":24.1,"date":"2025-06-07","h":938.0}},{"type":"Feature","geometry":{"type":"Point","coordinates":[-49.291266,-25.482756]},"properties":{"id":"698473279487417","veg":18.4,"date":"2025-06-07","h":939.0}},{"type":"Feature","geometry":{"type":"Point","coordinates":[-49.291325,-25.482864]},"properties":{"id":"706735952323181","veg":24.7,"date":"2025-06-07","h":938.0}},{"type":"Feature","geometry":{"type":"Point","coordinates":[-49.291581,-25.48331]},"properties":{"id":"540286989021052","veg":35.6,"date":"2025-06-07","h":945.8}},{"type":"Feature","geometry":{"type":"Point","coordinates":[-49.291692,-25.483539]},"properties":{"id":"1480420769611137","veg":32.9,"date":"2025-06-07","h":945.8}},{"type":"Feature","geometry":{"type":"Point","coordinates":[-49.291638,-25.483425]},"properties":{"id":"650595438020523","veg":49.2,"date":"2025-06-07","h":945.8}},{"type":"Feature","geometry":{"type":"Point","coordinates":[-49.291919,-25.484012]},"properties":{"id":"1087162173273048","veg":18.5,"date":"2025-06-07","h":945.8}},{"type":"Feature","geometry":{"type":"Point","coordinates":[-49.291871,-25.483918]},"properties":{"id":"1053393859519959","veg":24.3,"date":"2025-06-07","h":945.8}},{"type":"Feature","geometry":{"type":"Point","coordinates":[-49.291745,-25.48365]},"properties":{"id":"9837522639659421","veg":26.2,"date":"2025-06-07","h":945.8}},{"type":"Feature","geometry":{"type":"Point","coordinates":[-49.291958,-25.484095]},"properties":{"id":"743781701656971","veg":26.7,"date":"2025-06-07","h":945.8}},{"type":"Feature","geometry":{"type":"Point","coordinates":[-49.291441,-25.483078]},"properties":{"id":"1769924577287299","veg":28.0,"date":"2025-06-07","h":945.8}},{"type":"Feature","geometry":{"type":"Point","coordinates":[-49.292064,-25.484311]},"properties":{"id":"1149815033826413","veg":24.4,"date":"2025-06-07","h":945.8}},{"type":"Feature","geometry":{"type":"Point","coordinates":[-49.292014,-25.484212]},"properties":{"id":"1371866757438979","veg":24.9,"date":"2025-06-07","h":945.8}},{"type":"Feature","geometry":{"type":"Point","coordinates":[-49.292168,-25.484646]},"properties":{"id":"1622956315060337","veg":22.7,"date":"2025-06-07","h":945.8}},{"type":"Feature","geometry":{"type":"Point","coordinates":[-49.292089,-25.484366]},"properties":{"id":"1260460155629397","veg":22.8,"date":"2025-06-07","h":945.8}},{"type":"Feature","geometry":{"type":"Point","coordinates":[-49.292137,-25.484492]},"properties":{"id":"1774041056875916","veg":18.7,"date":"2025-06-07","h":945.8}},{"type":"Feature","geometry":{"type":"Point","coordinates":[-49.292268,-25.4853]},"properties":{"id":"1374820863735493","veg":34.7,"date":"2025-06-07","h":945.8}},{"type":"Feature","geometry":{"type":"Point","coordinates":[-49.292233,-25.485081]},"properties":{"id":"1058002475752153","veg":19.7,"date":"2025-06-07","h":945.8}},{"type":"Feature","geometry":{"type":"Point","coordinates":[-49.29225,-25.485185]},"properties":{"id":"1096193592367424","veg":31.5,"date":"2025-06-07","h":945.8}},{"type":"Feature","geometry":{"type":"Point","coordinates":[-49.292215,-25.484967]},"properties":{"id":"1120318663461840","veg":16.5,"date":"2025-06-07","h":945.8}},{"type":"Feature","geometry":{"type":"Point","coordinates":[-49.292196,-25.484844]},"properties":{"id":"1046704107427576","veg":27.9,"date":"2025-06-07","h":945.8}},{"type":"Feature","geometry":{"type":"Point","coordinates":[-49.292181,-25.484747]},"properties":{"id":"713677601602109","veg":34.9,"date":"2025-06-07","h":945.8}},{"type":"Feature","geometry":{"type":"Point","coordinates":[-49.292311,-25.485536]},"properties":{"id":"624842710037299","veg":26.3,"date":"2025-06-07","h":945.8}},{"type":"Feature","geometry":{"type":"Point","coordinates":[-49.292087,-25.485499]},"properties":{"id":"748546771070111","veg":16.1,"date":"2025-06-07","h":945.8}},{"type":"Feature","geometry":{"type":"Point","coordinates":[-49.292489,-25.48667]},"properties":{"id":"1050539193228308","veg":37.0,"date":"2025-06-07","h":945.8}},{"type":"Feature","geometry":{"type":"Point","coordinates":[-49.292466,-25.486568]},"properties":{"id":"1209009507377371","veg":38.0,"date":"2025-06-07","h":945.8}},{"type":"Feature","geometry":{"type":"Point","coordinates":[-49.292484,-25.486361]},"properties":{"id":"2536534176680914","veg":12.6,"date":"2025-06-07","h":945.8}},{"type":"Feature","geometry":{"type":"Point","coordinates":[-49.292381,-25.486284]},"properties":{"id":"707221838734396","veg":10.0,"date":"2025-06-07","h":945.8}},{"type":"Feature","geometry":{"type":"Point","coordinates":[-49.292242,-25.486178]},"properties":{"id":"703454812390844","veg":11.4,"date":"2025-06-07","h":945.8}},{"type":"Feature","geometry":{"type":"Point","coordinates":[-49.292201,-25.486015]},"properties":{"id":"975136004524198","veg":11.8,"date":"2025-06-07","h":945.8}},{"type":"Feature","geometry":{"type":"Point","coordinates":[-49.292644,-25.486492]},"properties":{"id":"690489793615421","veg":33.8,"date":"2025-06-07","h":945.8}},{"type":"Feature","geometry":{"type":"Point","coordinates":[-49.292439,-25.487149]},"properties":{"id":"2139499039847763","veg":12.1,"date":"2025-06-07","h":945.8}},{"type":"Feature","geometry":{"type":"Point","coordinates":[-49.292474,-25.48704]},"properties":{"id":"24552834307639528","veg":13.8,"date":"2025-06-07","h":945.8}},{"type":"Feature","geometry":{"type":"Point","coordinates":[-49.292396,-25.487245]},"properties":{"id":"1264087285231383","veg":9.8,"date":"2025-06-07","h":945.8}},{"type":"Feature","geometry":{"type":"Point","coordinates":[-49.2925,-25.486766]},"properties":{"id":"692751736822908","veg":27.3,"date":"2025-06-07","h":945.8}},{"type":"Feature","geometry":{"type":"Point","coordinates":[-49.292499,-25.486874]},"properties":{"id":"698513226252876","veg":19.2,"date":"2025-06-07","h":945.8}},{"type":"Feature","geometry":{"type":"Point","coordinates":[-49.292488,-25.486964]},"properties":{"id":"725978923340443","veg":13.6,"date":"2025-06-07","h":945.8}},{"type":"Feature","geometry":{"type":"Point","coordinates":[-49.292307,-25.487425]},"properties":{"id":"1288073839580835","veg":7.1,"date":"2025-06-07","h":945.8}},{"type":"Feature","geometry":{"type":"Point","coordinates":[-49.292353,-25.487335]},"properties":{"id":"1250449709760218","veg":8.1,"date":"2025-06-07","h":945.8}},{"type":"Feature","geometry":{"type":"Point","coordinates":[-49.292269,-25.487499]},"properties":{"id":"1058448386232352","veg":5.6,"date":"2025-06-07","h":945.8}},{"type":"Feature","geometry":{"type":"Point","coordinates":[-49.292213,-25.487608]},"properties":{"id":"745581014577354","veg":5.6,"date":"2025-06-07","h":945.8}},{"type":"Feature","geometry":{"type":"Point","coordinates":[-49.291717,-25.488814]},"properties":{"id":"605656329211895","veg":15.8,"date":"2025-06-07","h":945.8}},{"type":"Feature","geometry":{"type":"Point","coordinates":[-49.291705,-25.488921]},"properties":{"id":"2460655070965434","veg":15.4,"date":"2025-06-07","h":945.8}},{"type":"Feature","geometry":{"type":"Point","coordinates":[-49.291693,-25.48906]},"properties":{"id":"663066766767396","veg":15.7,"date":"2025-06-07","h":945.8}},{"type":"Feature","geometry":{"type":"Point","coordinates":[-49.292019,-25.488061]},"properties":{"id":"1049150036770794","veg":1.8,"date":"2025-06-07","h":945.8}},{"type":"Feature","geometry":{"type":"Point","coordinates":[-49.291895,-25.488271]},"properties":{"id":"1283382260166448","veg":1.0,"date":"2025-06-07","h":945.8}},{"type":"Feature","geometry":{"type":"Point","coordinates":[-49.291956,-25.488171]},"properties":{"id":"1783047895976308","veg":1.1,"date":"2025-06-07","h":945.8}},{"type":"Feature","geometry":{"type":"Point","coordinates":[-49.292054,-25.487994]},"properties":{"id":"707196758622866","veg":2.5,"date":"2025-06-07","h":945.8}},{"type":"Feature","geometry":{"type":"Point","coordinates":[-49.291782,-25.488465]},"properties":{"id":"1812570895976069","veg":11.1,"date":"2025-06-07","h":945.8}},{"type":"Feature","geometry":{"type":"Point","coordinates":[-49.291835,-25.488371]},"properties":{"id":"696096169893058","veg":0.9,"date":"2025-06-07","h":945.8}},{"type":"Feature","geometry":{"type":"Point","coordinates":[-49.291744,-25.488545]},"properties":{"id":"731223159592754","veg":25.2,"date":"2025-06-07","h":945.8}},{"type":"Feature","geometry":{"type":"Point","coordinates":[-49.291679,-25.48933]},"properties":{"id":"1067414315310689","veg":12.1,"date":"2025-06-07","h":945.8}},{"type":"Feature","geometry":{"type":"Point","coordinates":[-49.291688,-25.489143]},"properties":{"id":"490998904103436","veg":14.2,"date":"2025-06-07","h":945.8}},{"type":"Feature","geometry":{"type":"Point","coordinates":[-49.291683,-25.489227]},"properties":{"id":"9899059486798090","veg":13.6,"date":"2025-06-07","h":945.8}},{"type":"Feature","geometry":{"type":"Point","coordinates":[-49.291641,-25.490074]},"properties":{"id":"1004966651625245","veg":25.5,"date":"2025-06-07","h":945.8}},{"type":"Feature","geometry":{"type":"Point","coordinates":[-49.291609,-25.490397]},"properties":{"id":"1166496328613211","veg":33.5,"date":"2025-06-07","h":945.8}},{"type":"Feature","geometry":{"type":"Point","coordinates":[-49.29162,-25.490297]},"properties":{"id":"1615935852437274","veg":35.7,"date":"2025-06-07","h":945.8}},{"type":"Feature","geometry":{"type":"Point","coordinates":[-49.291632,-25.490185]},"properties":{"id":"1859525894893530","veg":22.6,"date":"2025-06-07","h":945.8}},{"type":"Feature","geometry":{"type":"Point","coordinates":[-49.291649,-25.489976]},"properties":{"id":"1677653229560011","veg":20.8,"date":"2025-06-07","h":945.8}},{"type":"Feature","geometry":{"type":"Point","coordinates":[-49.291661,-25.489763]},"properties":{"id":"1271127811294529","veg":6.5,"date":"2025-06-07","h":945.8}},{"type":"Feature","geometry":{"type":"Point","coordinates":[-49.291666,-25.48965]},"properties":{"id":"2202811330157756","veg":8.8,"date":"2025-06-07","h":945.8}},{"type":"Feature","geometry":{"type":"Point","coordinates":[-49.291655,-25.489871]},"properties":{"id":"692777446790505","veg":11.1,"date":"2025-06-07","h":945.8}},{"type":"Feature","geometry":{"type":"Point","coordinates":[-49.2916,-25.490503]},"properties":{"id":"1051784146420765","veg":20.4,"date":"2025-06-07","h":945.8}},{"type":"Feature","geometry":{"type":"Point","coordinates":[-49.291593,-25.490575]},"properties":{"id":"696743956309462","veg":18.2,"date":"2025-06-07","h":945.8}},{"type":"Feature","geometry":{"type":"Point","coordinates":[-49.291588,-25.490651]},"properties":{"id":"1211317710461554","veg":13.7,"date":"2025-06-07","h":945.8}},{"type":"Feature","geometry":{"type":"Point","coordinates":[-49.291613,-25.490762]},"properties":{"id":"609842894821277","veg":27.6,"date":"2025-06-07","h":945.8}},{"type":"Feature","geometry":{"type":"Point","coordinates":[-49.291467,-25.491266]},"properties":{"id":"1651729228729412","veg":27.6,"date":"2025-06-07","h":945.8}},{"type":"Feature","geometry":{"type":"Point","coordinates":[-49.291527,-25.490877]},"properties":{"id":"1228370738835206","veg":17.0,"date":"2025-06-07","h":945.8}},{"type":"Feature","geometry":{"type":"Point","coordinates":[-49.291482,-25.491173]},"properties":{"id":"1380754043234248","veg":35.8,"date":"2025-06-07","h":945.8}},{"type":"Feature","geometry":{"type":"Point","coordinates":[-49.29151,-25.490986]},"properties":{"id":"1613845416684916","veg":18.2,"date":"2025-06-07","h":945.8}},{"type":"Feature","geometry":{"type":"Point","coordinates":[-49.291493,-25.491087]},"properties":{"id":"4096499050595749","veg":36.2,"date":"2025-06-07","h":945.8}},{"type":"Feature","geometry":{"type":"Point","coordinates":[-49.291391,-25.491676]},"properties":{"id":"1073968061328073","veg":13.0,"date":"2025-06-07","h":945.8}},{"type":"Feature","geometry":{"type":"Point","coordinates":[-49.291416,-25.491489]},"properties":{"id":"692542803630343","veg":5.5,"date":"2025-06-07","h":945.8}},{"type":"Feature","geometry":{"type":"Point","coordinates":[-49.291403,-25.491585]},"properties":{"id":"987385893275005","veg":3.3,"date":"2025-06-07","h":945.8}},{"type":"Feature","geometry":{"type":"Point","coordinates":[-49.291306,-25.492084]},"properties":{"id":"1096693969013316","veg":26.1,"date":"2025-06-07","h":942.0}},{"type":"Feature","geometry":{"type":"Point","coordinates":[-49.291297,-25.492147]},"properties":{"id":"1631695277403390","veg":16.0,"date":"2025-06-07","h":942.0}},{"type":"Feature","geometry":{"type":"Point","coordinates":[-49.291283,-25.492254]},"properties":{"id":"1832588013975843","veg":9.6,"date":"2025-06-07","h":943.0}},{"type":"Feature","geometry":{"type":"Point","coordinates":[-49.291291,-25.492193]},"properties":{"id":"1729897137918809","veg":12.1,"date":"2025-06-07","h":942.0}},{"type":"Feature","geometry":{"type":"Point","coordinates":[-49.291362,-25.491829]},"properties":{"id":"1376416136921168","veg":28.8,"date":"2025-06-07","h":945.8}},{"type":"Feature","geometry":{"type":"Point","coordinates":[-49.291318,-25.491999]},"properties":{"id":"1434794957700452","veg":38.6,"date":"2025-06-07","h":942.0}},{"type":"Feature","geometry":{"type":"Point","coordinates":[-49.291272,-25.492332]},"properties":{"id":"2390625534640506","veg":9.4,"date":"2025-06-07","h":942.0}},{"type":"Feature","geometry":{"type":"Point","coordinates":[-49.291233,-25.492649]},"properties":{"id":"1040406284882254","veg":3.9,"date":"2025-06-07","h":943.0}},{"type":"Feature","geometry":{"type":"Point","coordinates":[-49.291339,-25.491912]},"properties":{"id":"591522090647905","veg":47.3,"date":"2025-06-07","h":945.8}},{"type":"Feature","geometry":{"type":"Point","coordinates":[-49.291251,-25.492497]},"properties":{"id":"1276240804075805","veg":9.9,"date":"2025-06-07","h":942.0}},{"type":"Feature","geometry":{"type":"Point","coordinates":[-49.291381,-25.491733]},"properties":{"id":"688131003929100","veg":11.2,"date":"2025-06-07","h":945.8}},{"type":"Feature","geometry":{"type":"Point","coordinates":[-49.291222,-25.492851]},"properties":{"id":"1238497211014770","veg":2.4,"date":"2025-06-07","h":943.0}},{"type":"Feature","geometry":{"type":"Point","coordinates":[-49.291265,-25.492383]},"properties":{"id":"1342850886785293","veg":10.3,"date":"2025-06-07","h":942.0}},{"type":"Feature","geometry":{"type":"Point","coordinates":[-49.291245,-25.492543]},"properties":{"id":"1396265524991219","veg":8.8,"date":"2025-06-07","h":943.0}},{"type":"Feature","geometry":{"type":"Point","coordinates":[-49.291227,-25.492712]},"properties":{"id":"1040877074906748","veg":3.8,"date":"2025-06-07","h":943.0}},{"type":"Feature","geometry":{"type":"Point","coordinates":[-49.291224,-25.492759]},"properties":{"id":"1424433022070597","veg":3.3,"date":"2025-06-07","h":943.0}},{"type":"Feature","geometry":{"type":"Point","coordinates":[-49.291258,-25.492438]},"properties":{"id":"559155130600783","veg":10.7,"date":"2025-06-07","h":942.0}},{"type":"Feature","geometry":{"type":"Point","coordinates":[-49.291534,-25.493903]},"properties":{"id":"1436276627727333","veg":28.5,"date":"2025-06-07","h":942.0}},{"type":"Feature","geometry":{"type":"Point","coordinates":[-49.291245,-25.493204]},"properties":{"id":"1112526847374031","veg":25.5,"date":"2025-06-07","h":943.0}},{"type":"Feature","geometry":{"type":"Point","coordinates":[-49.291351,-25.493584]},"properties":{"id":"1217137049954273","veg":11.2,"date":"2025-06-07","h":943.0}},{"type":"Feature","geometry":{"type":"Point","coordinates":[-49.291227,-25.493041]},"properties":{"id":"1242267850765782","veg":3.9,"date":"2025-06-07","h":943.0}},{"type":"Feature","geometry":{"type":"Point","coordinates":[-49.291237,-25.493141]},"properties":{"id":"1249547596560842","veg":13.0,"date":"2025-06-07","h":943.0}},{"type":"Feature","geometry":{"type":"Point","coordinates":[-49.291292,-25.493416]},"properties":{"id":"1283966583293081","veg":9.2,"date":"2025-06-07","h":943.0}},{"type":"Feature","geometry":{"type":"Point","coordinates":[-49.29126,-25.493287]},"properties":{"id":"2195683030870712","veg":19.2,"date":"2025-06-07","h":943.0}},{"type":"Feature","geometry":{"type":"Point","coordinates":[-49.291222,-25.492946]},"properties":{"id":"713898684606409","veg":2.0,"date":"2025-06-07","h":943.0}},{"type":"Feature","geometry":{"type":"Point","coordinates":[-49.291756,-25.494261]},"properties":{"id":"693761326601739","veg":35.2,"date":"2025-06-07","h":941.0}},{"type":"Feature","geometry":{"type":"Point","coordinates":[-49.292432,-25.495186]},"properties":{"id":"1674049603239098","veg":27.3,"date":"2025-06-07","h":940.0}},{"type":"Feature","geometry":{"type":"Point","coordinates":[-49.291632,-25.494026]},"properties":{"id":"711801604731450","veg":32.1,"date":"2025-06-07","h":941.0}},{"type":"Feature","geometry":{"type":"Point","coordinates":[-49.292342,-25.49508]},"properties":{"id":"1009457241382030","veg":30.1,"date":"2025-06-07","h":940.0}},{"type":"Feature","geometry":{"type":"Point","coordinates":[-49.291932,-25.494462]},"properties":{"id":"1282379410119834","veg":18.7,"date":"2025-06-07","h":941.0}},{"type":"Feature","geometry":{"type":"Point","coordinates":[-49.292076,-25.494622]},"properties":{"id":"1384619379452821","veg":18.9,"date":"2025-06-07","h":941.0}},{"type":"Feature","geometry":{"type":"Point","coordinates":[-49.292282,-25.495009]},"properties":{"id":"1441231596883773","veg":38.9,"date":"2025-06-07","h":940.0}},{"type":"Feature","geometry":{"type":"Point","coordinates":[-49.292213,-25.494777]},"properties":{"id":"1426344635167108","veg":11.1,"date":"2025-06-07","h":941.0}},{"type":"Feature","geometry":{"type":"Point","coordinates":[-49.292009,-25.494548]},"properties":{"id":"655168920858534","veg":19.7,"date":"2025-06-07","h":941.0}},{"type":"Feature","geometry":{"type":"Point","coordinates":[-49.293056,-25.496022]},"properties":{"id":"1194486799123281","veg":11.7,"date":"2025-06-07","h":937.0}},{"type":"Feature","geometry":{"type":"Point","coordinates":[-49.293281,-25.496318]},"properties":{"id":"1227334092139231","veg":7.8,"date":"2025-06-07","h":935.0}},{"type":"Feature","geometry":{"type":"Point","coordinates":[-49.293446,-25.496518]},"properties":{"id":"1267153848169100","veg":35.8,"date":"2025-06-07","h":935.0}},{"type":"Feature","geometry":{"type":"Point","coordinates":[-49.293152,-25.496152]},"properties":{"id":"1433661660986392","veg":8.6,"date":"2025-06-07","h":936.0}},{"type":"Feature","geometry":{"type":"Point","coordinates":[-49.293196,-25.496209]},"properties":{"id":"2231406490626287","veg":7.3,"date":"2025-06-07","h":936.0}},{"type":"Feature","geometry":{"type":"Point","coordinates":[-49.293243,-25.496269]},"properties":{"id":"739988628378774","veg":7.0,"date":"2025-06-07","h":936.0}},{"type":"Feature","geometry":{"type":"Point","coordinates":[-49.293118,-25.496107]},"properties":{"id":"685522091072392","veg":8.8,"date":"2025-06-07","h":937.0}},{"type":"Feature","geometry":{"type":"Point","coordinates":[-49.29338,-25.49644]},"properties":{"id":"723241490224188","veg":17.7,"date":"2025-06-07","h":935.0}},{"type":"Feature","geometry":{"type":"Point","coordinates":[-49.292938,-25.495856]},"properties":{"id":"1201606937951402","veg":33.2,"date":"2025-06-07","h":938.0}},{"type":"Feature","geometry":{"type":"Point","coordinates":[-49.293,-25.495944]},"properties":{"id":"1238380084410514","veg":19.8,"date":"2025-06-07","h":938.0}},{"type":"Feature","geometry":{"type":"Point","coordinates":[-49.293639,-25.496735]},"properties":{"id":"1010148780882661","veg":33.8,"date":"2025-06-07","h":926.9}},{"type":"Feature","geometry":{"type":"Point","coordinates":[-49.293524,-25.496606]},"properties":{"id":"1200067881801987","veg":48.6,"date":"2025-06-07","h":935.0}},{"type":"Feature","geometry":{"type":"Point","coordinates":[-49.29359,-25.49668]},"properties":{"id":"891923523118441","veg":37.0,"date":"2025-06-07","h":936.0}},{"type":"Feature","geometry":{"type":"Point","coordinates":[-49.293926,-25.497035]},"properties":{"id":"1996709750862360","veg":55.2,"date":"2025-06-07","h":936.0}},{"type":"Feature","geometry":{"type":"Point","coordinates":[-49.293988,-25.49709]},"properties":{"id":"1973922530077947","veg":57.1,"date":"2025-06-07","h":936.0}},{"type":"Feature","geometry":{"type":"Point","coordinates":[-49.293843,-25.496937]},"properties":{"id":"24265340643061127","veg":65.9,"date":"2025-06-07","h":936.0}},{"type":"Feature","geometry":{"type":"Point","coordinates":[-49.294101,-25.497199]},"properties":{"id":"3959144187747921","veg":27.5,"date":"2025-06-07","h":936.0}},{"type":"Feature","geometry":{"type":"Point","coordinates":[-49.294039,-25.497137]},"properties":{"id":"580398908051290","veg":39.7,"date":"2025-06-07","h":936.0}},{"type":"Feature","geometry":{"type":"Point","coordinates":[-49.294162,-25.497263]},"properties":{"id":"722495340136862","veg":18.4,"date":"2025-06-07","h":935.0}},{"type":"Feature","geometry":{"type":"Point","coordinates":[-49.294202,-25.497309]},"properties":{"id":"983215327224884","veg":15.3,"date":"2025-06-07","h":935.0}},{"type":"Feature","geometry":{"type":"Point","coordinates":[-49.294389,-25.497664]},"properties":{"id":"1029752489361986","veg":24.6,"date":"2025-06-07","h":926.9}},{"type":"Feature","geometry":{"type":"Point","coordinates":[-49.294248,-25.497372]},"properties":{"id":"1113945053981217","veg":12.4,"date":"2025-06-07","h":926.9}},{"type":"Feature","geometry":{"type":"Point","coordinates":[-49.294365,-25.497597]},"properties":{"id":"1678743369446246","veg":7.3,"date":"2025-06-07","h":926.9}},{"type":"Feature","geometry":{"type":"Point","coordinates":[-49.294483,-25.49805]},"properties":{"id":"1208883013798221","veg":21.1,"date":"2025-06-07","h":926.9}},{"type":"Feature","geometry":{"type":"Point","coordinates":[-49.294442,-25.497859]},"properties":{"id":"1438709137140871","veg":32.6,"date":"2025-06-07","h":926.9}},{"type":"Feature","geometry":{"type":"Point","coordinates":[-49.2945,-25.498127]},"properties":{"id":"1389964582255023","veg":11.5,"date":"2025-06-07","h":926.9}},{"type":"Feature","geometry":{"type":"Point","coordinates":[-49.294516,-25.498207]},"properties":{"id":"693559300247709","veg":13.7,"date":"2025-06-07","h":926.9}},{"type":"Feature","geometry":{"type":"Point","coordinates":[-49.294463,-25.497959]},"properties":{"id":"490744207462117","veg":32.9,"date":"2025-06-07","h":926.9}},{"type":"Feature","geometry":{"type":"Point","coordinates":[-49.294621,-25.498709]},"properties":{"id":"1030991182555853","veg":28.1,"date":"2025-06-07","h":926.9}},{"type":"Feature","geometry":{"type":"Point","coordinates":[-49.294649,-25.498844]},"properties":{"id":"1247282170449875","veg":13.7,"date":"2025-06-07","h":926.9}},{"type":"Feature","geometry":{"type":"Point","coordinates":[-49.294604,-25.498626]},"properties":{"id":"723153580161474","veg":37.6,"date":"2025-06-07","h":926.9}},{"type":"Feature","geometry":{"type":"Point","coordinates":[-49.294583,-25.498527]},"properties":{"id":"531048889965719","veg":46.9,"date":"2025-06-07","h":926.9}},{"type":"Feature","geometry":{"type":"Point","coordinates":[-49.294708,-25.499093]},"properties":{"id":"1075134791172156","veg":34.8,"date":"2025-06-07","h":926.9}},{"type":"Feature","geometry":{"type":"Point","coordinates":[-49.294746,-25.49953]},"properties":{"id":"1233400628284901","veg":37.8,"date":"2025-06-07","h":926.9}},{"type":"Feature","geometry":{"type":"Point","coordinates":[-49.294726,-25.499218]},"properties":{"id":"568213819400743","veg":15.8,"date":"2025-06-07","h":926.9}},{"type":"Feature","geometry":{"type":"Point","coordinates":[-49.294746,-25.500061]},"properties":{"id":"2727874420898381","veg":15.6,"date":"2025-06-07","h":926.9}},{"type":"Feature","geometry":{"type":"Point","coordinates":[-49.294755,-25.499811]},"properties":{"id":"4236847899972819","veg":34.1,"date":"2025-06-07","h":926.9}},{"type":"Feature","geometry":{"type":"Point","coordinates":[-49.294723,-25.500851]},"properties":{"id":"2640163909666774","veg":19.2,"date":"2025-06-07","h":926.9}},{"type":"Feature","geometry":{"type":"Point","coordinates":[-49.294725,-25.500321]},"properties":{"id":"540245529025156","veg":26.1,"date":"2025-06-07","h":926.9}},{"type":"Feature","geometry":{"type":"Point","coordinates":[-49.294725,-25.500578]},"properties":{"id":"678898911791753","veg":28.2,"date":"2025-06-07","h":926.9}},{"type":"Feature","geometry":{"type":"Point","coordinates":[-49.294722,-25.501112]},"properties":{"id":"1240779770745810","veg":29.0,"date":"2025-06-07","h":926.9}},{"type":"Feature","geometry":{"type":"Point","coordinates":[-49.294722,-25.501396]},"properties":{"id":"739151605440360","veg":23.3,"date":"2025-06-07","h":926.9}},{"type":"Feature","geometry":{"type":"Point","coordinates":[-49.294593,-25.502715]},"properties":{"id":"2503306706706040","veg":12.4,"date":"2025-06-07","h":926.9}},{"type":"Feature","geometry":{"type":"Point","coordinates":[-49.294708,-25.501662]},"properties":{"id":"1310338887373685","veg":17.2,"date":"2025-06-07","h":926.9}},{"type":"Feature","geometry":{"type":"Point","coordinates":[-49.294687,-25.501917]},"properties":{"id":"1446709756747042","veg":28.0,"date":"2025-06-07","h":926.9}},{"type":"Feature","geometry":{"type":"Point","coordinates":[-49.294616,-25.502608]},"properties":{"id":"1046546930351711","veg":12.9,"date":"2025-06-07","h":926.9}},{"type":"Feature","geometry":{"type":"Point","coordinates":[-49.294657,-25.502381]},"properties":{"id":"1040557244879136","veg":31.8,"date":"2025-06-07","h":926.9}},{"type":"Feature","geometry":{"type":"Point","coordinates":[-49.294673,-25.502227]},"properties":{"id":"1983222399172836","veg":25.1,"date":"2025-06-07","h":926.9}},{"type":"Feature","geometry":{"type":"Point","coordinates":[-49.294636,-25.502489]},"properties":{"id":"1600271300647291","veg":15.5,"date":"2025-06-07","h":926.9}},{"type":"Feature","geometry":{"type":"Point","coordinates":[-49.29468,-25.502039]},"properties":{"id":"2077842682706217","veg":27.8,"date":"2025-06-07","h":926.9}},{"type":"Feature","geometry":{"type":"Point","coordinates":[-49.294675,-25.502155]},"properties":{"id":"4135031260063183","veg":23.8,"date":"2025-06-07","h":926.9}},{"type":"Feature","geometry":{"type":"Point","coordinates":[-49.294486,-25.50324]},"properties":{"id":"1888954101889916","veg":9.8,"date":"2025-06-07","h":926.9}},{"type":"Feature","geometry":{"type":"Point","coordinates":[-49.294575,-25.502813]},"properties":{"id":"728698239751259","veg":13.5,"date":"2025-06-07","h":926.9}},{"type":"Feature","geometry":{"type":"Point","coordinates":[-49.294507,-25.503142]},"properties":{"id":"690065377360027","veg":10.2,"date":"2025-06-07","h":926.9}},{"type":"Feature","geometry":{"type":"Point","coordinates":[-49.294546,-25.502954]},"properties":{"id":"588889264252341","veg":11.8,"date":"2025-06-07","h":926.9}},{"type":"Feature","geometry":{"type":"Point","coordinates":[-49.294558,-25.502899]},"properties":{"id":"654937327575753","veg":12.8,"date":"2025-06-07","h":926.9}},{"type":"Feature","geometry":{"type":"Point","coordinates":[-49.294345,-25.503934]},"properties":{"id":"1010837937883666","veg":36.2,"date":"2025-06-07","h":926.9}},{"type":"Feature","geometry":{"type":"Point","coordinates":[-49.294364,-25.503836]},"properties":{"id":"1360683918378539","veg":29.2,"date":"2025-06-07","h":926.9}},{"type":"Feature","geometry":{"type":"Point","coordinates":[-49.294467,-25.503335]},"properties":{"id":"2205797709892901","veg":7.7,"date":"2025-06-07","h":926.9}},{"type":"Feature","geometry":{"type":"Point","coordinates":[-49.294402,-25.503654]},"properties":{"id":"2165622217247246","veg":28.4,"date":"2025-06-07","h":926.9}},{"type":"Feature","geometry":{"type":"Point","coordinates":[-49.294382,-25.50375]},"properties":{"id":"725160653357812","veg":24.7,"date":"2025-06-07","h":926.9}},{"type":"Feature","geometry":{"type":"Point","coordinates":[-49.294426,-25.50354]},"properties":{"id":"735837455565067","veg":13.8,"date":"2025-06-07","h":926.9}},{"type":"Feature","geometry":{"type":"Point","coordinates":[-49.294446,-25.503446]},"properties":{"id":"623038844129390","veg":4.6,"date":"2025-06-07","h":926.9}},{"type":"Feature","geometry":{"type":"Point","coordinates":[-49.294262,-25.504335]},"properties":{"id":"9652731491505809","veg":37.0,"date":"2025-06-07","h":926.9}},{"type":"Feature","geometry":{"type":"Point","coordinates":[-49.294081,-25.505254]},"properties":{"id":"1254735869624993","veg":11.1,"date":"2025-06-07","h":922.0}},{"type":"Feature","geometry":{"type":"Point","coordinates":[-49.294105,-25.505133]},"properties":{"id":"2128082677666441","veg":13.9,"date":"2025-06-07","h":922.0}},{"type":"Feature","geometry":{"type":"Point","coordinates":[-49.294072,-25.505294]},"properties":{"id":"991301066184168","veg":11.1,"date":"2025-06-07","h":922.0}},{"type":"Feature","geometry":{"type":"Point","coordinates":[-49.29411,-25.505108]},"properties":{"id":"2818411488343495","veg":13.4,"date":"2025-06-07","h":927.8}},{"type":"Feature","geometry":{"type":"Point","coordinates":[-49.294091,-25.505201]},"properties":{"id":"671900255665725","veg":12.8,"date":"2025-06-07","h":922.0}},{"type":"Feature","geometry":{"type":"Point","coordinates":[-49.294117,-25.505068]},"properties":{"id":"587786034340273","veg":13.9,"date":"2025-06-07","h":926.9}},{"type":"Feature","geometry":{"type":"Point","coordinates":[-49.29413,-25.505001]},"properties":{"id":"739295218663895","veg":18.1,"date":"2025-06-07","h":926.9}},{"type":"Feature","geometry":{"type":"Point","coordinates":[-49.294215,-25.504578]},"properties":{"id":"4130348383847931","veg":14.5,"date":"2025-06-07","h":926.9}},{"type":"Feature","geometry":{"type":"Point","coordinates":[-49.294147,-25.504912]},"properties":{"id":"1249894953245238","veg":28.6,"date":"2025-06-07","h":926.9}},{"type":"Feature","geometry":{"type":"Point","coordinates":[-49.294228,-25.504508]},"properties":{"id":"1129857635569440","veg":23.1,"date":"2025-06-07","h":926.9}},{"type":"Feature","geometry":{"type":"Point","coordinates":[-49.294169,-25.504801]},"properties":{"id":"1022638140070879","veg":46.8,"date":"2025-06-07","h":926.9}},{"type":"Feature","geometry":{"type":"Point","coordinates":[-49.294137,-25.504965]},"properties":{"id":"2945936965575927","veg":23.1,"date":"2025-06-07","h":926.9}},{"type":"Feature","geometry":{"type":"Point","coordinates":[-49.294157,-25.504859]},"properties":{"id":"569744342871667","veg":36.7,"date":"2025-06-07","h":926.9}},{"type":"Feature","geometry":{"type":"Point","coordinates":[-49.294201,-25.504648]},"properties":{"id":"874752084861503","veg":26.4,"date":"2025-06-07","h":926.9}},{"type":"Feature","geometry":{"type":"Point","coordinates":[-49.294183,-25.504733]},"properties":{"id":"9903557036366307","veg":37.7,"date":"2025-06-07","h":926.9}},{"type":"Feature","geometry":{"type":"Point","coordinates":[-49.294245,-25.504424]},"properties":{"id":"733048622745138","veg":32.9,"date":"2025-06-07","h":926.9}},{"type":"Feature","geometry":{"type":"Point","coordinates":[-49.294323,-25.504038]},"properties":{"id":"715412601084956","veg":39.0,"date":"2025-06-07","h":926.9}},{"type":"Feature","geometry":{"type":"Point","coordinates":[-49.294301,-25.504144]},"properties":{"id":"736390845532862","veg":28.2,"date":"2025-06-07","h":926.9}},{"type":"Feature","geometry":{"type":"Point","coordinates":[-49.294001,-25.505673]},"properties":{"id":"1202639737857499","veg":39.6,"date":"2025-06-07","h":922.0}},{"type":"Feature","geometry":{"type":"Point","coordinates":[-49.293941,-25.50606]},"properties":{"id":"1385755479135756","veg":28.3,"date":"2025-06-07","h":923.0}},{"type":"Feature","geometry":{"type":"Point","coordinates":[-49.294019,-25.505586]},"properties":{"id":"1161246052423547","veg":41.2,"date":"2025-06-07","h":922.0}},{"type":"Feature","geometry":{"type":"Point","coordinates":[-49.293978,-25.505869]},"properties":{"id":"3562485230712124","veg":24.7,"date":"2025-06-07","h":922.0}},{"type":"Feature","geometry":{"type":"Point","coordinates":[-49.293909,-25.506231]},"properties":{"id":"1943274832877651","veg":20.3,"date":"2025-06-07","h":924.0}},{"type":"Feature","geometry":{"type":"Point","coordinates":[-49.294053,-25.505387]},"properties":{"id":"684545877806810","veg":9.6,"date":"2025-06-07","h":922.0}},{"type":"Feature","geometry":{"type":"Point","coordinates":[-49.294068,-25.505313]},"properties":{"id":"730037426372359","veg":10.8,"date":"2025-06-07","h":922.0}},{"type":"Feature","geometry":{"type":"Point","coordinates":[-49.293824,-25.506649]},"properties":{"id":"1373752840506701","veg":7.2,"date":"2025-06-07","h":925.0}},{"type":"Feature","geometry":{"type":"Point","coordinates":[-49.2937,-25.507766]},"properties":{"id":"24208495778734036","veg":32.7,"date":"2025-06-07","h":927.0}},{"type":"Feature","geometry":{"type":"Point","coordinates":[-49.293705,-25.507346]},"properties":{"id":"688853550434080","veg":9.6,"date":"2025-06-07","h":927.0}},{"type":"Feature","geometry":{"type":"Point","coordinates":[-49.293768,-25.506916]},"properties":{"id":"1261215202189322","veg":4.8,"date":"2025-06-07","h":925.0}},{"type":"Feature","geometry":{"type":"Point","coordinates":[-49.293726,-25.507178]},"properties":{"id":"542301685482236","veg":5.9,"date":"2025-06-07","h":926.0}},{"type":"Feature","geometry":{"type":"Point","coordinates":[-49.284569,-25.507708]},"properties":{"id":"2536754913425898","veg":2.1,"date":"2026-05-31","h":0.0}},{"type":"Feature","geometry":{"type":"Point","coordinates":[-49.28502,-25.507941]},"properties":{"id":"2209214636285535","veg":9.2,"date":"2026-05-31","h":0.0}},{"type":"Feature","geometry":{"type":"Point","coordinates":[-49.285988,-25.508919]},"properties":{"id":"1651670359219270","veg":21.3,"date":"2026-05-31","h":0.0}},{"type":"Feature","geometry":{"type":"Point","coordinates":[-49.285517,-25.508401]},"properties":{"id":"1242355044533434","veg":4.9,"date":"2026-05-31","h":0.0}},{"type":"Feature","geometry":{"type":"Point","coordinates":[-49.285765,-25.508654]},"properties":{"id":"2214189922737641","veg":17.8,"date":"2026-05-31","h":0.0}},{"type":"Feature","geometry":{"type":"Point","coordinates":[-49.285233,-25.508187]},"properties":{"id":"2069927263871111","veg":3.6,"date":"2026-05-31","h":0.0}},{"type":"Feature","geometry":{"type":"Point","coordinates":[-49.286859,-25.510002]},"properties":{"id":"1435358821608424","veg":18.4,"date":"2026-05-31","h":0.0}},{"type":"Feature","geometry":{"type":"Point","coordinates":[-49.286145,-25.509116]},"properties":{"id":"1345071117510502","veg":21.7,"date":"2026-05-31","h":0.0}},{"type":"Feature","geometry":{"type":"Point","coordinates":[-49.286659,-25.509755]},"properties":{"id":"1523955929346091","veg":19.4,"date":"2026-05-31","h":0.0}},{"type":"Feature","geometry":{"type":"Point","coordinates":[-49.286485,-25.509535]},"properties":{"id":"993146789788884","veg":22.6,"date":"2026-05-31","h":0.0}},{"type":"Feature","geometry":{"type":"Point","coordinates":[-49.287247,-25.510493]},"properties":{"id":"1296794592605428","veg":28.5,"date":"2026-05-31","h":0.0}},{"type":"Feature","geometry":{"type":"Point","coordinates":[-49.287053,-25.510245]},"properties":{"id":"1662951361678233","veg":15.5,"date":"2026-05-31","h":0.0}},{"type":"Feature","geometry":{"type":"Point","coordinates":[-49.287478,-25.510777]},"properties":{"id":"1507120401145037","veg":32.2,"date":"2026-05-31","h":0.0}},{"type":"Feature","geometry":{"type":"Point","coordinates":[-49.287704,-25.511052]},"properties":{"id":"1508329284274644","veg":42.7,"date":"2026-05-31","h":0.0}},{"type":"Feature","geometry":{"type":"Point","coordinates":[-49.288059,-25.511323]},"properties":{"id":"1437222401767006","veg":34.0,"date":"2026-05-31","h":0.0}},{"type":"Feature","geometry":{"type":"Point","coordinates":[-49.28857,-25.512144]},"properties":{"id":"2032762097339960","veg":17.7,"date":"2026-05-31","h":0.0}},{"type":"Feature","geometry":{"type":"Point","coordinates":[-49.288194,-25.511854]},"properties":{"id":"4531997393748404","veg":21.2,"date":"2026-05-31","h":0.0}},{"type":"Feature","geometry":{"type":"Point","coordinates":[-49.288836,-25.512285]},"properties":{"id":"1013857514311618","veg":13.3,"date":"2026-05-31","h":0.0}},{"type":"Feature","geometry":{"type":"Point","coordinates":[-49.288088,-25.511597]},"properties":{"id":"972634188712447","veg":37.6,"date":"2026-05-31","h":0.0}},{"type":"Feature","geometry":{"type":"Point","coordinates":[-49.288987,-25.512634]},"properties":{"id":"1528174802018688","veg":15.7,"date":"2026-05-31","h":0.0}},{"type":"Feature","geometry":{"type":"Point","coordinates":[-49.293883,-25.50882]},"properties":{"id":"1067062208104878","veg":28.6,"date":"2025-06-07","h":925.0}},{"type":"Feature","geometry":{"type":"Point","coordinates":[-49.293833,-25.508544]},"properties":{"id":"2011074989421576","veg":19.2,"date":"2025-06-07","h":925.0}},{"type":"Feature","geometry":{"type":"Point","coordinates":[-49.293737,-25.507992]},"properties":{"id":"1428600905003357","veg":8.8,"date":"2025-06-07","h":927.0}},{"type":"Feature","geometry":{"type":"Point","coordinates":[-49.293783,-25.508269]},"properties":{"id":"667297796302556","veg":37.4,"date":"2025-06-07","h":926.0}},{"type":"Feature","geometry":{"type":"Point","coordinates":[-49.293931,-25.509091]},"properties":{"id":"737200182202953","veg":38.1,"date":"2025-06-07","h":925.0}},{"type":"Feature","geometry":{"type":"Point","coordinates":[-49.29398,-25.509366]},"properties":{"id":"1380535953227402","veg":41.8,"date":"2025-06-07","h":925.0}},{"type":"Feature","geometry":{"type":"Point","coordinates":[-49.294032,-25.509642]},"properties":{"id":"733493225924481","veg":18.6,"date":"2025-06-07","h":926.0}},{"type":"Feature","geometry":{"type":"Point","coordinates":[-49.29412,-25.510211]},"properties":{"id":"1609855929686787","veg":24.2,"date":"2025-06-07","h":928.0}},{"type":"Feature","geometry":{"type":"Point","coordinates":[-49.294105,-25.50997]},"properties":{"id":"585702727905859","veg":39.8,"date":"2025-06-07","h":927.0}},{"type":"Feature","geometry":{"type":"Point","coordinates":[-49.294283,-25.511257]},"properties":{"id":"1371260724096776","veg":37.3,"date":"2025-06-07","h":932.0}},{"type":"Feature","geometry":{"type":"Point","coordinates":[-49.294237,-25.510703]},"properties":{"id":"1007897774878357","veg":35.3,"date":"2025-06-07","h":930.0}},{"type":"Feature","geometry":{"type":"Point","coordinates":[-49.294132,-25.510384]},"properties":{"id":"1677973429589071","veg":31.8,"date":"2025-06-07","h":929.0}},{"type":"Feature","geometry":{"type":"Point","coordinates":[-49.294315,-25.511695]},"properties":{"id":"1237086444434155","veg":42.1,"date":"2025-06-07","h":933.0}},{"type":"Feature","geometry":{"type":"Point","coordinates":[-49.294321,-25.512398]},"properties":{"id":"1140225097870764","veg":37.0,"date":"2025-06-07","h":934.0}},{"type":"Feature","geometry":{"type":"Point","coordinates":[-49.294305,-25.512068]},"properties":{"id":"1629398424389260","veg":22.5,"date":"2025-06-07","h":934.0}},{"type":"Feature","geometry":{"type":"Point","coordinates":[-49.294265,-25.512777]},"properties":{"id":"721767187013049","veg":29.6,"date":"2025-06-07","h":934.0}},{"type":"Feature","geometry":{"type":"Point","coordinates":[-49.294311,-25.512634]},"properties":{"id":"1223111415976372","veg":34.8,"date":"2025-06-07","h":934.0}},{"type":"Feature","geometry":{"type":"Point","coordinates":[-49.2943,-25.512909]},"properties":{"id":"1242822140804159","veg":37.3,"date":"2025-06-07","h":934.0}},{"type":"Feature","geometry":{"type":"Point","coordinates":[-49.294292,-25.513331]},"properties":{"id":"1103371698278618","veg":41.2,"date":"2025-06-07","h":935.0}},{"type":"Feature","geometry":{"type":"Point","coordinates":[-49.294288,-25.51358]},"properties":{"id":"1255729809531378","veg":43.0,"date":"2025-06-07","h":934.0}},{"type":"Feature","geometry":{"type":"Point","coordinates":[-49.294297,-25.51309]},"properties":{"id":"2127217664420074","veg":42.2,"date":"2025-06-07","h":934.0}},{"type":"Feature","geometry":{"type":"Point","coordinates":[-49.294196,-25.514072]},"properties":{"id":"1185229486624816","veg":30.4,"date":"2025-06-07","h":934.0}},{"type":"Feature","geometry":{"type":"Point","coordinates":[-49.293274,-25.514309]},"properties":{"id":"1336133177472534","veg":46.6,"date":"2025-06-07","h":935.1}},{"type":"Feature","geometry":{"type":"Point","coordinates":[-49.293526,-25.514668]},"properties":{"id":"1451070372729298","veg":31.9,"date":"2025-06-07","h":935.1}},{"type":"Feature","geometry":{"type":"Point","coordinates":[-49.293688,-25.515526]},"properties":{"id":"1231955464554048","veg":51.2,"date":"2025-06-07","h":935.1}},{"type":"Feature","geometry":{"type":"Point","coordinates":[-49.290231,-25.514614]},"properties":{"id":"1375121967837446","veg":21.9,"date":"2026-05-31","h":0.0}},{"type":"Feature","geometry":{"type":"Point","coordinates":[-49.290411,-25.514904]},"properties":{"id":"1671750794077532","veg":17.8,"date":"2026-05-31","h":0.0}},{"type":"Feature","geometry":{"type":"Point","coordinates":[-49.29131,-25.516366]},"properties":{"id":"1708913733458141","veg":8.1,"date":"2026-05-31","h":0.0}},{"type":"Feature","geometry":{"type":"Point","coordinates":[-49.290596,-25.515206]},"properties":{"id":"2355829671612201","veg":14.6,"date":"2026-05-31","h":0.0}},{"type":"Feature","geometry":{"type":"Point","coordinates":[-49.29114,-25.516092]},"properties":{"id":"1572959458173240","veg":8.9,"date":"2026-05-31","h":0.0}},{"type":"Feature","geometry":{"type":"Point","coordinates":[-49.290767,-25.515486]},"properties":{"id":"1345478004186049","veg":11.4,"date":"2026-05-31","h":0.0}},{"type":"Feature","geometry":{"type":"Point","coordinates":[-49.290956,-25.515793]},"properties":{"id":"2192486558193646","veg":8.0,"date":"2026-05-31","h":0.0}},{"type":"Feature","geometry":{"type":"Point","coordinates":[-49.291487,-25.516698]},"properties":{"id":"1527558318769359","veg":8.2,"date":"2026-05-31","h":0.0}},{"type":"Feature","geometry":{"type":"Point","coordinates":[-49.291703,-25.517227]},"properties":{"id":"1691658521964057","veg":9.0,"date":"2026-05-31","h":0.0}},{"type":"Feature","geometry":{"type":"Point","coordinates":[-49.291607,-25.516984]},"properties":{"id":"1275692678053324","veg":4.5,"date":"2026-05-31","h":0.0}},{"type":"Feature","geometry":{"type":"Point","coordinates":[-49.291884,-25.517573]},"properties":{"id":"1508892524010133","veg":6.8,"date":"2026-05-31","h":0.0}},{"type":"Feature","geometry":{"type":"Point","coordinates":[-49.293792,-25.516106]},"properties":{"id":"1925988824878044","veg":48.7,"date":"2025-06-07","h":930.0}},{"type":"Feature","geometry":{"type":"Point","coordinates":[-49.293959,-25.516887]},"properties":{"id":"1357393562013469","veg":43.8,"date":"2025-06-07","h":928.0}},{"type":"Feature","geometry":{"type":"Point","coordinates":[-49.289181,-25.512912]},"properties":{"id":"2191133868329135","veg":11.2,"date":"2026-05-31","h":0.0}},{"type":"Feature","geometry":{"type":"Point","coordinates":[-49.289515,-25.513441]},"properties":{"id":"26492601147085161","veg":11.3,"date":"2026-05-31","h":0.0}},{"type":"Feature","geometry":{"type":"Point","coordinates":[-49.289696,-25.513737]},"properties":{"id":"3450842881734705","veg":18.8,"date":"2026-05-31","h":0.0}},{"type":"Feature","geometry":{"type":"Point","coordinates":[-49.289441,-25.513283]},"properties":{"id":"920592194320563","veg":12.4,"date":"2026-05-31","h":0.0}},{"type":"Feature","geometry":{"type":"Point","coordinates":[-49.289898,-25.514047]},"properties":{"id":"1319655006928515","veg":23.8,"date":"2026-05-31","h":0.0}},{"type":"Feature","geometry":{"type":"Point","coordinates":[-49.290069,-25.514341]},"properties":{"id":"1222649176654524","veg":22.5,"date":"2026-05-31","h":0.0}},{"type":"Feature","geometry":{"type":"Point","coordinates":[-49.285322,-25.515011]},"properties":{"id":"1075330157861006","veg":7.8,"date":"2025-06-07","h":929.0}},{"type":"Feature","geometry":{"type":"Point","coordinates":[-49.285386,-25.514966]},"properties":{"id":"1378357980086877","veg":29.5,"date":"2025-06-07","h":929.0}},{"type":"Feature","geometry":{"type":"Point","coordinates":[-49.285259,-25.515055]},"properties":{"id":"1758757811343861","veg":9.6,"date":"2025-06-07","h":929.0}},{"type":"Feature","geometry":{"type":"Point","coordinates":[-49.285386,-25.514966]},"properties":{"id":"638667012524692","veg":37.5,"date":"2025-06-07","h":929.0}},{"type":"Feature","geometry":{"type":"Point","coordinates":[-49.285829,-25.5147]},"properties":{"id":"1055062359900663","veg":2.3,"date":"2025-06-07","h":929.0}},{"type":"Feature","geometry":{"type":"Point","coordinates":[-49.285794,-25.514706]},"properties":{"id":"1733063393947917","veg":0.6,"date":"2025-06-07","h":929.0}},{"type":"Feature","geometry":{"type":"Point","coordinates":[-49.285733,-25.514742]},"properties":{"id":"4152513468328052","veg":29.7,"date":"2025-06-07","h":929.0}},{"type":"Feature","geometry":{"type":"Point","coordinates":[-49.285979,-25.514793]},"properties":{"id":"3940029739643127","veg":6.0,"date":"2025-06-07","h":929.0}},{"type":"Feature","geometry":{"type":"Point","coordinates":[-49.285733,-25.514742]},"properties":{"id":"9931367206970720","veg":37.8,"date":"2025-06-07","h":929.0}},{"type":"Feature","geometry":{"type":"Point","coordinates":[-49.285863,-25.514704]},"properties":{"id":"911164097805200","veg":4.1,"date":"2025-06-07","h":929.0}},{"type":"Feature","geometry":{"type":"Point","coordinates":[-49.286169,-25.515024]},"properties":{"id":"1035262288581345","veg":12.2,"date":"2025-06-07","h":931.1}},{"type":"Feature","geometry":{"type":"Point","coordinates":[-49.286614,-25.515631]},"properties":{"id":"1679135072791117","veg":13.3,"date":"2025-06-07","h":931.1}},{"type":"Feature","geometry":{"type":"Point","coordinates":[-49.286741,-25.515773]},"properties":{"id":"1247504660124513","veg":20.7,"date":"2025-06-07","h":931.1}},{"type":"Feature","geometry":{"type":"Point","coordinates":[-49.286943,-25.516006]},"properties":{"id":"1945489855988507","veg":17.3,"date":"2025-06-07","h":931.1}},{"type":"Feature","geometry":{"type":"Point","coordinates":[-49.287159,-25.516278]},"properties":{"id":"1921708745246461","veg":4.5,"date":"2025-06-07","h":931.1}},{"type":"Feature","geometry":{"type":"Point","coordinates":[-49.287159,-25.516277]},"properties":{"id":"1033151078943154","veg":4.6,"date":"2025-06-07","h":931.1}},{"type":"Feature","geometry":{"type":"Point","coordinates":[-49.287126,-25.51629]},"properties":{"id":"2924468494421893","veg":7.2,"date":"2025-06-07","h":931.1}},{"type":"Feature","geometry":{"type":"Point","coordinates":[-49.287009,-25.516086]},"properties":{"id":"1254245056359263","veg":45.0,"date":"2025-06-07","h":931.1}},{"type":"Feature","geometry":{"type":"Point","coordinates":[-49.287009,-25.516086]},"properties":{"id":"1258931442251665","veg":19.7,"date":"2025-06-07","h":931.1}},{"type":"Feature","geometry":{"type":"Point","coordinates":[-49.287132,-25.516152]},"properties":{"id":"954462010007457","veg":12.1,"date":"2025-06-07","h":931.1}},{"type":"Feature","geometry":{"type":"Point","coordinates":[-49.284694,-25.515439]},"properties":{"id":"1006561238129159","veg":34.5,"date":"2025-06-07","h":929.0}},{"type":"Feature","geometry":{"type":"Point","coordinates":[-49.287159,-25.516278]},"properties":{"id":"730142199489784","veg":4.5,"date":"2025-06-07","h":931.1}},{"type":"Feature","geometry":{"type":"Point","coordinates":[-49.288817,-25.518349]},"properties":{"id":"1288083679642050","veg":3.4,"date":"2025-06-07","h":928.0}},{"type":"Feature","geometry":{"type":"Point","coordinates":[-49.288696,-25.51821]},"properties":{"id":"1795003358032413","veg":3.4,"date":"2025-06-07","h":930.0}},{"type":"Feature","geometry":{"type":"Point","coordinates":[-49.288402,-25.517867]},"properties":{"id":"717492504091432","veg":4.1,"date":"2025-06-07","h":928.0}},{"type":"Feature","geometry":{"type":"Point","coordinates":[-49.288679,-25.518188]},"properties":{"id":"712756918154940","veg":3.5,"date":"2025-06-07","h":929.0}},{"type":"Feature","geometry":{"type":"Point","coordinates":[-49.288401,-25.517867]},"properties":{"id":"613755438407301","veg":4.3,"date":"2025-06-07","h":928.0}},{"type":"Feature","geometry":{"type":"Point","coordinates":[-49.288646,-25.518151]},"properties":{"id":"560784266875784","veg":3.5,"date":"2025-06-07","h":929.0}},{"type":"Feature","geometry":{"type":"Point","coordinates":[-49.289435,-25.519026]},"properties":{"id":"1061518928694898","veg":2.5,"date":"2025-06-07","h":927.0}},{"type":"Feature","geometry":{"type":"Point","coordinates":[-49.289734,-25.519977]},"properties":{"id":"1241239987641022","veg":19.8,"date":"2025-06-07","h":928.0}},{"type":"Feature","geometry":{"type":"Point","coordinates":[-49.291601,-25.522099]},"properties":{"id":"3595841524051385","veg":1.6,"date":"2025-06-07","h":930.0}},{"type":"Feature","geometry":{"type":"Point","coordinates":[-49.294399,-25.5189]},"properties":{"id":"585824224145873","veg":33.2,"date":"2025-06-07","h":931.0}},{"type":"Feature","geometry":{"type":"Point","coordinates":[-49.293031,-25.519243]},"properties":{"id":"1019949373934889","veg":1.4,"date":"2026-05-31","h":0.0}},{"type":"Feature","geometry":{"type":"Point","coordinates":[-49.293594,-25.520074]},"properties":{"id":"1003705478917669","veg":3.0,"date":"2026-05-31","h":0.0}},{"type":"Feature","geometry":{"type":"Point","coordinates":[-49.293232,-25.519502]},"properties":{"id":"1388414023115664","veg":1.2,"date":"2026-05-31","h":0.0}},{"type":"Feature","geometry":{"type":"Point","coordinates":[-49.293423,-25.519795]},"properties":{"id":"4273041866246911","veg":2.9,"date":"2026-05-31","h":0.0}},{"type":"Feature","geometry":{"type":"Point","coordinates":[-49.294385,-25.518955]},"properties":{"id":"729325476293667","veg":29.0,"date":"2025-06-07","h":931.0}},{"type":"Feature","geometry":{"type":"Point","coordinates":[-49.292051,-25.517844]},"properties":{"id":"1544677430599632","veg":7.3,"date":"2026-05-31","h":0.0}},{"type":"Feature","geometry":{"type":"Point","coordinates":[-49.292232,-25.518128]},"properties":{"id":"27234544576175603","veg":5.0,"date":"2026-05-31","h":0.0}},{"type":"Feature","geometry":{"type":"Point","coordinates":[-49.292419,-25.518426]},"properties":{"id":"1737706814328973","veg":2.2,"date":"2026-05-31","h":0.0}},{"type":"Feature","geometry":{"type":"Point","coordinates":[-49.292589,-25.518708]},"properties":{"id":"1518361943172606","veg":1.2,"date":"2026-05-31","h":0.0}},{"type":"Feature","geometry":{"type":"Point","coordinates":[-49.292795,-25.518976]},"properties":{"id":"975670548515184","veg":2.6,"date":"2026-05-31","h":0.0}},{"type":"Feature","geometry":{"type":"Point","coordinates":[-49.291766,-25.522289]},"properties":{"id":"1179784527521945","veg":1.8,"date":"2025-06-07","h":931.0}},{"type":"Feature","geometry":{"type":"Point","coordinates":[-49.291766,-25.522289]},"properties":{"id":"692901536970680","veg":1.7,"date":"2025-06-07","h":930.0}},{"type":"Feature","geometry":{"type":"Point","coordinates":[-49.291766,-25.522289]},"properties":{"id":"528332630246282","veg":1.6,"date":"2025-06-07","h":928.2}},{"type":"Feature","geometry":{"type":"Point","coordinates":[-49.291767,-25.522289]},"properties":{"id":"1239416990985184","veg":1.7,"date":"2025-06-07","h":928.0}},{"type":"Feature","geometry":{"type":"Point","coordinates":[-49.291766,-25.522289]},"properties":{"id":"4151045115126183","veg":1.6,"date":"2025-06-07","h":929.0}},{"type":"Feature","geometry":{"type":"Point","coordinates":[-49.291767,-25.522289]},"properties":{"id":"1241957874255785","veg":1.6,"date":"2025-06-07","h":928.2}},{"type":"Feature","geometry":{"type":"Point","coordinates":[-49.291767,-25.522289]},"properties":{"id":"688849167250437","veg":1.5,"date":"2025-06-07","h":928.2}},{"type":"Feature","geometry":{"type":"Point","coordinates":[-49.291768,-25.522289]},"properties":{"id":"1256067516528862","veg":1.7,"date":"2025-06-07","h":928.2}},{"type":"Feature","geometry":{"type":"Point","coordinates":[-49.294293,-25.521243]},"properties":{"id":"1753731152675203","veg":3.0,"date":"2026-05-31","h":0.0}},{"type":"Feature","geometry":{"type":"Point","coordinates":[-49.294105,-25.520943]},"properties":{"id":"993870130004212","veg":5.8,"date":"2026-05-31","h":0.0}},{"type":"Feature","geometry":{"type":"Point","coordinates":[-49.293762,-25.520374]},"properties":{"id":"1656624072293941","veg":6.8,"date":"2026-05-31","h":0.0}},{"type":"Feature","geometry":{"type":"Point","coordinates":[-49.29392,-25.520639]},"properties":{"id":"1874756033170350","veg":6.0,"date":"2026-05-31","h":0.0}},{"type":"Feature","geometry":{"type":"Point","coordinates":[-49.295256,-25.521627]},"properties":{"id":"686945457655562","veg":43.9,"date":"2025-06-07","h":928.0}},{"type":"Feature","geometry":{"type":"Point","coordinates":[-49.294481,-25.521546]},"properties":{"id":"1741501763951947","veg":1.9,"date":"2026-05-31","h":0.0}},{"type":"Feature","geometry":{"type":"Point","coordinates":[-49.294592,-25.52169]},"properties":{"id":"1471033177583981","veg":2.2,"date":"2026-05-31","h":0.0}},{"type":"Feature","geometry":{"type":"Point","coordinates":[-49.294876,-25.522102]},"properties":{"id":"2405945899873757","veg":1.3,"date":"2026-05-31","h":0.0}},{"type":"Feature","geometry":{"type":"Point","coordinates":[-49.282627,-25.445423]},"properties":{"id":"384890342833884","veg":33.2,"date":"2021-04-21","h":923.0}},{"type":"Feature","geometry":{"type":"Point","coordinates":[-49.282735,-25.445465]},"properties":{"id":"162042002544537","veg":33.9,"date":"2021-04-21","h":923.2}},{"type":"Feature","geometry":{"type":"Point","coordinates":[-49.282423,-25.445339]},"properties":{"id":"3097149133846420","veg":30.8,"date":"2021-04-21","h":922.9}},{"type":"Feature","geometry":{"type":"Point","coordinates":[-49.282717,-25.445458]},"properties":{"id":"229791588534313","veg":33.3,"date":"2021-04-21","h":923.3}},{"type":"Feature","geometry":{"type":"Point","coordinates":[-49.282733,-25.445464]},"properties":{"id":"212141970550481","veg":33.8,"date":"2021-04-21","h":923.2}},{"type":"Feature","geometry":{"type":"Point","coordinates":[-49.282702,-25.445452]},"properties":{"id":"229487735218271","veg":33.7,"date":"2021-04-21","h":923.2}},{"type":"Feature","geometry":{"type":"Point","coordinates":[-49.282357,-25.445312]},"properties":{"id":"170883598307922","veg":33.0,"date":"2021-04-21","h":922.7}},{"type":"Feature","geometry":{"type":"Point","coordinates":[-49.282288,-25.445286]},"properties":{"id":"227232508846051","veg":34.0,"date":"2021-04-21","h":922.9}},{"type":"Feature","geometry":{"type":"Point","coordinates":[-49.282658,-25.445436]},"properties":{"id":"527833355044192","veg":33.8,"date":"2021-04-21","h":923.1}},{"type":"Feature","geometry":{"type":"Point","coordinates":[-49.282541,-25.445387]},"properties":{"id":"483831242865425","veg":32.0,"date":"2021-04-21","h":922.9}},{"type":"Feature","geometry":{"type":"Point","coordinates":[-49.282728,-25.445462]},"properties":{"id":"662440127921129","veg":33.6,"date":"2021-04-21","h":923.3}},{"type":"Feature","geometry":{"type":"Point","coordinates":[-49.282683,-25.445445]},"properties":{"id":"335942434799357","veg":34.5,"date":"2021-04-21","h":923.2}},{"type":"Feature","geometry":{"type":"Point","coordinates":[-49.282735,-25.445465]},"properties":{"id":"518901515798442","veg":33.4,"date":"2021-04-21","h":923.1}},{"type":"Feature","geometry":{"type":"Point","coordinates":[-49.282485,-25.445364]},"properties":{"id":"811422532831560","veg":31.6,"date":"2021-04-21","h":923.0}},{"type":"Feature","geometry":{"type":"Point","coordinates":[-49.283209,-25.445625]},"properties":{"id":"537551197252350","veg":33.6,"date":"2021-04-21","h":922.1}},{"type":"Feature","geometry":{"type":"Point","coordinates":[-49.283265,-25.445642]},"properties":{"id":"1238864516567578","veg":33.6,"date":"2021-04-21","h":922.0}},{"type":"Feature","geometry":{"type":"Point","coordinates":[-49.282589,-25.445407]},"properties":{"id":"947017779448252","veg":30.9,"date":"2021-04-21","h":922.8}},{"type":"Feature","geometry":{"type":"Point","coordinates":[-49.283152,-25.445608]},"properties":{"id":"144277834393483","veg":33.4,"date":"2021-04-21","h":922.3}},{"type":"Feature","geometry":{"type":"Point","coordinates":[-49.283095,-25.445588]},"properties":{"id":"541013517066749","veg":33.8,"date":"2021-04-21","h":922.6}},{"type":"Feature","geometry":{"type":"Point","coordinates":[-49.283038,-25.445567]},"properties":{"id":"309869047266195","veg":33.6,"date":"2021-04-21","h":922.9}},{"type":"Feature","geometry":{"type":"Point","coordinates":[-49.282983,-25.445547]},"properties":{"id":"507331900472563","veg":33.6,"date":"2021-04-21","h":923.0}},{"type":"Feature","geometry":{"type":"Point","coordinates":[-49.282735,-25.445465]},"properties":{"id":"840119669917352","veg":33.6,"date":"2021-04-21","h":923.1}},{"type":"Feature","geometry":{"type":"Point","coordinates":[-49.282219,-25.445259]},"properties":{"id":"1118801281965017","veg":35.6,"date":"2021-04-21","h":923.1}},{"type":"Feature","geometry":{"type":"Point","coordinates":[-49.282148,-25.445233]},"properties":{"id":"165528552107911","veg":37.0,"date":"2021-04-21","h":923.4}},{"type":"Feature","geometry":{"type":"Point","coordinates":[-49.281873,-25.445135]},"properties":{"id":"1443000632713096","veg":29.1,"date":"2021-04-21","h":924.5}},{"type":"Feature","geometry":{"type":"Point","coordinates":[-49.281742,-25.445088]},"properties":{"id":"220071896343965","veg":30.3,"date":"2021-04-21","h":924.6}},{"type":"Feature","geometry":{"type":"Point","coordinates":[-49.282078,-25.445207]},"properties":{"id":"224946625772064","veg":33.7,"date":"2021-04-21","h":923.6}},{"type":"Feature","geometry":{"type":"Point","coordinates":[-49.281807,-25.445111]},"properties":{"id":"279612767223307","veg":27.2,"date":"2021-04-21","h":924.7}},{"type":"Feature","geometry":{"type":"Point","coordinates":[-49.28194,-25.445159]},"properties":{"id":"4335069499891056","veg":31.1,"date":"2021-04-21","h":924.3}},{"type":"Feature","geometry":{"type":"Point","coordinates":[-49.282009,-25.445183]},"properties":{"id":"556951315676088","veg":29.9,"date":"2021-04-21","h":923.9}},{"type":"Feature","geometry":{"type":"Point","coordinates":[-49.283376,-25.445678]},"properties":{"id":"3658246544287210","veg":33.9,"date":"2021-04-21","h":922.3}},{"type":"Feature","geometry":{"type":"Point","coordinates":[-49.283481,-25.445714]},"properties":{"id":"813982946191890","veg":33.6,"date":"2021-04-21","h":922.6}},{"type":"Feature","geometry":{"type":"Point","coordinates":[-49.283321,-25.44566]},"properties":{"id":"576843036611551","veg":33.7,"date":"2021-04-21","h":922.2}},{"type":"Feature","geometry":{"type":"Point","coordinates":[-49.283429,-25.445696]},"properties":{"id":"587604332209523","veg":33.8,"date":"2021-04-21","h":922.5}},{"type":"Feature","geometry":{"type":"Point","coordinates":[-49.283581,-25.44575]},"properties":{"id":"145537324170969","veg":33.6,"date":"2021-04-21","h":922.5}},{"type":"Feature","geometry":{"type":"Point","coordinates":[-49.283531,-25.445732]},"properties":{"id":"164937528975180","veg":33.7,"date":"2021-04-21","h":922.5}},{"type":"Feature","geometry":{"type":"Point","coordinates":[-49.281622,-25.445047]},"properties":{"id":"137054521818229","veg":28.7,"date":"2021-04-21","h":924.5}},{"type":"Feature","geometry":{"type":"Point","coordinates":[-49.281485,-25.445]},"properties":{"id":"1002180370522198","veg":19.7,"date":"2021-04-21","h":924.6}},{"type":"Feature","geometry":{"type":"Point","coordinates":[-49.28168,-25.445067]},"properties":{"id":"126627386200774","veg":31.0,"date":"2021-04-21","h":924.5}},{"type":"Feature","geometry":{"type":"Point","coordinates":[-49.281522,-25.445013]},"properties":{"id":"1027268941141668","veg":20.5,"date":"2021-04-21","h":924.5}},{"type":"Feature","geometry":{"type":"Point","coordinates":[-49.281446,-25.444987]},"properties":{"id":"186508919920002","veg":18.3,"date":"2021-04-21","h":924.4}},{"type":"Feature","geometry":{"type":"Point","coordinates":[-49.28146,-25.444992]},"properties":{"id":"2074768545997932","veg":18.9,"date":"2021-04-21","h":924.5}},{"type":"Feature","geometry":{"type":"Point","coordinates":[-49.281432,-25.444983]},"properties":{"id":"164807575594353","veg":15.1,"date":"2021-04-21","h":924.3}},{"type":"Feature","geometry":{"type":"Point","coordinates":[-49.281415,-25.444977]},"properties":{"id":"1595418077323555","veg":15.7,"date":"2021-04-21","h":924.4}},{"type":"Feature","geometry":{"type":"Point","coordinates":[-49.281435,-25.444984]},"properties":{"id":"1476107392747609","veg":15.3,"date":"2021-04-21","h":924.6}},{"type":"Feature","geometry":{"type":"Point","coordinates":[-49.281569,-25.445029]},"properties":{"id":"920313658822960","veg":24.0,"date":"2021-04-21","h":924.5}},{"type":"Feature","geometry":{"type":"Point","coordinates":[-49.281424,-25.44498]},"properties":{"id":"172081944753888","veg":7.2,"date":"2021-04-21","h":924.4}},{"type":"Feature","geometry":{"type":"Point","coordinates":[-49.281437,-25.444984]},"properties":{"id":"302468778044977","veg":15.6,"date":"2021-04-21","h":924.6}},{"type":"Feature","geometry":{"type":"Point","coordinates":[-49.281429,-25.444982]},"properties":{"id":"1893813657435798","veg":12.5,"date":"2021-04-21","h":924.3}},{"type":"Feature","geometry":{"type":"Point","coordinates":[-49.28144,-25.444985]},"properties":{"id":"369989527874649","veg":15.8,"date":"2021-04-21","h":924.5}},{"type":"Feature","geometry":{"type":"Point","coordinates":[-49.281364,-25.444961]},"properties":{"id":"475535883675144","veg":20.2,"date":"2021-04-21","h":924.5}},{"type":"Feature","geometry":{"type":"Point","coordinates":[-49.281436,-25.444984]},"properties":{"id":"4352481021450944","veg":15.5,"date":"2021-04-21","h":924.6}},{"type":"Feature","geometry":{"type":"Point","coordinates":[-49.281433,-25.444983]},"properties":{"id":"957890051457975","veg":14.9,"date":"2021-04-21","h":924.4}},{"type":"Feature","geometry":{"type":"Point","coordinates":[-49.281399,-25.444972]},"properties":{"id":"820883941871163","veg":18.5,"date":"2021-04-21","h":924.5}},{"type":"Feature","geometry":{"type":"Point","coordinates":[-49.281435,-25.444984]},"properties":{"id":"858514621543153","veg":15.8,"date":"2021-04-21","h":924.7}},{"type":"Feature","geometry":{"type":"Point","coordinates":[-49.281434,-25.444983]},"properties":{"id":"826982037918436","veg":15.2,"date":"2021-04-21","h":924.5}},{"type":"Feature","geometry":{"type":"Point","coordinates":[-49.281311,-25.444946]},"properties":{"id":"330556181854038","veg":21.1,"date":"2021-04-21","h":924.6}},{"type":"Feature","geometry":{"type":"Point","coordinates":[-49.284116,-25.445951]},"properties":{"id":"1095306614326880","veg":33.7,"date":"2021-04-21","h":922.6}},{"type":"Feature","geometry":{"type":"Point","coordinates":[-49.28363,-25.445766]},"properties":{"id":"137487985101594","veg":33.8,"date":"2021-04-21","h":922.6}},{"type":"Feature","geometry":{"type":"Point","coordinates":[-49.283724,-25.4458]},"properties":{"id":"179777147392507","veg":33.6,"date":"2021-04-21","h":922.7}},{"type":"Feature","geometry":{"type":"Point","coordinates":[-49.283769,-25.445818]},"properties":{"id":"302713971448551","veg":33.5,"date":"2021-04-21","h":922.7}},{"type":"Feature","geometry":{"type":"Point","coordinates":[-49.284045,-25.445927]},"properties":{"id":"2778328205810829","veg":33.8,"date":"2021-04-21","h":922.7}},{"type":"Feature","geometry":{"type":"Point","coordinates":[-49.283971,-25.445899]},"properties":{"id":"303204368116392","veg":33.6,"date":"2021-04-21","h":922.6}},{"type":"Feature","geometry":{"type":"Point","coordinates":[-49.283894,-25.445867]},"properties":{"id":"313834143673893","veg":33.6,"date":"2021-04-21","h":922.7}},{"type":"Feature","geometry":{"type":"Point","coordinates":[-49.283677,-25.445783]},"properties":{"id":"480982856450101","veg":33.6,"date":"2021-04-21","h":922.7}},{"type":"Feature","geometry":{"type":"Point","coordinates":[-49.283811,-25.445836]},"properties":{"id":"511941503181551","veg":33.7,"date":"2021-04-21","h":922.6}},{"type":"Feature","geometry":{"type":"Point","coordinates":[-49.283934,-25.445883]},"properties":{"id":"811296669791433","veg":33.5,"date":"2021-04-21","h":922.7}},{"type":"Feature","geometry":{"type":"Point","coordinates":[-49.283853,-25.445852]},"properties":{"id":"747495962590244","veg":33.7,"date":"2021-04-21","h":922.6}},{"type":"Feature","geometry":{"type":"Point","coordinates":[-49.284963,-25.446283]},"properties":{"id":"845410472719487","veg":33.5,"date":"2021-04-21","h":922.7}},{"type":"Feature","geometry":{"type":"Point","coordinates":[-49.284008,-25.445915]},"properties":{"id":"860013211530356","veg":33.5,"date":"2021-04-21","h":922.6}},{"type":"Feature","geometry":{"type":"Point","coordinates":[-49.28422,-25.445996]},"properties":{"id":"1291763234553297","veg":33.9,"date":"2021-04-21","h":923.2}},{"type":"Feature","geometry":{"type":"Point","coordinates":[-49.284566,-25.446166]},"properties":{"id":"154430289994067","veg":33.5,"date":"2021-04-21","h":933.2}},{"type":"Feature","geometry":{"type":"Point","coordinates":[-49.284358,-25.446077]},"properties":{"id":"2467905446688149","veg":33.6,"date":"2021-04-21","h":930.4}},{"type":"Feature","geometry":{"type":"Point","coordinates":[-49.284621,-25.446187]},"properties":{"id":"216450090082937","veg":33.9,"date":"2021-04-21","h":933.1}},{"type":"Feature","geometry":{"type":"Point","coordinates":[-49.284412,-25.446106]},"properties":{"id":"314927670203949","veg":33.4,"date":"2021-04-21","h":933.1}},{"type":"Feature","geometry":{"type":"Point","coordinates":[-49.284258,-25.446018]},"properties":{"id":"382818396393273","veg":33.6,"date":"2021-04-21","h":924.5}},{"type":"Feature","geometry":{"type":"Point","coordinates":[-49.284511,-25.446143]},"properties":{"id":"485400942557734","veg":33.6,"date":"2021-04-21","h":933.0}},{"type":"Feature","geometry":{"type":"Point","coordinates":[-49.284302,-25.446043]},"properties":{"id":"608392020565239","veg":33.5,"date":"2021-04-21","h":926.6}},{"type":"Feature","geometry":{"type":"Point","coordinates":[-49.28446,-25.446124]},"properties":{"id":"917505222311507","veg":33.7,"date":"2021-04-21","h":933.0}},{"type":"Feature","geometry":{"type":"Point","coordinates":[-49.284185,-25.445978]},"properties":{"id":"479241273157141","veg":33.8,"date":"2021-04-21","h":922.7}},{"type":"Feature","geometry":{"type":"Point","coordinates":[-49.275149,-25.444334]},"properties":{"id":"1455729299931578","veg":16.9,"date":"2026-05-31","h":0.0}},{"type":"Feature","geometry":{"type":"Point","coordinates":[-49.275192,-25.444235]},"properties":{"id":"1747771776401419","veg":32.7,"date":"2026-05-31","h":0.0}},{"type":"Feature","geometry":{"type":"Point","coordinates":[-49.275109,-25.444408]},"properties":{"id":"1668304040881604","veg":17.4,"date":"2026-05-31","h":0.0}},{"type":"Feature","geometry":{"type":"Point","coordinates":[-49.275461,-25.443589]},"properties":{"id":"2220846958661109","veg":3.8,"date":"2026-05-31","h":0.0}},{"type":"Feature","geometry":{"type":"Point","coordinates":[-49.275574,-25.443327]},"properties":{"id":"1245309864156809","veg":5.0,"date":"2026-05-31","h":0.0}},{"type":"Feature","geometry":{"type":"Point","coordinates":[-49.275481,-25.443545]},"properties":{"id":"1292574882945317","veg":5.4,"date":"2026-05-31","h":0.0}},{"type":"Feature","geometry":{"type":"Point","coordinates":[-49.275501,-25.443499]},"properties":{"id":"1677677433351608","veg":6.8,"date":"2026-05-31","h":0.0}},{"type":"Feature","geometry":{"type":"Point","coordinates":[-49.275548,-25.44339]},"properties":{"id":"1023118183474778","veg":1.3,"date":"2026-05-31","h":0.0}},{"type":"Feature","geometry":{"type":"Point","coordinates":[-49.275421,-25.443684]},"properties":{"id":"1863868077624298","veg":3.4,"date":"2026-05-31","h":0.0}},{"type":"Feature","geometry":{"type":"Point","coordinates":[-49.27544,-25.443639]},"properties":{"id":"2108579643040069","veg":5.0,"date":"2026-05-31","h":0.0}},{"type":"Feature","geometry":{"type":"Point","coordinates":[-49.275523,-25.443449]},"properties":{"id":"962635549946959","veg":4.5,"date":"2026-05-31","h":0.0}},{"type":"Feature","geometry":{"type":"Point","coordinates":[-49.27524,-25.444118]},"properties":{"id":"1167901748810560","veg":36.6,"date":"2026-05-31","h":0.0}},{"type":"Feature","geometry":{"type":"Point","coordinates":[-49.27536,-25.443833]},"properties":{"id":"1189293326606199","veg":14.8,"date":"2026-05-31","h":0.0}},{"type":"Feature","geometry":{"type":"Point","coordinates":[-49.275284,-25.444016]},"properties":{"id":"1687820045748886","veg":8.3,"date":"2026-05-31","h":0.0}},{"type":"Feature","geometry":{"type":"Point","coordinates":[-49.275326,-25.443915]},"properties":{"id":"35921864334127937","veg":14.2,"date":"2026-05-31","h":0.0}},{"type":"Feature","geometry":{"type":"Point","coordinates":[-49.275393,-25.443753]},"properties":{"id":"978808751711273","veg":12.1,"date":"2026-05-31","h":0.0}},{"type":"Feature","geometry":{"type":"Point","coordinates":[-49.274974,-25.444725]},"properties":{"id":"1025307919834048","veg":14.5,"date":"2026-05-31","h":0.0}},{"type":"Feature","geometry":{"type":"Point","coordinates":[-49.275023,-25.44461]},"properties":{"id":"4418565438290128","veg":12.4,"date":"2026-05-31","h":0.0}},{"type":"Feature","geometry":{"type":"Point","coordinates":[-49.27472,-25.44537]},"properties":{"id":"1493106622268249","veg":3.1,"date":"2026-05-31","h":0.0}},{"type":"Feature","geometry":{"type":"Point","coordinates":[-49.27493,-25.444831]},"properties":{"id":"1013749664684989","veg":13.5,"date":"2026-05-31","h":0.0}},{"type":"Feature","geometry":{"type":"Point","coordinates":[-49.274628,-25.445628]},"properties":{"id":"996008762922201","veg":4.5,"date":"2026-05-31","h":0.0}},{"type":"Feature","geometry":{"type":"Point","coordinates":[-49.274889,-25.444933]},"properties":{"id":"2105952403685269","veg":9.4,"date":"2026-05-31","h":0.0}},{"type":"Feature","geometry":{"type":"Point","coordinates":[-49.274811,-25.445146]},"properties":{"id":"2198255237578119","veg":5.8,"date":"2026-05-31","h":0.0}},{"type":"Feature","geometry":{"type":"Point","coordinates":[-49.274851,-25.445031]},"properties":{"id":"1298043475866188","veg":8.7,"date":"2026-05-31","h":0.0}},{"type":"Feature","geometry":{"type":"Point","coordinates":[-49.275068,-25.444502]},"properties":{"id":"1033400599106682","veg":16.5,"date":"2026-05-31","h":0.0}},{"type":"Feature","geometry":{"type":"Point","coordinates":[-49.274393,-25.446186]},"properties":{"id":"1299155585743070","veg":16.8,"date":"2026-05-31","h":0.0}},{"type":"Feature","geometry":{"type":"Point","coordinates":[-49.274498,-25.445899]},"properties":{"id":"1652469695973297","veg":5.4,"date":"2026-05-31","h":0.0}},{"type":"Feature","geometry":{"type":"Point","coordinates":[-49.274054,-25.44673]},"properties":{"id":"1315019250761067","veg":34.7,"date":"2026-05-31","h":0.0}},{"type":"Feature","geometry":{"type":"Point","coordinates":[-49.274181,-25.446467]},"properties":{"id":"1682747603057927","veg":25.8,"date":"2026-05-31","h":0.0}},{"type":"Feature","geometry":{"type":"Point","coordinates":[-49.273912,-25.446976]},"properties":{"id":"1557302776011609","veg":10.0,"date":"2026-05-31","h":0.0}},{"type":"Feature","geometry":{"type":"Point","coordinates":[-49.273798,-25.447254]},"properties":{"id":"1672946173827943","veg":9.3,"date":"2026-05-31","h":0.0}},{"type":"Feature","geometry":{"type":"Point","coordinates":[-49.273721,-25.447477]},"properties":{"id":"1503381484628291","veg":5.9,"date":"2026-05-31","h":0.0}},{"type":"Feature","geometry":{"type":"Point","coordinates":[-49.2846,-25.451928]},"properties":{"id":"1060025872955624","veg":31.1,"date":"2025-06-07","h":926.4}},{"type":"Feature","geometry":{"type":"Point","coordinates":[-49.28464,-25.451818]},"properties":{"id":"1041394194612637","veg":29.7,"date":"2025-06-07","h":926.4}},{"type":"Feature","geometry":{"type":"Point","coordinates":[-49.284571,-25.452173]},"properties":{"id":"1200226898504269","veg":22.3,"date":"2025-06-07","h":926.4}},{"type":"Feature","geometry":{"type":"Point","coordinates":[-49.284572,-25.452038]},"properties":{"id":"1708646793128977","veg":26.7,"date":"2025-06-07","h":926.4}},{"type":"Feature","geometry":{"type":"Point","coordinates":[-49.28452,-25.452928]},"properties":{"id":"1445170193500424","veg":35.1,"date":"2025-06-07","h":926.4}},{"type":"Feature","geometry":{"type":"Point","coordinates":[-49.284541,-25.453063]},"properties":{"id":"1351449822632765","veg":36.7,"date":"2025-06-07","h":926.4}},{"type":"Feature","geometry":{"type":"Point","coordinates":[-49.28451,-25.452835]},"properties":{"id":"30228460463434375","veg":30.6,"date":"2025-06-07","h":926.4}},{"type":"Feature","geometry":{"type":"Point","coordinates":[-49.284566,-25.453176]},"properties":{"id":"688380474021687","veg":20.2,"date":"2025-06-07","h":926.4}},{"type":"Feature","geometry":{"type":"Point","coordinates":[-49.26823,-25.446796]},"properties":{"id":"1279545780108539","veg":29.2,"date":"2023-10-05","h":0.0}},{"type":"Feature","geometry":{"type":"Point","coordinates":[-49.268335,-25.446839]},"properties":{"id":"1011451523734841","veg":25.8,"date":"2023-10-05","h":0.0}},{"type":"Feature","geometry":{"type":"Point","coordinates":[-49.268748,-25.447014]},"properties":{"id":"287841110253900","veg":4.8,"date":"2023-10-05","h":0.0}},{"type":"Feature","geometry":{"type":"Point","coordinates":[-49.268673,-25.446981]},"properties":{"id":"3626260434287597","veg":8.0,"date":"2023-10-05","h":0.0}},{"type":"Feature","geometry":{"type":"Point","coordinates":[-49.268515,-25.446915]},"properties":{"id":"6837491073004974","veg":24.9,"date":"2023-10-05","h":0.0}},{"type":"Feature","geometry":{"type":"Point","coordinates":[-49.268424,-25.446875]},"properties":{"id":"865031455269993","veg":27.9,"date":"2023-10-05","h":0.0}},{"type":"Feature","geometry":{"type":"Point","coordinates":[-49.2686,-25.44695]},"properties":{"id":"878961513425378","veg":13.5,"date":"2023-10-05","h":0.0}},{"type":"Feature","geometry":{"type":"Point","coordinates":[-49.268895,-25.447076]},"properties":{"id":"311041771741237","veg":9.9,"date":"2023-10-05","h":0.0}},{"type":"Feature","geometry":{"type":"Point","coordinates":[-49.268816,-25.447043]},"properties":{"id":"706649044432945","veg":3.9,"date":"2023-10-05","h":0.0}},{"type":"Feature","geometry":{"type":"Point","coordinates":[-49.269065,-25.447146]},"properties":{"id":"3392415484382911","veg":14.8,"date":"2023-10-05","h":0.0}},{"type":"Feature","geometry":{"type":"Point","coordinates":[-49.268981,-25.447112]},"properties":{"id":"1321337735175409","veg":15.4,"date":"2023-10-05","h":0.0}},{"type":"Feature","geometry":{"type":"Point","coordinates":[-49.269304,-25.447244]},"properties":{"id":"2456192191218380","veg":23.8,"date":"2023-10-05","h":0.0}},{"type":"Feature","geometry":{"type":"Point","coordinates":[-49.269394,-25.447282]},"properties":{"id":"270441435973500","veg":10.4,"date":"2023-10-05","h":0.0}},{"type":"Feature","geometry":{"type":"Point","coordinates":[-49.269221,-25.447211]},"properties":{"id":"6574556255976407","veg":28.8,"date":"2023-10-05","h":0.0}},{"type":"Feature","geometry":{"type":"Point","coordinates":[-49.269479,-25.447315]},"properties":{"id":"874003161014146","veg":6.1,"date":"2023-10-05","h":0.0}},{"type":"Feature","geometry":{"type":"Point","coordinates":[-49.269137,-25.447175]},"properties":{"id":"356426600254660","veg":26.0,"date":"2023-10-05","h":0.0}},{"type":"Feature","geometry":{"type":"Point","coordinates":[-49.269998,-25.447548]},"properties":{"id":"1789327011514219","veg":38.0,"date":"2023-10-05","h":0.0}},{"type":"Feature","geometry":{"type":"Point","coordinates":[-49.269895,-25.447498]},"properties":{"id":"1010660020231241","veg":13.4,"date":"2023-10-05","h":0.0}},{"type":"Feature","geometry":{"type":"Point","coordinates":[-49.270019,-25.447556]},"properties":{"id":"1016190892980044","veg":41.7,"date":"2023-10-05","h":0.0}},{"type":"Feature","geometry":{"type":"Point","coordinates":[-49.27009,-25.447586]},"properties":{"id":"1059990018466180","veg":39.9,"date":"2023-10-05","h":0.0}},{"type":"Feature","geometry":{"type":"Point","coordinates":[-49.269998,-25.447548]},"properties":{"id":"1313187765998333","veg":38.2,"date":"2023-10-05","h":0.0}},{"type":"Feature","geometry":{"type":"Point","coordinates":[-49.27014,-25.44761]},"properties":{"id":"348525781097568","veg":36.3,"date":"2023-10-05","h":0.0}},{"type":"Feature","geometry":{"type":"Point","coordinates":[-49.269577,-25.447354]},"properties":{"id":"1427113604827236","veg":3.9,"date":"2023-10-05","h":0.0}},{"type":"Feature","geometry":{"type":"Point","coordinates":[-49.270046,-25.447568]},"properties":{"id":"307545862216415","veg":45.0,"date":"2023-10-05","h":0.0}},{"type":"Feature","geometry":{"type":"Point","coordinates":[-49.269998,-25.447548]},"properties":{"id":"325190863476833","veg":37.9,"date":"2023-10-05","h":0.0}},{"type":"Feature","geometry":{"type":"Point","coordinates":[-49.269998,-25.447548]},"properties":{"id":"373341895119883","veg":38.7,"date":"2023-10-05","h":0.0}},{"type":"Feature","geometry":{"type":"Point","coordinates":[-49.270207,-25.44764]},"properties":{"id":"1410159392909961","veg":37.4,"date":"2023-10-05","h":0.0}},{"type":"Feature","geometry":{"type":"Point","coordinates":[-49.270005,-25.447551]},"properties":{"id":"2888943581274735","veg":39.1,"date":"2023-10-05","h":0.0}},{"type":"Feature","geometry":{"type":"Point","coordinates":[-49.269808,-25.447452]},"properties":{"id":"328700689891868","veg":25.3,"date":"2023-10-05","h":0.0}},{"type":"Feature","geometry":{"type":"Point","coordinates":[-49.269927,-25.447515]},"properties":{"id":"3548107278739015","veg":11.2,"date":"2023-10-05","h":0.0}},{"type":"Feature","geometry":{"type":"Point","coordinates":[-49.269998,-25.447548]},"properties":{"id":"840967381106677","veg":38.1,"date":"2023-10-05","h":0.0}},{"type":"Feature","geometry":{"type":"Point","coordinates":[-49.269669,-25.447389]},"properties":{"id":"673290641599501","veg":6.6,"date":"2023-10-05","h":0.0}},{"type":"Feature","geometry":{"type":"Point","coordinates":[-49.269742,-25.447419]},"properties":{"id":"874172910885042","veg":28.4,"date":"2023-10-05","h":0.0}},{"type":"Feature","geometry":{"type":"Point","coordinates":[-49.269858,-25.447478]},"properties":{"id":"738551671429432","veg":19.5,"date":"2023-10-05","h":0.0}},{"type":"Feature","geometry":{"type":"Point","coordinates":[-49.270859,-25.447943]},"properties":{"id":"1445119702711234","veg":29.6,"date":"2023-10-05","h":0.0}},{"type":"Feature","geometry":{"type":"Point","coordinates":[-49.270758,-25.447895]},"properties":{"id":"3760918010861891","veg":7.2,"date":"2023-10-05","h":0.0}},{"type":"Feature","geometry":{"type":"Point","coordinates":[-49.270271,-25.447668]},"properties":{"id":"2290289424504414","veg":21.2,"date":"2023-10-05","h":0.0}},{"type":"Feature","geometry":{"type":"Point","coordinates":[-49.27059,-25.447808]},"properties":{"id":"2042871649413363","veg":22.3,"date":"2023-10-05","h":0.0}},{"type":"Feature","geometry":{"type":"Point","coordinates":[-49.270429,-25.447736]},"properties":{"id":"291758949843164","veg":33.9,"date":"2023-10-05","h":0.0}},{"type":"Feature","geometry":{"type":"Point","coordinates":[-49.270349,-25.447701]},"properties":{"id":"368078159005333","veg":25.0,"date":"2023-10-05","h":0.0}},{"type":"Feature","geometry":{"type":"Point","coordinates":[-49.270675,-25.447853]},"properties":{"id":"3161282700847138","veg":13.8,"date":"2023-10-05","h":0.0}},{"type":"Feature","geometry":{"type":"Point","coordinates":[-49.270516,-25.447774]},"properties":{"id":"652555196924223","veg":27.6,"date":"2023-10-05","h":0.0}},{"type":"Feature","geometry":{"type":"Point","coordinates":[-49.272006,-25.447335]},"properties":{"id":"1662862060889928","veg":18.9,"date":"2023-10-05","h":0.0}},{"type":"Feature","geometry":{"type":"Point","coordinates":[-49.271974,-25.44741]},"properties":{"id":"188598940979518","veg":15.4,"date":"2023-10-05","h":0.0}},{"type":"Feature","geometry":{"type":"Point","coordinates":[-49.27207,-25.447181]},"properties":{"id":"242318268608651","veg":49.5,"date":"2023-10-05","h":0.0}},{"type":"Feature","geometry":{"type":"Point","coordinates":[-49.272041,-25.447255]},"properties":{"id":"1337089963839779","veg":32.8,"date":"2023-10-05","h":0.0}},{"type":"Feature","geometry":{"type":"Point","coordinates":[-49.272084,-25.447165]},"properties":{"id":"186113941218597","veg":48.5,"date":"2023-10-05","h":0.0}},{"type":"Feature","geometry":{"type":"Point","coordinates":[-49.271246,-25.448117]},"properties":{"id":"1301231927224019","veg":23.0,"date":"2023-10-05","h":0.0}},{"type":"Feature","geometry":{"type":"Point","coordinates":[-49.271411,-25.448191]},"properties":{"id":"1757731601335768","veg":15.7,"date":"2023-10-05","h":0.0}},{"type":"Feature","geometry":{"type":"Point","coordinates":[-49.271147,-25.448073]},"properties":{"id":"258986427166600","veg":21.0,"date":"2023-10-05","h":0.0}},{"type":"Feature","geometry":{"type":"Point","coordinates":[-49.271338,-25.44816]},"properties":{"id":"693059202800827","veg":24.1,"date":"2023-10-05","h":0.0}},{"type":"Feature","geometry":{"type":"Point","coordinates":[-49.270952,-25.447985]},"properties":{"id":"2586459148169969","veg":29.2,"date":"2023-10-05","h":0.0}},{"type":"Feature","geometry":{"type":"Point","coordinates":[-49.271054,-25.44803]},"properties":{"id":"727437312046401","veg":11.5,"date":"2023-10-05","h":0.0}},{"type":"Feature","geometry":{"type":"Point","coordinates":[-49.27183,-25.447762]},"properties":{"id":"1819048115181381","veg":9.0,"date":"2023-10-05","h":0.0}},{"type":"Feature","geometry":{"type":"Point","coordinates":[-49.271868,-25.447671]},"properties":{"id":"3533415360204020","veg":23.0,"date":"2023-10-05","h":0.0}},{"type":"Feature","geometry":{"type":"Point","coordinates":[-49.27179,-25.447857]},"properties":{"id":"364382349495881","veg":16.9,"date":"2023-10-05","h":0.0}},{"type":"Feature","geometry":{"type":"Point","coordinates":[-49.271754,-25.447941]},"properties":{"id":"332015026117142","veg":6.8,"date":"2023-10-05","h":0.0}},{"type":"Feature","geometry":{"type":"Point","coordinates":[-49.271936,-25.447501]},"properties":{"id":"702496985148871","veg":18.2,"date":"2023-10-05","h":0.0}},{"type":"Feature","geometry":{"type":"Point","coordinates":[-49.2719,-25.447591]},"properties":{"id":"698882915506750","veg":22.1,"date":"2023-10-05","h":0.0}},{"type":"Feature","geometry":{"type":"Point","coordinates":[-49.271485,-25.448218]},"properties":{"id":"1056332478738279","veg":10.2,"date":"2023-10-05","h":0.0}},{"type":"Feature","geometry":{"type":"Point","coordinates":[-49.271554,-25.448227]},"properties":{"id":"1356481378409062","veg":2.5,"date":"2023-10-05","h":0.0}},{"type":"Feature","geometry":{"type":"Point","coordinates":[-49.271684,-25.448117]},"properties":{"id":"2497100013800716","veg":4.0,"date":"2023-10-05","h":0.0}},{"type":"Feature","geometry":{"type":"Point","coordinates":[-49.271655,-25.448174]},"properties":{"id":"1283448389723684","veg":5.3,"date":"2023-10-05","h":0.0}},{"type":"Feature","geometry":{"type":"Point","coordinates":[-49.271611,-25.448213]},"properties":{"id":"252591941133230","veg":4.8,"date":"2023-10-05","h":0.0}},{"type":"Feature","geometry":{"type":"Point","coordinates":[-49.271717,-25.448033]},"properties":{"id":"891728338968184","veg":21.0,"date":"2023-10-05","h":0.0}},{"type":"Feature","geometry":{"type":"Point","coordinates":[-49.273459,-25.447996]},"properties":{"id":"1516820113145588","veg":11.5,"date":"2026-05-31","h":0.0}},{"type":"Feature","geometry":{"type":"Point","coordinates":[-49.273347,-25.448226]},"properties":{"id":"992771287017737","veg":31.7,"date":"2026-05-31","h":0.0}},{"type":"Feature","geometry":{"type":"Point","coordinates":[-49.273571,-25.447739]},"properties":{"id":"1714014263289452","veg":7.0,"date":"2026-05-31","h":0.0}},{"type":"Feature","geometry":{"type":"Point","coordinates":[-49.265458,-25.445724]},"properties":{"id":"1748618975656398","veg":21.9,"date":"2023-10-05","h":0.0}},{"type":"Feature","geometry":{"type":"Point","coordinates":[-49.262719,-25.44471]},"properties":{"id":"121841264356690","veg":9.4,"date":"2023-10-05","h":0.0}},{"type":"Feature","geometry":{"type":"Point","coordinates":[-49.262991,-25.444781]},"properties":{"id":"1737386900101305","veg":33.6,"date":"2023-10-05","h":0.0}},{"type":"Feature","geometry":{"type":"Point","coordinates":[-49.263214,-25.444839]},"properties":{"id":"271931532512054","veg":19.3,"date":"2023-10-05","h":0.0}},{"type":"Feature","geometry":{"type":"Point","coordinates":[-49.263467,-25.444905]},"properties":{"id":"1492577898187678","veg":32.8,"date":"2023-10-05","h":0.0}},{"type":"Feature","geometry":{"type":"Point","coordinates":[-49.2636,-25.44494]},"properties":{"id":"1073133580769911","veg":40.7,"date":"2023-10-05","h":0.0}},{"type":"Feature","geometry":{"type":"Point","coordinates":[-49.263088,-25.444807]},"properties":{"id":"790795722813092","veg":21.5,"date":"2023-10-05","h":0.0}},{"type":"Feature","geometry":{"type":"Point","coordinates":[-49.262828,-25.444737]},"properties":{"id":"653765496907289","veg":25.0,"date":"2023-10-05","h":0.0}},{"type":"Feature","geometry":{"type":"Point","coordinates":[-49.262902,-25.444756]},"properties":{"id":"875979840870740","veg":19.4,"date":"2023-10-05","h":0.0}},{"type":"Feature","geometry":{"type":"Point","coordinates":[-49.262761,-25.444721]},"properties":{"id":"6232461623520126","veg":19.5,"date":"2023-10-05","h":0.0}},{"type":"Feature","geometry":{"type":"Point","coordinates":[-49.263732,-25.444976]},"properties":{"id":"1715244375631086","veg":39.3,"date":"2023-10-05","h":0.0}},{"type":"Feature","geometry":{"type":"Point","coordinates":[-49.263334,-25.44487]},"properties":{"id":"895214155498027","veg":21.8,"date":"2023-10-05","h":0.0}},{"type":"Feature","geometry":{"type":"Point","coordinates":[-49.263959,-25.44515]},"properties":{"id":"707129467686282","veg":5.8,"date":"2023-10-05","h":0.0}},{"type":"Feature","geometry":{"type":"Point","coordinates":[-49.265178,-25.445614]},"properties":{"id":"594951696045232","veg":6.1,"date":"2023-10-05","h":0.0}},{"type":"Feature","geometry":{"type":"Point","coordinates":[-49.265297,-25.445649]},"properties":{"id":"1044989976626538","veg":9.0,"date":"2023-10-05","h":0.0}},{"type":"Feature","geometry":{"type":"Point","coordinates":[-49.265217,-25.445623]},"properties":{"id":"720106956261001","veg":5.8,"date":"2023-10-05","h":0.0}},{"type":"Feature","geometry":{"type":"Point","coordinates":[-49.264225,-25.445268]},"properties":{"id":"183813521458845","veg":21.6,"date":"2023-10-05","h":0.0}},{"type":"Feature","geometry":{"type":"Point","coordinates":[-49.264338,-25.445302]},"properties":{"id":"304630579121419","veg":20.0,"date":"2023-10-05","h":0.0}},{"type":"Feature","geometry":{"type":"Point","coordinates":[-49.264457,-25.445338]},"properties":{"id":"842705747339813","veg":12.7,"date":"2023-10-05","h":0.0}},{"type":"Feature","geometry":{"type":"Point","coordinates":[-49.265081,-25.445569]},"properties":{"id":"1283861688979169","veg":4.9,"date":"2023-10-05","h":0.0}},{"type":"Feature","geometry":{"type":"Point","coordinates":[-49.26503,-25.445548]},"properties":{"id":"1302515373736646","veg":17.7,"date":"2023-10-05","h":0.0}},{"type":"Feature","geometry":{"type":"Point","coordinates":[-49.264656,-25.445398]},"properties":{"id":"1868639003567587","veg":29.8,"date":"2023-10-05","h":0.0}},{"type":"Feature","geometry":{"type":"Point","coordinates":[-49.26514,-25.445596]},"properties":{"id":"314571421330163","veg":1.8,"date":"2023-10-05","h":0.0}},{"type":"Feature","geometry":{"type":"Point","coordinates":[-49.265111,-25.445582]},"properties":{"id":"309443205180940","veg":2.9,"date":"2023-10-05","h":0.0}},{"type":"Feature","geometry":{"type":"Point","coordinates":[-49.264566,-25.445371]},"properties":{"id":"3751638818399547","veg":6.7,"date":"2023-10-05","h":0.0}},{"type":"Feature","geometry":{"type":"Point","coordinates":[-49.265057,-25.445558]},"properties":{"id":"861989525390213","veg":8.9,"date":"2023-10-05","h":0.0}},{"type":"Feature","geometry":{"type":"Point","coordinates":[-49.267938,-25.446674]},"properties":{"id":"1398424370808064","veg":24.6,"date":"2023-10-05","h":0.0}},{"type":"Feature","geometry":{"type":"Point","coordinates":[-49.267751,-25.446597]},"properties":{"id":"1447649272832890","veg":14.9,"date":"2023-10-05","h":0.0}},{"type":"Feature","geometry":{"type":"Point","coordinates":[-49.268134,-25.446756]},"properties":{"id":"808349774398143","veg":23.1,"date":"2023-10-05","h":0.0}},{"type":"Feature","geometry":{"type":"Point","coordinates":[-49.268037,-25.446715]},"properties":{"id":"874555830950505","veg":20.7,"date":"2023-10-05","h":0.0}},{"type":"Feature","geometry":{"type":"Point","coordinates":[-49.267849,-25.446638]},"properties":{"id":"302684709257919","veg":12.9,"date":"2023-10-05","h":0.0}},{"type":"Feature","geometry":{"type":"Point","coordinates":[-49.266985,-25.446301]},"properties":{"id":"1725140197976535","veg":11.6,"date":"2023-10-05","h":0.0}},{"type":"Feature","geometry":{"type":"Point","coordinates":[-49.267018,-25.446313]},"properties":{"id":"201435953001415","veg":9.8,"date":"2023-10-05","h":0.0}},{"type":"Feature","geometry":{"type":"Point","coordinates":[-49.266894,-25.446267]},"properties":{"id":"258510900176863","veg":25.5,"date":"2023-10-05","h":0.0}},{"type":"Feature","geometry":{"type":"Point","coordinates":[-49.267052,-25.446327]},"properties":{"id":"2802234969916973","veg":8.8,"date":"2023-10-05","h":0.0}},{"type":"Feature","geometry":{"type":"Point","coordinates":[-49.266954,-25.44629]},"properties":{"id":"708419994563875","veg":12.1,"date":"2023-10-05","h":0.0}},{"type":"Feature","geometry":{"type":"Point","coordinates":[-49.266841,-25.446247]},"properties":{"id":"7062840777094948","veg":24.7,"date":"2023-10-05","h":0.0}},{"type":"Feature","geometry":{"type":"Point","coordinates":[-49.267285,-25.446408]},"properties":{"id":"1032360201521627","veg":18.0,"date":"2023-10-05","h":0.0}},{"type":"Feature","geometry":{"type":"Point","coordinates":[-49.267156,-25.446368]},"properties":{"id":"1257218331640970","veg":6.0,"date":"2023-10-05","h":0.0}},{"type":"Feature","geometry":{"type":"Point","coordinates":[-49.267226,-25.446396]},"properties":{"id":"358384120006511","veg":19.4,"date":"2023-10-05","h":0.0}},{"type":"Feature","geometry":{"type":"Point","coordinates":[-49.26745,-25.446476]},"properties":{"id":"341822488547458","veg":8.9,"date":"2023-10-05","h":0.0}},{"type":"Feature","geometry":{"type":"Point","coordinates":[-49.26765,-25.446557]},"properties":{"id":"6937102433002109","veg":19.1,"date":"2023-10-05","h":0.0}},{"type":"Feature","geometry":{"type":"Point","coordinates":[-49.267363,-25.44644]},"properties":{"id":"6471091863002626","veg":14.9,"date":"2023-10-05","h":0.0}},{"type":"Feature","geometry":{"type":"Point","coordinates":[-49.2671,-25.446345]},"properties":{"id":"750960283726050","veg":6.2,"date":"2023-10-05","h":0.0}},{"type":"Feature","geometry":{"type":"Point","coordinates":[-49.267554,-25.446518]},"properties":{"id":"897469318613699","veg":20.6,"date":"2023-10-05","h":0.0}},{"type":"Feature","geometry":{"type":"Point","coordinates":[-49.266632,-25.446165]},"properties":{"id":"1094872221920568","veg":6.4,"date":"2023-10-05","h":0.0}},{"type":"Feature","geometry":{"type":"Point","coordinates":[-49.266545,-25.446133]},"properties":{"id":"1010882533478990","veg":11.5,"date":"2023-10-05","h":0.0}},{"type":"Feature","geometry":{"type":"Point","coordinates":[-49.266461,-25.446101]},"properties":{"id":"1025899615132026","veg":13.4,"date":"2023-10-05","h":0.0}},{"type":"Feature","geometry":{"type":"Point","coordinates":[-49.266381,-25.446072]},"properties":{"id":"252816447802159","veg":11.7,"date":"2023-10-05","h":0.0}},{"type":"Feature","geometry":{"type":"Point","coordinates":[-49.266718,-25.446198]},"properties":{"id":"312006945034003","veg":10.3,"date":"2023-10-05","h":0.0}},{"type":"Feature","geometry":{"type":"Point","coordinates":[-49.266782,-25.446224]},"properties":{"id":"311497278363253","veg":9.8,"date":"2023-10-05","h":0.0}},{"type":"Feature","geometry":{"type":"Point","coordinates":[-49.266194,-25.445998]},"properties":{"id":"1071816400932368","veg":17.7,"date":"2023-10-05","h":0.0}},{"type":"Feature","geometry":{"type":"Point","coordinates":[-49.265769,-25.445835]},"properties":{"id":"367610792374087","veg":32.2,"date":"2023-10-05","h":0.0}},{"type":"Feature","geometry":{"type":"Point","coordinates":[-49.265995,-25.445922]},"properties":{"id":"301941862712994","veg":18.5,"date":"2023-10-05","h":0.0}},{"type":"Feature","geometry":{"type":"Point","coordinates":[-49.2661,-25.445962]},"properties":{"id":"356878156757100","veg":18.0,"date":"2023-10-05","h":0.0}},{"type":"Feature","geometry":{"type":"Point","coordinates":[-49.265881,-25.445877]},"properties":{"id":"3978726342354183","veg":21.3,"date":"2023-10-05","h":0.0}},{"type":"Feature","geometry":{"type":"Point","coordinates":[-49.266294,-25.446038]},"properties":{"id":"871175054306552","veg":12.9,"date":"2023-10-05","h":0.0}},{"type":"Feature","geometry":{"type":"Point","coordinates":[-49.265652,-25.445787]},"properties":{"id":"182842701491228","veg":25.3,"date":"2023-10-05","h":0.0}},{"type":"Feature","geometry":{"type":"Point","coordinates":[-49.265536,-25.44574]},"properties":{"id":"581570784093816","veg":32.0,"date":"2023-10-05","h":0.0}},{"type":"Feature","geometry":{"type":"Point","coordinates":[-49.272848,-25.44933]},"properties":{"id":"2444020532773149","veg":2.5,"date":"2026-05-31","h":0.0}},{"type":"Feature","geometry":{"type":"Point","coordinates":[-49.272982,-25.449033]},"properties":{"id":"926004173791432","veg":6.0,"date":"2026-05-31","h":0.0}},{"type":"Feature","geometry":{"type":"Point","coordinates":[-49.273103,-25.448741]},"properties":{"id":"1510234614069514","veg":4.1,"date":"2026-05-31","h":0.0}},{"type":"Feature","geometry":{"type":"Point","coordinates":[-49.273201,-25.448509]},"properties":{"id":"957132476952354","veg":23.4,"date":"2026-05-31","h":0.0}},{"type":"Feature","geometry":{"type":"Point","coordinates":[-49.272232,-25.450674]},"properties":{"id":"1725351201958384","veg":15.3,"date":"2026-05-31","h":0.0}},{"type":"Feature","geometry":{"type":"Point","coordinates":[-49.272598,-25.449851]},"properties":{"id":"2011012999498264","veg":7.6,"date":"2026-05-31","h":0.0}},{"type":"Feature","geometry":{"type":"Point","coordinates":[-49.27273,-25.44959]},"properties":{"id":"1627299661708999","veg":9.0,"date":"2026-05-31","h":0.0}},{"type":"Feature","geometry":{"type":"Point","coordinates":[-49.272472,-25.450127]},"properties":{"id":"925185767237968","veg":3.9,"date":"2026-05-31","h":0.0}},{"type":"Feature","geometry":{"type":"Point","coordinates":[-49.27235,-25.450398]},"properties":{"id":"839170302184480","veg":24.7,"date":"2026-05-31","h":0.0}},{"type":"Feature","geometry":{"type":"Point","coordinates":[-49.272115,-25.450938]},"properties":{"id":"878282755314384","veg":16.5,"date":"2026-05-31","h":0.0}},{"type":"Feature","geometry":{"type":"Point","coordinates":[-49.271885,-25.451427]},"properties":{"id":"1512481647149330","veg":2.3,"date":"2026-05-31","h":0.0}},{"type":"Feature","geometry":{"type":"Point","coordinates":[-49.271998,-25.451188]},"properties":{"id":"1153700450249341","veg":13.7,"date":"2026-05-31","h":0.0}},{"type":"Feature","geometry":{"type":"Point","coordinates":[-49.271823,-25.451541]},"properties":{"id":"977076531815312","veg":3.0,"date":"2026-05-31","h":0.0}},{"type":"Feature","geometry":{"type":"Point","coordinates":[-49.271723,-25.451763]},"properties":{"id":"1361973095750290","veg":4.3,"date":"2026-05-31","h":0.0}},{"type":"Feature","geometry":{"type":"Point","coordinates":[-49.27161,-25.452016]},"properties":{"id":"1701070767687137","veg":9.0,"date":"2026-05-31","h":0.0}},{"type":"Feature","geometry":{"type":"Point","coordinates":[-49.27127,-25.45277]},"properties":{"id":"1025117450475600","veg":20.2,"date":"2026-05-31","h":0.0}},{"type":"Feature","geometry":{"type":"Point","coordinates":[-49.271145,-25.453047]},"properties":{"id":"1022596873543428","veg":7.7,"date":"2026-05-31","h":0.0}},{"type":"Feature","geometry":{"type":"Point","coordinates":[-49.271387,-25.452515]},"properties":{"id":"1270269871856448","veg":1.7,"date":"2026-05-31","h":0.0}},{"type":"Feature","geometry":{"type":"Point","coordinates":[-49.271492,-25.452272]},"properties":{"id":"1021941736931784","veg":3.8,"date":"2026-05-31","h":0.0}},{"type":"Feature","geometry":{"type":"Point","coordinates":[-49.271041,-25.45329]},"properties":{"id":"1514304187005306","veg":3.1,"date":"2026-05-31","h":0.0}},{"type":"Feature","geometry":{"type":"Point","coordinates":[-49.270927,-25.453561]},"properties":{"id":"1478639290618990","veg":14.5,"date":"2026-05-31","h":0.0}},{"type":"Feature","geometry":{"type":"Point","coordinates":[-49.270872,-25.453676]},"properties":{"id":"1023956903638178","veg":7.7,"date":"2026-05-31","h":0.0}},{"type":"Feature","geometry":{"type":"Point","coordinates":[-49.270823,-25.453777]},"properties":{"id":"1357107979566938","veg":7.0,"date":"2026-05-31","h":0.0}},{"type":"Feature","geometry":{"type":"Point","coordinates":[-49.270781,-25.45386]},"properties":{"id":"1540081921154443","veg":8.5,"date":"2026-05-31","h":0.0}},{"type":"Feature","geometry":{"type":"Point","coordinates":[-49.270584,-25.454226]},"properties":{"id":"1389775686314856","veg":4.6,"date":"2026-05-31","h":0.0}},{"type":"Feature","geometry":{"type":"Point","coordinates":[-49.270636,-25.454122]},"properties":{"id":"858727423919988","veg":12.7,"date":"2026-05-31","h":0.0}},{"type":"Feature","geometry":{"type":"Point","coordinates":[-49.270687,-25.454038]},"properties":{"id":"892360283871834","veg":21.0,"date":"2026-05-31","h":0.0}},{"type":"Feature","geometry":{"type":"Point","coordinates":[-49.270729,-25.453959]},"properties":{"id":"993358356731629","veg":30.9,"date":"2026-05-31","h":0.0}},{"type":"Feature","geometry":{"type":"Point","coordinates":[-49.270606,-25.454182]},"properties":{"id":"982157578125373","veg":6.5,"date":"2026-05-31","h":0.0}},{"type":"Feature","geometry":{"type":"Point","coordinates":[-49.270513,-25.454409]},"properties":{"id":"1316318293352817","veg":10.6,"date":"2026-05-31","h":0.0}},{"type":"Feature","geometry":{"type":"Point","coordinates":[-49.270521,-25.454392]},"properties":{"id":"1371347268139630","veg":10.9,"date":"2026-05-31","h":0.0}},{"type":"Feature","geometry":{"type":"Point","coordinates":[-49.270566,-25.454271]},"properties":{"id":"1890612828565403","veg":6.3,"date":"2026-05-31","h":0.0}},{"type":"Feature","geometry":{"type":"Point","coordinates":[-49.27055,-25.454307]},"properties":{"id":"2109108020041507","veg":8.6,"date":"2026-05-31","h":0.0}},{"type":"Feature","geometry":{"type":"Point","coordinates":[-49.270503,-25.454428]},"properties":{"id":"4085346505100236","veg":9.9,"date":"2026-05-31","h":0.0}},{"type":"Feature","geometry":{"type":"Point","coordinates":[-49.270467,-25.454511]},"properties":{"id":"1000154722561741","veg":11.1,"date":"2026-05-31","h":0.0}},{"type":"Feature","geometry":{"type":"Point","coordinates":[-49.270442,-25.454565]},"properties":{"id":"1352807080078419","veg":9.2,"date":"2026-05-31","h":0.0}},{"type":"Feature","geometry":{"type":"Point","coordinates":[-49.27038,-25.454701]},"properties":{"id":"1542004577293469","veg":24.5,"date":"2026-05-31","h":0.0}},{"type":"Feature","geometry":{"type":"Point","coordinates":[-49.270489,-25.454462]},"properties":{"id":"1681685519526084","veg":10.3,"date":"2026-05-31","h":0.0}},{"type":"Feature","geometry":{"type":"Point","coordinates":[-49.270412,-25.454631]},"properties":{"id":"1664914771504423","veg":18.3,"date":"2026-05-31","h":0.0}},{"type":"Feature","geometry":{"type":"Point","coordinates":[-49.270342,-25.454782]},"properties":{"id":"26988465874171052","veg":31.1,"date":"2026-05-31","h":0.0}},{"type":"Feature","geometry":{"type":"Point","coordinates":[-49.270252,-25.454973]},"properties":{"id":"938490445892907","veg":25.9,"date":"2026-05-31","h":0.0}},{"type":"Feature","geometry":{"type":"Point","coordinates":[-49.270294,-25.454881]},"properties":{"id":"971215959033417","veg":29.4,"date":"2026-05-31","h":0.0}},{"type":"Feature","geometry":{"type":"Point","coordinates":[-49.269945,-25.455627]},"properties":{"id":"1304409955213333","veg":6.4,"date":"2026-05-31","h":0.0}},{"type":"Feature","geometry":{"type":"Point","coordinates":[-49.269999,-25.455509]},"properties":{"id":"2499018253879874","veg":12.9,"date":"2026-05-31","h":0.0}},{"type":"Feature","geometry":{"type":"Point","coordinates":[-49.270051,-25.455397]},"properties":{"id":"973456435476457","veg":20.4,"date":"2026-05-31","h":0.0}},{"type":"Feature","geometry":{"type":"Point","coordinates":[-49.270206,-25.455069]},"properties":{"id":"1027479743016239","veg":25.8,"date":"2026-05-31","h":0.0}},{"type":"Feature","geometry":{"type":"Point","coordinates":[-49.270102,-25.455281]},"properties":{"id":"26923636820663116","veg":20.9,"date":"2026-05-31","h":0.0}},{"type":"Feature","geometry":{"type":"Point","coordinates":[-49.270158,-25.455168]},"properties":{"id":"926459583742700","veg":23.8,"date":"2026-05-31","h":0.0}},{"type":"Feature","geometry":{"type":"Point","coordinates":[-49.269895,-25.455735]},"properties":{"id":"2165349397581667","veg":5.8,"date":"2026-05-31","h":0.0}},{"type":"Feature","geometry":{"type":"Point","coordinates":[-49.269844,-25.455842]},"properties":{"id":"973849731918268","veg":12.9,"date":"2026-05-31","h":0.0}},{"type":"Feature","geometry":{"type":"Point","coordinates":[-49.269731,-25.456054]},"properties":{"id":"1012966144596552","veg":17.1,"date":"2026-05-31","h":0.0}},{"type":"Feature","geometry":{"type":"Point","coordinates":[-49.269786,-25.455956]},"properties":{"id":"1023392363453636","veg":8.3,"date":"2026-05-31","h":0.0}},{"type":"Feature","geometry":{"type":"Point","coordinates":[-49.269631,-25.456228]},"properties":{"id":"1308845238047504","veg":15.6,"date":"2026-05-31","h":0.0}},{"type":"Feature","geometry":{"type":"Point","coordinates":[-49.26959,-25.456308]},"properties":{"id":"1490751352523560","veg":10.4,"date":"2026-05-31","h":0.0}},{"type":"Feature","geometry":{"type":"Point","coordinates":[-49.269677,-25.456147]},"properties":{"id":"1572960127834361","veg":24.6,"date":"2026-05-31","h":0.0}},{"type":"Feature","geometry":{"type":"Point","coordinates":[-49.269421,-25.456663]},"properties":{"id":"1381749973779606","veg":3.2,"date":"2026-05-31","h":0.0}},{"type":"Feature","geometry":{"type":"Point","coordinates":[-49.269335,-25.456842]},"properties":{"id":"28198635826403157","veg":6.0,"date":"2026-05-31","h":0.0}},{"type":"Feature","geometry":{"type":"Point","coordinates":[-49.269464,-25.456573]},"properties":{"id":"1468565568269343","veg":5.3,"date":"2026-05-31","h":0.0}},{"type":"Feature","geometry":{"type":"Point","coordinates":[-49.269507,-25.456483]},"properties":{"id":"1712105373300471","veg":8.1,"date":"2026-05-31","h":0.0}},{"type":"Feature","geometry":{"type":"Point","coordinates":[-49.269375,-25.456759]},"properties":{"id":"1523502582835889","veg":5.8,"date":"2026-05-31","h":0.0}},{"type":"Feature","geometry":{"type":"Point","coordinates":[-49.269548,-25.456396]},"properties":{"id":"979096454765419","veg":14.2,"date":"2026-05-31","h":0.0}},{"type":"Feature","geometry":{"type":"Point","coordinates":[-49.269197,-25.457097]},"properties":{"id":"1549398329932675","veg":7.3,"date":"2026-05-31","h":0.0}},{"type":"Feature","geometry":{"type":"Point","coordinates":[-49.269249,-25.457013]},"properties":{"id":"1825942878370176","veg":4.1,"date":"2026-05-31","h":0.0}},{"type":"Feature","geometry":{"type":"Point","coordinates":[-49.269144,-25.457174]},"properties":{"id":"2184828922360418","veg":9.9,"date":"2026-05-31","h":0.0}},{"type":"Feature","geometry":{"type":"Point","coordinates":[-49.268984,-25.457385]},"properties":{"id":"4445858859068614","veg":20.0,"date":"2026-05-31","h":0.0}},{"type":"Feature","geometry":{"type":"Point","coordinates":[-49.269091,-25.457245]},"properties":{"id":"4577394969145439","veg":9.3,"date":"2026-05-31","h":0.0}},{"type":"Feature","geometry":{"type":"Point","coordinates":[-49.269289,-25.456934]},"properties":{"id":"848852881606211","veg":4.2,"date":"2026-05-31","h":0.0}},{"type":"Feature","geometry":{"type":"Point","coordinates":[-49.269037,-25.457315]},"properties":{"id":"961245650058412","veg":17.1,"date":"2026-05-31","h":0.0}},{"type":"Feature","geometry":{"type":"Point","coordinates":[-49.268538,-25.457969]},"properties":{"id":"1316415644024550","veg":17.5,"date":"2026-05-31","h":0.0}},{"type":"Feature","geometry":{"type":"Point","coordinates":[-49.268513,-25.45801]},"properties":{"id":"1716275122995515","veg":22.6,"date":"2026-05-31","h":0.0}},{"type":"Feature","geometry":{"type":"Point","coordinates":[-49.26845,-25.458126]},"properties":{"id":"1626955151711284","veg":18.6,"date":"2026-05-31","h":0.0}},{"type":"Feature","geometry":{"type":"Point","coordinates":[-49.268472,-25.458083]},"properties":{"id":"1532097841686253","veg":21.0,"date":"2026-05-31","h":0.0}},{"type":"Feature","geometry":{"type":"Point","coordinates":[-49.268572,-25.457918]},"properties":{"id":"1696886274694193","veg":29.5,"date":"2026-05-31","h":0.0}},{"type":"Feature","geometry":{"type":"Point","coordinates":[-49.268484,-25.458061]},"properties":{"id":"1499884448497657","veg":23.4,"date":"2026-05-31","h":0.0}},{"type":"Feature","geometry":{"type":"Point","coordinates":[-49.268838,-25.457574]},"properties":{"id":"2168496687258629","veg":9.2,"date":"2026-05-31","h":0.0}},{"type":"Feature","geometry":{"type":"Point","coordinates":[-49.268652,-25.457807]},"properties":{"id":"1629690378097841","veg":10.7,"date":"2026-05-31","h":0.0}},{"type":"Feature","geometry":{"type":"Point","coordinates":[-49.268701,-25.457747]},"properties":{"id":"2412014765976346","veg":22.8,"date":"2026-05-31","h":0.0}},{"type":"Feature","geometry":{"type":"Point","coordinates":[-49.268881,-25.457518]},"properties":{"id":"2379525379214740","veg":14.9,"date":"2026-05-31","h":0.0}},{"type":"Feature","geometry":{"type":"Point","coordinates":[-49.268746,-25.457692]},"properties":{"id":"2550038088732629","veg":33.7,"date":"2026-05-31","h":0.0}},{"type":"Feature","geometry":{"type":"Point","coordinates":[-49.268793,-25.457632]},"properties":{"id":"861467879746026","veg":29.8,"date":"2026-05-31","h":0.0}},{"type":"Feature","geometry":{"type":"Point","coordinates":[-49.268931,-25.457455]},"properties":{"id":"3942438419395110","veg":24.7,"date":"2026-05-31","h":0.0}},{"type":"Feature","geometry":{"type":"Point","coordinates":[-49.268606,-25.457868]},"properties":{"id":"844868495335981","veg":21.6,"date":"2026-05-31","h":0.0}},{"type":"Feature","geometry":{"type":"Point","coordinates":[-49.267815,-25.459357]},"properties":{"id":"1899329797445484","veg":14.8,"date":"2026-05-31","h":0.0}},{"type":"Feature","geometry":{"type":"Point","coordinates":[-49.267946,-25.459124]},"properties":{"id":"1228695833650099","veg":21.6,"date":"2026-05-31","h":0.0}},{"type":"Feature","geometry":{"type":"Point","coordinates":[-49.268064,-25.458885]},"properties":{"id":"2473780996424212","veg":15.5,"date":"2026-05-31","h":0.0}},{"type":"Feature","geometry":{"type":"Point","coordinates":[-49.268123,-25.458771]},"properties":{"id":"2332245700597769","veg":27.7,"date":"2026-05-31","h":0.0}},{"type":"Feature","geometry":{"type":"Point","coordinates":[-49.268186,-25.458647]},"properties":{"id":"2068956813654770","veg":44.0,"date":"2026-05-31","h":0.0}},{"type":"Feature","geometry":{"type":"Point","coordinates":[-49.267588,-25.459871]},"properties":{"id":"1021097600341262","veg":28.4,"date":"2026-05-31","h":0.0}},{"type":"Feature","geometry":{"type":"Point","coordinates":[-49.267283,-25.460438]},"properties":{"id":"1563249842035143","veg":19.5,"date":"2026-05-31","h":0.0}},{"type":"Feature","geometry":{"type":"Point","coordinates":[-49.26721,-25.460575]},"properties":{"id":"3458539084301666","veg":21.6,"date":"2026-05-31","h":0.0}},{"type":"Feature","geometry":{"type":"Point","coordinates":[-49.26753,-25.459927]},"properties":{"id":"1002201492204042","veg":26.1,"date":"2026-05-31","h":0.0}},{"type":"Feature","geometry":{"type":"Point","coordinates":[-49.267353,-25.460305]},"properties":{"id":"2069069610690206","veg":30.7,"date":"2026-05-31","h":0.0}},{"type":"Feature","geometry":{"type":"Point","coordinates":[-49.267442,-25.46014]},"properties":{"id":"1901652697190936","veg":29.5,"date":"2026-05-31","h":0.0}},{"type":"Feature","geometry":{"type":"Point","coordinates":[-49.267588,-25.459871]},"properties":{"id":"971045592654717","veg":12.8,"date":"2026-05-31","h":0.0}},{"type":"Feature","geometry":{"type":"Point","coordinates":[-49.267043,-25.460887]},"properties":{"id":"2026465524610919","veg":3.6,"date":"2026-05-31","h":0.0}},{"type":"Feature","geometry":{"type":"Point","coordinates":[-49.267152,-25.460686]},"properties":{"id":"1168331952116967","veg":8.3,"date":"2026-05-31","h":0.0}},{"type":"Feature","geometry":{"type":"Point","coordinates":[-49.267094,-25.460794]},"properties":{"id":"1630754558687785","veg":4.9,"date":"2026-05-31","h":0.0}},{"type":"Feature","geometry":{"type":"Point","coordinates":[-49.267008,-25.460987]},"properties":{"id":"1871107163564773","veg":2.5,"date":"2026-05-31","h":0.0}},{"type":"Feature","geometry":{"type":"Point","coordinates":[-49.267023,-25.460959]},"properties":{"id":"1548840540229816","veg":2.8,"date":"2026-05-31","h":0.0}},{"type":"Feature","geometry":{"type":"Point","coordinates":[-49.266982,-25.461035]},"properties":{"id":"1004836439170978","veg":2.3,"date":"2026-05-31","h":0.0}},{"type":"Feature","geometry":{"type":"Point","coordinates":[-49.266937,-25.461119]},"properties":{"id":"1307675610952069","veg":2.6,"date":"2026-05-31","h":0.0}},{"type":"Feature","geometry":{"type":"Point","coordinates":[-49.266893,-25.461203]},"properties":{"id":"2432406203907992","veg":6.6,"date":"2026-05-31","h":0.0}},{"type":"Feature","geometry":{"type":"Point","coordinates":[-49.26678,-25.461424]},"properties":{"id":"1529672922073575","veg":8.7,"date":"2026-05-31","h":0.0}},{"type":"Feature","geometry":{"type":"Point","coordinates":[-49.266836,-25.46131]},"properties":{"id":"2147644042686290","veg":13.6,"date":"2026-05-31","h":0.0}},{"type":"Feature","geometry":{"type":"Point","coordinates":[-49.266653,-25.46165]},"properties":{"id":"1526960969057543","veg":4.8,"date":"2026-05-31","h":0.0}},{"type":"Feature","geometry":{"type":"Point","coordinates":[-49.266585,-25.461772]},"properties":{"id":"2170800767105517","veg":2.8,"date":"2026-05-31","h":0.0}},{"type":"Feature","geometry":{"type":"Point","coordinates":[-49.266295,-25.462306]},"properties":{"id":"1625185141875440","veg":12.9,"date":"2026-05-31","h":0.0}},{"type":"Feature","geometry":{"type":"Point","coordinates":[-49.266169,-25.462519]},"properties":{"id":"1031665056591065","veg":3.1,"date":"2026-05-31","h":0.0}},{"type":"Feature","geometry":{"type":"Point","coordinates":[-49.266247,-25.462389]},"properties":{"id":"2135224903715688","veg":8.2,"date":"2026-05-31","h":0.0}},{"type":"Feature","geometry":{"type":"Point","coordinates":[-49.266205,-25.462461]},"properties":{"id":"1026287099840017","veg":5.6,"date":"2026-05-31","h":0.0}},{"type":"Feature","geometry":{"type":"Point","coordinates":[-49.266349,-25.462208]},"properties":{"id":"2058500668881437","veg":21.0,"date":"2026-05-31","h":0.0}},{"type":"Feature","geometry":{"type":"Point","coordinates":[-49.266524,-25.461886]},"properties":{"id":"1668082397773769","veg":7.1,"date":"2026-05-31","h":0.0}},{"type":"Feature","geometry":{"type":"Point","coordinates":[-49.266456,-25.462013]},"properties":{"id":"2569863446803649","veg":9.9,"date":"2026-05-31","h":0.0}},{"type":"Feature","geometry":{"type":"Point","coordinates":[-49.266071,-25.462683]},"properties":{"id":"1616770607115321","veg":10.9,"date":"2026-05-31","h":0.0}},{"type":"Feature","geometry":{"type":"Point","coordinates":[-49.265899,-25.46302]},"properties":{"id":"1518203936617541","veg":4.6,"date":"2026-05-31","h":0.0}},{"type":"Feature","geometry":{"type":"Point","coordinates":[-49.266397,-25.46212]},"properties":{"id":"2463564894157396","veg":18.6,"date":"2026-05-31","h":0.0}},{"type":"Feature","geometry":{"type":"Point","coordinates":[-49.266128,-25.462585]},"properties":{"id":"872489169208250","veg":6.6,"date":"2026-05-31","h":0.0}},{"type":"Feature","geometry":{"type":"Point","coordinates":[-49.265951,-25.462914]},"properties":{"id":"987521270837685","veg":5.9,"date":"2026-05-31","h":0.0}},{"type":"Feature","geometry":{"type":"Point","coordinates":[-49.268364,-25.458297]},"properties":{"id":"1469137381092696","veg":28.6,"date":"2026-05-31","h":0.0}},{"type":"Feature","geometry":{"type":"Point","coordinates":[-49.268409,-25.458207]},"properties":{"id":"1030207016345200","veg":19.4,"date":"2026-05-31","h":0.0}},{"type":"Feature","geometry":{"type":"Point","coordinates":[-49.2683,-25.458421]},"properties":{"id":"1502607091337043","veg":32.9,"date":"2026-05-31","h":0.0}},{"type":"Feature","geometry":{"type":"Point","coordinates":[-49.268241,-25.458535]},"properties":{"id":"1450670330431520","veg":34.3,"date":"2026-05-31","h":0.0}},{"type":"Feature","geometry":{"type":"Point","coordinates":[-49.284623,-25.453376]},"properties":{"id":"1967451920737895","veg":18.6,"date":"2025-06-07","h":926.4}},{"type":"Feature","geometry":{"type":"Point","coordinates":[-49.284592,-25.453276]},"properties":{"id":"688356237332895","veg":22.1,"date":"2025-06-07","h":926.4}},{"type":"Feature","geometry":{"type":"Point","coordinates":[-49.280103,-25.472835]},"properties":{"id":"1747513605955425","veg":10.7,"date":"2025-10-10","h":924.3}},{"type":"Feature","geometry":{"type":"Point","coordinates":[-49.280299,-25.472911]},"properties":{"id":"1570812547610935","veg":19.1,"date":"2025-10-10","h":924.3}},{"type":"Feature","geometry":{"type":"Point","coordinates":[-49.279954,-25.472777]},"properties":{"id":"1164555522296138","veg":20.5,"date":"2025-10-10","h":924.3}},{"type":"Feature","geometry":{"type":"Point","coordinates":[-49.280195,-25.472871]},"properties":{"id":"1362079535578633","veg":11.8,"date":"2025-10-10","h":924.3}},{"type":"Feature","geometry":{"type":"Point","coordinates":[-49.2799,-25.472756]},"properties":{"id":"1456611085449023","veg":27.4,"date":"2025-10-10","h":924.3}},{"type":"Feature","geometry":{"type":"Point","coordinates":[-49.280019,-25.472803]},"properties":{"id":"838933248596717","veg":16.9,"date":"2025-10-10","h":924.3}},{"type":"Feature","geometry":{"type":"Point","coordinates":[-49.280396,-25.47295]},"properties":{"id":"4328102890754232","veg":13.8,"date":"2025-10-10","h":924.3}},{"type":"Feature","geometry":{"type":"Point","coordinates":[-49.280505,-25.472992]},"properties":{"id":"1157246512542486","veg":13.5,"date":"2025-10-10","h":924.3}},{"type":"Feature","geometry":{"type":"Point","coordinates":[-49.265636,-25.463613]},"properties":{"id":"2539094609826520","veg":1.0,"date":"2026-05-31","h":0.0}},{"type":"Feature","geometry":{"type":"Point","coordinates":[-49.265675,-25.463512]},"properties":{"id":"1005175825390668","veg":2.2,"date":"2026-05-31","h":0.0}},{"type":"Feature","geometry":{"type":"Point","coordinates":[-49.265718,-25.463413]},"properties":{"id":"2223247305084571","veg":6.1,"date":"2026-05-31","h":0.0}},{"type":"Feature","geometry":{"type":"Point","coordinates":[-49.265848,-25.463276]},"properties":{"id":"1040440951855206","veg":6.1,"date":"2026-05-31","h":0.0}},{"type":"Feature","geometry":{"type":"Point","coordinates":[-49.265762,-25.463314]},"properties":{"id":"27900287006225598","veg":6.7,"date":"2026-05-31","h":0.0}},{"type":"Feature","geometry":{"type":"Point","coordinates":[-49.265853,-25.46312]},"properties":{"id":"1396572775564418","veg":11.7,"date":"2026-05-31","h":0.0}},{"type":"Feature","geometry":{"type":"Point","coordinates":[-49.265599,-25.46372]},"properties":{"id":"1017465504147797","veg":1.4,"date":"2026-05-31","h":0.0}},{"type":"Feature","geometry":{"type":"Point","coordinates":[-49.265523,-25.463942]},"properties":{"id":"1000883098996506","veg":6.5,"date":"2026-05-31","h":0.0}},{"type":"Feature","geometry":{"type":"Point","coordinates":[-49.265562,-25.463826]},"properties":{"id":"27132283476388609","veg":2.3,"date":"2026-05-31","h":0.0}},{"type":"Feature","geometry":{"type":"Point","coordinates":[-49.265484,-25.464055]},"properties":{"id":"1526250229038287","veg":6.3,"date":"2026-05-31","h":0.0}},{"type":"Feature","geometry":{"type":"Point","coordinates":[-49.265284,-25.464318]},"properties":{"id":"2202336277269792","veg":4.4,"date":"2026-05-31","h":0.0}},{"type":"Feature","geometry":{"type":"Point","coordinates":[-49.265442,-25.464171]},"properties":{"id":"1525417995878571","veg":12.8,"date":"2026-05-31","h":0.0}},{"type":"Feature","geometry":{"type":"Point","coordinates":[-49.265228,-25.464423]},"properties":{"id":"1694268355329970","veg":5.0,"date":"2026-05-31","h":0.0}},{"type":"Feature","geometry":{"type":"Point","coordinates":[-49.265166,-25.464538]},"properties":{"id":"2063162470930672","veg":3.4,"date":"2026-05-31","h":0.0}},{"type":"Feature","geometry":{"type":"Point","coordinates":[-49.264387,-25.465997]},"properties":{"id":"1443702587582334","veg":2.4,"date":"2026-05-31","h":0.0}},{"type":"Feature","geometry":{"type":"Point","coordinates":[-49.264309,-25.46614]},"properties":{"id":"1669128167473722","veg":1.0,"date":"2026-05-31","h":0.0}},{"type":"Feature","geometry":{"type":"Point","coordinates":[-49.264277,-25.466205]},"properties":{"id":"1326084269484228","veg":0.8,"date":"2026-05-31","h":0.0}},{"type":"Feature","geometry":{"type":"Point","coordinates":[-49.264358,-25.466049]},"properties":{"id":"1705811337219947","veg":1.8,"date":"2026-05-31","h":0.0}},{"type":"Feature","geometry":{"type":"Point","coordinates":[-49.264336,-25.46609]},"properties":{"id":"3866953793447823","veg":1.5,"date":"2026-05-31","h":0.0}},{"type":"Feature","geometry":{"type":"Point","coordinates":[-49.26445,-25.465878]},"properties":{"id":"3651090125039214","veg":4.0,"date":"2026-05-31","h":0.0}},{"type":"Feature","geometry":{"type":"Point","coordinates":[-49.26442,-25.465935]},"properties":{"id":"3229325570571918","veg":3.7,"date":"2026-05-31","h":0.0}},{"type":"Feature","geometry":{"type":"Point","coordinates":[-49.264489,-25.465807]},"properties":{"id":"1524339405910417","veg":12.0,"date":"2026-05-31","h":0.0}},{"type":"Feature","geometry":{"type":"Point","coordinates":[-49.26417,-25.466493]},"properties":{"id":"1347730453932840","veg":2.9,"date":"2026-05-31","h":0.0}},{"type":"Feature","geometry":{"type":"Point","coordinates":[-49.264235,-25.466303]},"properties":{"id":"2025539438173019","veg":6.5,"date":"2026-05-31","h":0.0}},{"type":"Feature","geometry":{"type":"Point","coordinates":[-49.264152,-25.466587]},"properties":{"id":"27270121342583237","veg":5.6,"date":"2026-05-31","h":0.0}},{"type":"Feature","geometry":{"type":"Point","coordinates":[-49.264201,-25.466397]},"properties":{"id":"846333301862498","veg":3.2,"date":"2026-05-31","h":0.0}},{"type":"Feature","geometry":{"type":"Point","coordinates":[-49.264152,-25.466766]},"properties":{"id":"879450938513610","veg":2.1,"date":"2026-05-31","h":0.0}},{"type":"Feature","geometry":{"type":"Point","coordinates":[-49.264146,-25.466679]},"properties":{"id":"855896734250477","veg":3.8,"date":"2026-05-31","h":0.0}},{"type":"Feature","geometry":{"type":"Point","coordinates":[-49.264528,-25.465737]},"properties":{"id":"980792954716361","veg":13.5,"date":"2026-05-31","h":0.0}},{"type":"Feature","geometry":{"type":"Point","coordinates":[-49.264569,-25.465662]},"properties":{"id":"950279461108573","veg":1.3,"date":"2026-05-31","h":0.0}},{"type":"Feature","geometry":{"type":"Point","coordinates":[-49.264019,-25.467878]},"properties":{"id":"1903425193707059","veg":20.1,"date":"2026-05-31","h":0.0}},{"type":"Feature","geometry":{"type":"Point","coordinates":[-49.264059,-25.467791]},"properties":{"id":"1643215397164994","veg":14.8,"date":"2026-05-31","h":0.0}},{"type":"Feature","geometry":{"type":"Point","coordinates":[-49.264106,-25.467689]},"properties":{"id":"1713946213134383","veg":13.8,"date":"2026-05-31","h":0.0}},{"type":"Feature","geometry":{"type":"Point","coordinates":[-49.264219,-25.467267]},"properties":{"id":"1557322549249626","veg":1.5,"date":"2026-05-31","h":0.0}},{"type":"Feature","geometry":{"type":"Point","coordinates":[-49.264199,-25.467086]},"properties":{"id":"1280994080743223","veg":4.2,"date":"2026-05-31","h":0.0}},{"type":"Feature","geometry":{"type":"Point","coordinates":[-49.264214,-25.467216]},"properties":{"id":"1469335181187789","veg":1.8,"date":"2026-05-31","h":0.0}},{"type":"Feature","geometry":{"type":"Point","coordinates":[-49.264211,-25.467359]},"properties":{"id":"1336382638419594","veg":4.4,"date":"2026-05-31","h":0.0}},{"type":"Feature","geometry":{"type":"Point","coordinates":[-49.264185,-25.467013]},"properties":{"id":"1513392700434018","veg":4.8,"date":"2026-05-31","h":0.0}},{"type":"Feature","geometry":{"type":"Point","coordinates":[-49.264162,-25.466857]},"properties":{"id":"1688428852435176","veg":1.2,"date":"2026-05-31","h":0.0}},{"type":"Feature","geometry":{"type":"Point","coordinates":[-49.264208,-25.467155]},"properties":{"id":"36085199007793597","veg":3.5,"date":"2026-05-31","h":0.0}},{"type":"Feature","geometry":{"type":"Point","coordinates":[-49.264149,-25.46759]},"properties":{"id":"1524606025882665","veg":19.7,"date":"2026-05-31","h":0.0}},{"type":"Feature","geometry":{"type":"Point","coordinates":[-49.264183,-25.467494]},"properties":{"id":"1333624082202089","veg":14.6,"date":"2026-05-31","h":0.0}},{"type":"Feature","geometry":{"type":"Point","coordinates":[-49.264173,-25.466936]},"properties":{"id":"947613424942560","veg":2.7,"date":"2026-05-31","h":0.0}},{"type":"Feature","geometry":{"type":"Point","coordinates":[-49.264217,-25.46731]},"properties":{"id":"998062779378622","veg":2.2,"date":"2026-05-31","h":0.0}},{"type":"Feature","geometry":{"type":"Point","coordinates":[-49.264201,-25.467418]},"properties":{"id":"828823276687727","veg":1.9,"date":"2026-05-31","h":0.0}},{"type":"Feature","geometry":{"type":"Point","coordinates":[-49.263882,-25.468131]},"properties":{"id":"36526437040280473","veg":5.7,"date":"2026-05-31","h":0.0}},{"type":"Feature","geometry":{"type":"Point","coordinates":[-49.263804,-25.468298]},"properties":{"id":"1414183660468156","veg":5.7,"date":"2026-05-31","h":0.0}},{"type":"Feature","geometry":{"type":"Point","coordinates":[-49.263736,-25.468443]},"properties":{"id":"1530984031732945","veg":2.3,"date":"2026-05-31","h":0.0}},{"type":"Feature","geometry":{"type":"Point","coordinates":[-49.263769,-25.468371]},"properties":{"id":"1745041993188523","veg":3.3,"date":"2026-05-31","h":0.0}},{"type":"Feature","geometry":{"type":"Point","coordinates":[-49.263842,-25.468218]},"properties":{"id":"4363843950598804","veg":10.1,"date":"2026-05-31","h":0.0}},{"type":"Feature","geometry":{"type":"Point","coordinates":[-49.263675,-25.468576]},"properties":{"id":"1707412160381611","veg":1.7,"date":"2026-05-31","h":0.0}},{"type":"Feature","geometry":{"type":"Point","coordinates":[-49.26358,-25.468781]},"properties":{"id":"1760387611761524","veg":4.3,"date":"2026-05-31","h":0.0}},{"type":"Feature","geometry":{"type":"Point","coordinates":[-49.263566,-25.468813]},"properties":{"id":"1806977640679716","veg":6.6,"date":"2026-05-31","h":0.0}},{"type":"Feature","geometry":{"type":"Point","coordinates":[-49.263476,-25.468999]},"properties":{"id":"1886881951997653","veg":10.1,"date":"2026-05-31","h":0.0}},{"type":"Feature","geometry":{"type":"Point","coordinates":[-49.263544,-25.468859]},"properties":{"id":"1690296402183050","veg":10.1,"date":"2026-05-31","h":0.0}},{"type":"Feature","geometry":{"type":"Point","coordinates":[-49.263591,-25.468757]},"properties":{"id":"2286421898832986","veg":2.7,"date":"2026-05-31","h":0.0}},{"type":"Feature","geometry":{"type":"Point","coordinates":[-49.263702,-25.468517]},"properties":{"id":"3455117624648759","veg":1.7,"date":"2026-05-31","h":0.0}},{"type":"Feature","geometry":{"type":"Point","coordinates":[-49.263626,-25.46868]},"properties":{"id":"832063026302383","veg":5.6,"date":"2026-05-31","h":0.0}},{"type":"Feature","geometry":{"type":"Point","coordinates":[-49.263512,-25.468924]},"properties":{"id":"989493356772191","veg":12.2,"date":"2026-05-31","h":0.0}},{"type":"Feature","geometry":{"type":"Point","coordinates":[-49.263434,-25.469087]},"properties":{"id":"1000900669470339","veg":6.6,"date":"2026-05-31","h":0.0}},{"type":"Feature","geometry":{"type":"Point","coordinates":[-49.263348,-25.469274]},"properties":{"id":"1890922944919226","veg":5.9,"date":"2026-05-31","h":0.0}},{"type":"Feature","geometry":{"type":"Point","coordinates":[-49.263391,-25.46918]},"properties":{"id":"1659278675339584","veg":7.9,"date":"2026-05-31","h":0.0}},{"type":"Feature","geometry":{"type":"Point","coordinates":[-49.263259,-25.469472]},"properties":{"id":"1294419009507866","veg":3.4,"date":"2026-05-31","h":0.0}},{"type":"Feature","geometry":{"type":"Point","coordinates":[-49.263304,-25.469371]},"properties":{"id":"1015519524147583","veg":10.8,"date":"2026-05-31","h":0.0}},{"type":"Feature","geometry":{"type":"Point","coordinates":[-49.262948,-25.470005]},"properties":{"id":"1000487185656893","veg":1.7,"date":"2026-05-31","h":0.0}},{"type":"Feature","geometry":{"type":"Point","coordinates":[-49.263175,-25.469657]},"properties":{"id":"1311719913750335","veg":8.1,"date":"2026-05-31","h":0.0}},{"type":"Feature","geometry":{"type":"Point","coordinates":[-49.263122,-25.469771]},"properties":{"id":"1318811766863833","veg":7.8,"date":"2026-05-31","h":0.0}},{"type":"Feature","geometry":{"type":"Point","coordinates":[-49.263074,-25.469856]},"properties":{"id":"1690944705250944","veg":4.2,"date":"2026-05-31","h":0.0}},{"type":"Feature","geometry":{"type":"Point","coordinates":[-49.263014,-25.469937]},"properties":{"id":"1573179748140477","veg":2.4,"date":"2026-05-31","h":0.0}},{"type":"Feature","geometry":{"type":"Point","coordinates":[-49.263217,-25.469563]},"properties":{"id":"4390501721238846","veg":9.4,"date":"2026-05-31","h":0.0}},{"type":"Feature","geometry":{"type":"Point","coordinates":[-49.262871,-25.470067]},"properties":{"id":"1503359614572705","veg":8.1,"date":"2026-05-31","h":0.0}},{"type":"Feature","geometry":{"type":"Point","coordinates":[-49.262782,-25.470132]},"properties":{"id":"1999405397617298","veg":20.6,"date":"2026-05-31","h":0.0}},{"type":"Feature","geometry":{"type":"Point","coordinates":[-49.262892,-25.480459]},"properties":{"id":"1641764450271357","veg":13.7,"date":"2026-05-31","h":0.0}},{"type":"Feature","geometry":{"type":"Point","coordinates":[-49.263101,-25.480686]},"properties":{"id":"1555535045938030","veg":13.5,"date":"2026-05-31","h":0.0}},{"type":"Feature","geometry":{"type":"Point","coordinates":[-49.263278,-25.48097]},"properties":{"id":"986398710555763","veg":8.0,"date":"2026-05-31","h":0.0}},{"type":"Feature","geometry":{"type":"Point","coordinates":[-49.263468,-25.481235]},"properties":{"id":"2357139714697388","veg":12.9,"date":"2026-05-31","h":0.0}},{"type":"Feature","geometry":{"type":"Point","coordinates":[-49.263679,-25.48149]},"properties":{"id":"1643124303579158","veg":23.4,"date":"2026-05-31","h":0.0}},{"type":"Feature","geometry":{"type":"Point","coordinates":[-49.263882,-25.48175]},"properties":{"id":"906059655226749","veg":11.6,"date":"2026-05-31","h":0.0}},{"type":"Feature","geometry":{"type":"Point","coordinates":[-49.26408,-25.481993]},"properties":{"id":"982673294469237","veg":12.3,"date":"2026-05-31","h":0.0}},{"type":"Feature","geometry":{"type":"Point","coordinates":[-49.264789,-25.482768]},"properties":{"id":"2298178094045086","veg":12.6,"date":"2026-05-31","h":0.0}},{"type":"Feature","geometry":{"type":"Point","coordinates":[-49.264282,-25.48224]},"properties":{"id":"1002853515612933","veg":22.0,"date":"2026-05-31","h":0.0}},{"type":"Feature","geometry":{"type":"Point","coordinates":[-49.264553,-25.482591]},"properties":{"id":"3998539283779151","veg":26.8,"date":"2026-05-31","h":0.0}},{"type":"Feature","geometry":{"type":"Point","coordinates":[-49.280923,-25.473157]},"properties":{"id":"1557577588583517","veg":5.7,"date":"2025-10-10","h":924.3}},{"type":"Feature","geometry":{"type":"Point","coordinates":[-49.280713,-25.473074]},"properties":{"id":"1893090348297491","veg":6.8,"date":"2025-10-10","h":924.3}},{"type":"Feature","geometry":{"type":"Point","coordinates":[-49.280823,-25.473119]},"properties":{"id":"804185478993264","veg":4.3,"date":"2025-10-10","h":924.3}},{"type":"Feature","geometry":{"type":"Point","coordinates":[-49.281907,-25.473534]},"properties":{"id":"1316534886821568","veg":5.8,"date":"2025-10-10","h":924.6}},{"type":"Feature","geometry":{"type":"Point","coordinates":[-49.280611,-25.473036]},"properties":{"id":"823553180224358","veg":12.8,"date":"2025-10-10","h":924.3}},{"type":"Feature","geometry":{"type":"Point","coordinates":[-49.281723,-25.473459]},"properties":{"id":"1155060259464774","veg":19.1,"date":"2025-10-10","h":924.6}},{"type":"Feature","geometry":{"type":"Point","coordinates":[-49.281773,-25.47348]},"properties":{"id":"860953323366799","veg":10.5,"date":"2025-10-10","h":924.6}},{"type":"Feature","geometry":{"type":"Point","coordinates":[-49.281675,-25.47344]},"properties":{"id":"877308191499172","veg":13.8,"date":"2025-10-10","h":924.3}},{"type":"Feature","geometry":{"type":"Point","coordinates":[-49.281839,-25.473506]},"properties":{"id":"752207657843826","veg":10.1,"date":"2025-10-10","h":924.6}},{"type":"Feature","geometry":{"type":"Point","coordinates":[-49.281227,-25.47327]},"properties":{"id":"681175774674174","veg":9.9,"date":"2025-10-10","h":924.3}},{"type":"Feature","geometry":{"type":"Point","coordinates":[-49.281324,-25.473305]},"properties":{"id":"1343683190880596","veg":5.5,"date":"2025-10-10","h":924.3}},{"type":"Feature","geometry":{"type":"Point","coordinates":[-49.2816,-25.473411]},"properties":{"id":"1490599385531529","veg":21.9,"date":"2025-10-10","h":924.3}},{"type":"Feature","geometry":{"type":"Point","coordinates":[-49.281509,-25.473375]},"properties":{"id":"753942321005815","veg":13.7,"date":"2025-10-10","h":924.3}},{"type":"Feature","geometry":{"type":"Point","coordinates":[-49.281021,-25.473194]},"properties":{"id":"25404369045854657","veg":9.5,"date":"2025-10-10","h":924.3}},{"type":"Feature","geometry":{"type":"Point","coordinates":[-49.281126,-25.473233]},"properties":{"id":"1137305831949618","veg":7.2,"date":"2025-10-10","h":924.3}},{"type":"Feature","geometry":{"type":"Point","coordinates":[-49.28142,-25.473341]},"properties":{"id":"803131289369383","veg":8.2,"date":"2025-10-10","h":924.3}},{"type":"Feature","geometry":{"type":"Point","coordinates":[-49.273628,-25.48914]},"properties":{"id":"1394879921631811","veg":12.6,"date":"2025-06-06","h":926.5}},{"type":"Feature","geometry":{"type":"Point","coordinates":[-49.273892,-25.48947]},"properties":{"id":"3097235750463312","veg":9.9,"date":"2025-06-06","h":926.5}},{"type":"Feature","geometry":{"type":"Point","coordinates":[-49.273761,-25.489306]},"properties":{"id":"1502027723968524","veg":6.2,"date":"2025-06-06","h":926.5}},{"type":"Feature","geometry":{"type":"Point","coordinates":[-49.273828,-25.48939]},"properties":{"id":"553161484531447","veg":10.8,"date":"2025-06-06","h":926.5}},{"type":"Feature","geometry":{"type":"Point","coordinates":[-49.273688,-25.489216]},"properties":{"id":"1232925598542416","veg":9.8,"date":"2025-06-06","h":926.5}},{"type":"Feature","geometry":{"type":"Point","coordinates":[-49.274159,-25.489805]},"properties":{"id":"1200087998264546","veg":24.1,"date":"2025-06-06","h":926.5}},{"type":"Feature","geometry":{"type":"Point","coordinates":[-49.274223,-25.489885]},"properties":{"id":"1231846078647981","veg":24.0,"date":"2025-06-06","h":926.5}},{"type":"Feature","geometry":{"type":"Point","coordinates":[-49.274355,-25.490057]},"properties":{"id":"1258378402380682","veg":20.4,"date":"2025-06-06","h":926.5}},{"type":"Feature","geometry":{"type":"Point","coordinates":[-49.274413,-25.490132]},"properties":{"id":"1591563868178681","veg":30.1,"date":"2025-06-06","h":926.5}},{"type":"Feature","geometry":{"type":"Point","coordinates":[-49.274527,-25.490277]},"properties":{"id":"1345034136591438","veg":37.6,"date":"2025-06-06","h":926.5}},{"type":"Feature","geometry":{"type":"Point","coordinates":[-49.274468,-25.490204]},"properties":{"id":"767771619256107","veg":30.9,"date":"2025-06-06","h":926.5}},{"type":"Feature","geometry":{"type":"Point","coordinates":[-49.274291,-25.489974]},"properties":{"id":"999043775553010","veg":15.5,"date":"2025-06-06","h":926.5}},{"type":"Feature","geometry":{"type":"Point","coordinates":[-49.274576,-25.490339]},"properties":{"id":"686578280666262","veg":40.7,"date":"2025-06-06","h":926.5}},{"type":"Feature","geometry":{"type":"Point","coordinates":[-49.274632,-25.490407]},"properties":{"id":"686948387563123","veg":39.8,"date":"2025-06-06","h":926.5}},{"type":"Feature","geometry":{"type":"Point","coordinates":[-49.275058,-25.490898]},"properties":{"id":"998704082061145","veg":17.9,"date":"2025-06-06","h":933.4}},{"type":"Feature","geometry":{"type":"Point","coordinates":[-49.275131,-25.490977]},"properties":{"id":"23945347388482077","veg":10.3,"date":"2025-06-06","h":933.4}},{"type":"Feature","geometry":{"type":"Point","coordinates":[-49.275208,-25.49106]},"properties":{"id":"730628826113907","veg":7.9,"date":"2025-06-06","h":933.4}},{"type":"Feature","geometry":{"type":"Point","coordinates":[-49.27538,-25.491244]},"properties":{"id":"1056995723030017","veg":18.4,"date":"2025-06-06","h":933.4}},{"type":"Feature","geometry":{"type":"Point","coordinates":[-49.275294,-25.491152]},"properties":{"id":"1027195759604260","veg":20.9,"date":"2025-06-06","h":933.4}},{"type":"Feature","geometry":{"type":"Point","coordinates":[-49.275463,-25.491334]},"properties":{"id":"1656244485080866","veg":16.5,"date":"2025-06-06","h":933.4}},{"type":"Feature","geometry":{"type":"Point","coordinates":[-49.27468,-25.490471]},"properties":{"id":"1207470790606312","veg":40.4,"date":"2025-06-06","h":926.5}},{"type":"Feature","geometry":{"type":"Point","coordinates":[-49.274769,-25.490584]},"properties":{"id":"1077093704267448","veg":38.9,"date":"2025-06-06","h":926.5}},{"type":"Feature","geometry":{"type":"Point","coordinates":[-49.274729,-25.490534]},"properties":{"id":"683347137798511","veg":38.2,"date":"2025-06-06","h":926.5}},{"type":"Feature","geometry":{"type":"Point","coordinates":[-49.27494,-25.490771]},"properties":{"id":"24093553936943569","veg":21.2,"date":"2025-06-06","h":933.4}},{"type":"Feature","geometry":{"type":"Point","coordinates":[-49.2748,-25.490624]},"properties":{"id":"1309638567214056","veg":40.0,"date":"2025-06-06","h":933.4}},{"type":"Feature","geometry":{"type":"Point","coordinates":[-49.274906,-25.490734]},"properties":{"id":"1064637175551752","veg":30.2,"date":"2025-06-06","h":933.4}},{"type":"Feature","geometry":{"type":"Point","coordinates":[-49.274872,-25.490698]},"properties":{"id":"1006373994814424","veg":36.1,"date":"2025-06-06","h":933.4}},{"type":"Feature","geometry":{"type":"Point","coordinates":[-49.274989,-25.490823]},"properties":{"id":"1459957738604354","veg":17.5,"date":"2025-06-06","h":933.4}},{"type":"Feature","geometry":{"type":"Point","coordinates":[-49.274842,-25.490667]},"properties":{"id":"963465995733082","veg":37.9,"date":"2025-06-06","h":933.4}},{"type":"Feature","geometry":{"type":"Point","coordinates":[-49.276535,-25.492465]},"properties":{"id":"1221785956021974","veg":18.6,"date":"2025-06-06","h":933.4}},{"type":"Feature","geometry":{"type":"Point","coordinates":[-49.276365,-25.492293]},"properties":{"id":"24628691566720587","veg":14.1,"date":"2025-06-06","h":933.4}},{"type":"Feature","geometry":{"type":"Point","coordinates":[-49.276449,-25.492377]},"properties":{"id":"729813029992856","veg":13.9,"date":"2025-06-06","h":933.4}},{"type":"Feature","geometry":{"type":"Point","coordinates":[-49.276015,-25.49192]},"properties":{"id":"760204439662578","veg":18.2,"date":"2025-06-06","h":933.4}},{"type":"Feature","geometry":{"type":"Point","coordinates":[-49.275927,-25.491823]},"properties":{"id":"575061671967526","veg":22.0,"date":"2025-06-06","h":933.4}},{"type":"Feature","geometry":{"type":"Point","coordinates":[-49.275829,-25.491719]},"properties":{"id":"1037258811894215","veg":26.4,"date":"2025-06-06","h":933.4}},{"type":"Feature","geometry":{"type":"Point","coordinates":[-49.276104,-25.492017]},"properties":{"id":"728979949471666","veg":17.6,"date":"2025-06-06","h":933.4}},{"type":"Feature","geometry":{"type":"Point","coordinates":[-49.276285,-25.492207]},"properties":{"id":"1069354491791883","veg":12.7,"date":"2025-06-06","h":933.4}},{"type":"Feature","geometry":{"type":"Point","coordinates":[-49.276193,-25.492111]},"properties":{"id":"725206720017100","veg":16.2,"date":"2025-06-06","h":933.4}},{"type":"Feature","geometry":{"type":"Point","coordinates":[-49.276702,-25.492638]},"properties":{"id":"1407772223568218","veg":17.8,"date":"2025-06-06","h":933.4}},{"type":"Feature","geometry":{"type":"Point","coordinates":[-49.276617,-25.49255]},"properties":{"id":"742812841594091","veg":21.9,"date":"2025-06-06","h":933.4}},{"type":"Feature","geometry":{"type":"Point","coordinates":[-49.276788,-25.492726]},"properties":{"id":"4053478928263095","veg":11.9,"date":"2025-06-06","h":933.4}},{"type":"Feature","geometry":{"type":"Point","coordinates":[-49.276876,-25.492816]},"properties":{"id":"685649994319001","veg":7.8,"date":"2025-06-06","h":933.4}},{"type":"Feature","geometry":{"type":"Point","coordinates":[-49.281677,-25.492434]},"properties":{"id":"1440750910455185","veg":4.2,"date":"2025-06-06","h":931.3}},{"type":"Feature","geometry":{"type":"Point","coordinates":[-49.281707,-25.492439]},"properties":{"id":"1459777971852177","veg":14.0,"date":"2025-06-06","h":927.5}},{"type":"Feature","geometry":{"type":"Point","coordinates":[-49.281773,-25.49237]},"properties":{"id":"1797320304501849","veg":5.6,"date":"2025-06-06","h":931.3}},{"type":"Feature","geometry":{"type":"Point","coordinates":[-49.281645,-25.49248]},"properties":{"id":"702266425731886","veg":19.8,"date":"2025-06-06","h":927.5}},{"type":"Feature","geometry":{"type":"Point","coordinates":[-49.281825,-25.49236]},"properties":{"id":"575704392246713","veg":7.5,"date":"2025-06-06","h":927.5}},{"type":"Feature","geometry":{"type":"Point","coordinates":[-49.281773,-25.492395]},"properties":{"id":"756904903466481","veg":8.3,"date":"2025-06-06","h":927.5}},{"type":"Feature","geometry":{"type":"Point","coordinates":[-49.281872,-25.492326]},"properties":{"id":"877190727940225","veg":10.5,"date":"2025-06-06","h":927.5}},{"type":"Feature","geometry":{"type":"Point","coordinates":[-49.281223,-25.49277]},"properties":{"id":"1059583339441925","veg":2.6,"date":"2025-06-06","h":927.5}},{"type":"Feature","geometry":{"type":"Point","coordinates":[-49.281142,-25.492821]},"properties":{"id":"1423287272022253","veg":4.0,"date":"2025-06-06","h":927.5}},{"type":"Feature","geometry":{"type":"Point","coordinates":[-49.281101,-25.492763]},"properties":{"id":"1258281939261827","veg":8.2,"date":"2025-06-06","h":931.3}},{"type":"Feature","geometry":{"type":"Point","coordinates":[-49.28101,-25.492843]},"properties":{"id":"2141468349689831","veg":6.1,"date":"2025-06-06","h":931.3}},{"type":"Feature","geometry":{"type":"Point","coordinates":[-49.281183,-25.492685]},"properties":{"id":"9683011331808368","veg":14.5,"date":"2025-06-06","h":931.3}},{"type":"Feature","geometry":{"type":"Point","coordinates":[-49.281394,-25.492635]},"properties":{"id":"1361455878494744","veg":4.3,"date":"2025-06-06","h":931.3}},{"type":"Feature","geometry":{"type":"Point","coordinates":[-49.281579,-25.492526]},"properties":{"id":"1212669720016852","veg":17.1,"date":"2025-06-06","h":927.5}},{"type":"Feature","geometry":{"type":"Point","coordinates":[-49.281447,-25.492617]},"properties":{"id":"4013444908902285","veg":1.2,"date":"2025-06-06","h":927.5}},{"type":"Feature","geometry":{"type":"Point","coordinates":[-49.281375,-25.492667]},"properties":{"id":"3794254440865368","veg":1.7,"date":"2025-06-06","h":927.5}},{"type":"Feature","geometry":{"type":"Point","coordinates":[-49.281514,-25.492571]},"properties":{"id":"1849294405863934","veg":2.6,"date":"2025-06-06","h":927.5}},{"type":"Feature","geometry":{"type":"Point","coordinates":[-49.281571,-25.492496]},"properties":{"id":"736710765705650","veg":3.2,"date":"2025-06-06","h":931.3}},{"type":"Feature","geometry":{"type":"Point","coordinates":[-49.281476,-25.49257]},"properties":{"id":"2104167886724509","veg":7.9,"date":"2025-06-06","h":931.3}},{"type":"Feature","geometry":{"type":"Point","coordinates":[-49.281275,-25.492618]},"properties":{"id":"1883839579130812","veg":6.6,"date":"2025-06-06","h":931.3}},{"type":"Feature","geometry":{"type":"Point","coordinates":[-49.281299,-25.492718]},"properties":{"id":"707921642178088","veg":2.5,"date":"2025-06-06","h":927.5}},{"type":"Feature","geometry":{"type":"Point","coordinates":[-49.282093,-25.492415]},"properties":{"id":"643576645374178","veg":2.8,"date":"2025-06-06","h":928.1}},{"type":"Feature","geometry":{"type":"Point","coordinates":[-49.282154,-25.4925]},"properties":{"id":"1876119969840624","veg":9.3,"date":"2025-06-06","h":930.2}},{"type":"Feature","geometry":{"type":"Point","coordinates":[-49.282066,-25.492375]},"properties":{"id":"1001202728842268","veg":2.0,"date":"2025-06-06","h":928.1}},{"type":"Feature","geometry":{"type":"Point","coordinates":[-49.282212,-25.492583]},"properties":{"id":"1238398887950803","veg":24.2,"date":"2025-06-06","h":930.2}},{"type":"Feature","geometry":{"type":"Point","coordinates":[-49.282123,-25.492457]},"properties":{"id":"1243021444278103","veg":6.4,"date":"2025-06-06","h":928.1}},{"type":"Feature","geometry":{"type":"Point","coordinates":[-49.282195,-25.492559]},"properties":{"id":"689699907103282","veg":17.7,"date":"2025-06-06","h":930.2}},{"type":"Feature","geometry":{"type":"Point","coordinates":[-49.282011,-25.492305]},"properties":{"id":"1780811702842297","veg":1.3,"date":"2025-06-06","h":928.1}},{"type":"Feature","geometry":{"type":"Point","coordinates":[-49.282043,-25.492342]},"properties":{"id":"2188219998362879","veg":1.8,"date":"2025-06-06","h":928.1}},{"type":"Feature","geometry":{"type":"Point","coordinates":[-49.282156,-25.492104]},"properties":{"id":"1788419262018208","veg":1.2,"date":"2025-06-06","h":931.3}},{"type":"Feature","geometry":{"type":"Point","coordinates":[-49.282238,-25.492045]},"properties":{"id":"739396538594852","veg":1.8,"date":"2025-06-06","h":931.3}},{"type":"Feature","geometry":{"type":"Point","coordinates":[-49.282071,-25.492167]},"properties":{"id":"706709932313999","veg":0.7,"date":"2025-06-06","h":931.3}},{"type":"Feature","geometry":{"type":"Point","coordinates":[-49.281966,-25.492289]},"properties":{"id":"739302828513395","veg":2.3,"date":"2025-06-06","h":928.1}},{"type":"Feature","geometry":{"type":"Point","coordinates":[-49.282304,-25.492006]},"properties":{"id":"1652047568847570","veg":1.8,"date":"2025-06-06","h":931.3}},{"type":"Feature","geometry":{"type":"Point","coordinates":[-49.28198,-25.492236]},"properties":{"id":"954165073351643","veg":5.4,"date":"2025-06-06","h":931.3}},{"type":"Feature","geometry":{"type":"Point","coordinates":[-49.282423,-25.492013]},"properties":{"id":"1757877568135377","veg":12.5,"date":"2025-06-06","h":931.3}},{"type":"Feature","geometry":{"type":"Point","coordinates":[-49.281918,-25.492297]},"properties":{"id":"741766841849817","veg":5.9,"date":"2025-06-06","h":928.1}},{"type":"Feature","geometry":{"type":"Point","coordinates":[-49.282451,-25.49204]},"properties":{"id":"1203950607720573","veg":14.7,"date":"2025-06-06","h":931.3}},{"type":"Feature","geometry":{"type":"Point","coordinates":[-49.28236,-25.491999]},"properties":{"id":"1449115499583088","veg":0.2,"date":"2025-06-06","h":931.3}},{"type":"Feature","geometry":{"type":"Point","coordinates":[-49.282476,-25.492081]},"properties":{"id":"3561607687309786","veg":32.6,"date":"2025-06-06","h":931.3}},{"type":"Feature","geometry":{"type":"Point","coordinates":[-49.282501,-25.49212]},"properties":{"id":"589224760878205","veg":19.4,"date":"2025-06-06","h":931.3}},{"type":"Feature","geometry":{"type":"Point","coordinates":[-49.282529,-25.492156]},"properties":{"id":"664614063244159","veg":14.9,"date":"2025-06-06","h":931.3}},{"type":"Feature","geometry":{"type":"Point","coordinates":[-49.282564,-25.492196]},"properties":{"id":"768654689232406","veg":27.2,"date":"2025-06-06","h":931.3}},{"type":"Feature","geometry":{"type":"Point","coordinates":[-49.282294,-25.492706]},"properties":{"id":"1059861732692021","veg":32.2,"date":"2025-06-06","h":930.2}},{"type":"Feature","geometry":{"type":"Point","coordinates":[-49.282606,-25.492241]},"properties":{"id":"3535844646547649","veg":46.5,"date":"2025-06-06","h":931.3}},{"type":"Feature","geometry":{"type":"Point","coordinates":[-49.282259,-25.492653]},"properties":{"id":"1628263017890711","veg":22.6,"date":"2025-06-06","h":930.2}},{"type":"Feature","geometry":{"type":"Point","coordinates":[-49.282283,-25.492689]},"properties":{"id":"2181418355678246","veg":18.8,"date":"2025-06-06","h":930.2}},{"type":"Feature","geometry":{"type":"Point","coordinates":[-49.282231,-25.492611]},"properties":{"id":"3067654900058630","veg":27.5,"date":"2025-06-06","h":930.2}},{"type":"Feature","geometry":{"type":"Point","coordinates":[-49.282328,-25.492756]},"properties":{"id":"2690558451335688","veg":42.5,"date":"2025-06-06","h":930.2}},{"type":"Feature","geometry":{"type":"Point","coordinates":[-49.282272,-25.492673]},"properties":{"id":"3961226144089353","veg":19.4,"date":"2025-06-06","h":930.2}},{"type":"Feature","geometry":{"type":"Point","coordinates":[-49.282244,-25.49263]},"properties":{"id":"647842561751477","veg":26.7,"date":"2025-06-06","h":930.2}},{"type":"Feature","geometry":{"type":"Point","coordinates":[-49.269643,-25.484156]},"properties":{"id":"1839600353556700","veg":23.7,"date":"2025-06-06","h":918.8}},{"type":"Feature","geometry":{"type":"Point","coordinates":[-49.269598,-25.484175]},"properties":{"id":"1227442218309382","veg":13.1,"date":"2025-06-06","h":918.8}},{"type":"Feature","geometry":{"type":"Point","coordinates":[-49.269617,-25.484164]},"properties":{"id":"622926660804829","veg":20.6,"date":"2025-06-06","h":918.8}},{"type":"Feature","geometry":{"type":"Point","coordinates":[-49.269672,-25.484153]},"properties":{"id":"725218903303577","veg":27.6,"date":"2025-06-06","h":918.8}},{"type":"Feature","geometry":{"type":"Point","coordinates":[-49.268772,-25.484743]},"properties":{"id":"1025933436394063","veg":2.8,"date":"2025-06-06","h":918.8}},{"type":"Feature","geometry":{"type":"Point","coordinates":[-49.268703,-25.48479]},"properties":{"id":"1261168032198216","veg":5.7,"date":"2025-06-06","h":918.8}},{"type":"Feature","geometry":{"type":"Point","coordinates":[-49.268905,-25.48465]},"properties":{"id":"1420257529112798","veg":1.5,"date":"2025-06-06","h":918.8}},{"type":"Feature","geometry":{"type":"Point","coordinates":[-49.268836,-25.484698]},"properties":{"id":"2980582315435052","veg":1.2,"date":"2025-06-06","h":918.8}},{"type":"Feature","geometry":{"type":"Point","coordinates":[-49.269384,-25.484323]},"properties":{"id":"1046706954101154","veg":6.4,"date":"2025-06-06","h":918.8}},{"type":"Feature","geometry":{"type":"Point","coordinates":[-49.269556,-25.484206]},"properties":{"id":"1261422519034762","veg":6.5,"date":"2025-06-06","h":918.8}},{"type":"Feature","geometry":{"type":"Point","coordinates":[-49.26945,-25.484279]},"properties":{"id":"1433674731281364","veg":6.4,"date":"2025-06-06","h":918.8}},{"type":"Feature","geometry":{"type":"Point","coordinates":[-49.269319,-25.484366]},"properties":{"id":"684247757789376","veg":7.3,"date":"2025-06-06","h":918.8}},{"type":"Feature","geometry":{"type":"Point","coordinates":[-49.269505,-25.484241]},"properties":{"id":"736303315398583","veg":6.1,"date":"2025-06-06","h":918.8}},{"type":"Feature","geometry":{"type":"Point","coordinates":[-49.269032,-25.484563]},"properties":{"id":"1221290906044130","veg":2.8,"date":"2025-06-06","h":918.8}},{"type":"Feature","geometry":{"type":"Point","coordinates":[-49.269164,-25.484469]},"properties":{"id":"1407722240572002","veg":6.3,"date":"2025-06-06","h":918.8}},{"type":"Feature","geometry":{"type":"Point","coordinates":[-49.269241,-25.484416]},"properties":{"id":"1322005085565498","veg":7.1,"date":"2025-06-06","h":918.8}},{"type":"Feature","geometry":{"type":"Point","coordinates":[-49.269093,-25.48452]},"properties":{"id":"1701167327458548","veg":4.5,"date":"2025-06-06","h":918.8}},{"type":"Feature","geometry":{"type":"Point","coordinates":[-49.268464,-25.484954]},"properties":{"id":"1477795859901726","veg":12.0,"date":"2025-06-06","h":918.8}},{"type":"Feature","geometry":{"type":"Point","coordinates":[-49.268963,-25.484612]},"properties":{"id":"2078363099308540","veg":1.7,"date":"2025-06-06","h":918.8}},{"type":"Feature","geometry":{"type":"Point","coordinates":[-49.268521,-25.484915]},"properties":{"id":"1776406749891938","veg":10.6,"date":"2025-06-06","h":918.8}},{"type":"Feature","geometry":{"type":"Point","coordinates":[-49.268583,-25.484872]},"properties":{"id":"2031249447279574","veg":13.6,"date":"2025-06-06","h":918.8}},{"type":"Feature","geometry":{"type":"Point","coordinates":[-49.26864,-25.484833]},"properties":{"id":"704713618967654","veg":12.9,"date":"2025-06-06","h":918.8}},{"type":"Feature","geometry":{"type":"Point","coordinates":[-49.268348,-25.485031]},"properties":{"id":"715893670842895","veg":12.7,"date":"2025-06-06","h":918.8}},{"type":"Feature","geometry":{"type":"Point","coordinates":[-49.268406,-25.484993]},"properties":{"id":"995083722470417","veg":12.6,"date":"2025-06-06","h":918.8}},{"type":"Feature","geometry":{"type":"Point","coordinates":[-49.268215,-25.485121]},"properties":{"id":"1054856533275655","veg":11.8,"date":"2025-06-06","h":918.8}},{"type":"Feature","geometry":{"type":"Point","coordinates":[-49.268256,-25.485094]},"properties":{"id":"684181740894685","veg":14.2,"date":"2025-06-06","h":918.8}},{"type":"Feature","geometry":{"type":"Point","coordinates":[-49.268295,-25.485067]},"properties":{"id":"705415545319438","veg":13.7,"date":"2025-06-06","h":918.8}},{"type":"Feature","geometry":{"type":"Point","coordinates":[-49.269746,-25.484193]},"properties":{"id":"1402213470931352","veg":9.3,"date":"2025-06-06","h":918.8}},{"type":"Feature","geometry":{"type":"Point","coordinates":[-49.270021,-25.484593]},"properties":{"id":"1234302194833024","veg":12.1,"date":"2025-06-06","h":926.3}},{"type":"Feature","geometry":{"type":"Point","coordinates":[-49.269996,-25.48456]},"properties":{"id":"1346094736495043","veg":11.7,"date":"2025-06-06","h":926.3}},{"type":"Feature","geometry":{"type":"Point","coordinates":[-49.269954,-25.484486]},"properties":{"id":"1208179317654030","veg":12.9,"date":"2025-06-06","h":918.8}},{"type":"Feature","geometry":{"type":"Point","coordinates":[-49.269979,-25.484537]},"properties":{"id":"1406659920460561","veg":11.1,"date":"2025-06-06","h":926.3}},{"type":"Feature","geometry":{"type":"Point","coordinates":[-49.270053,-25.484637]},"properties":{"id":"1878153333010686","veg":11.7,"date":"2025-06-06","h":926.3}},{"type":"Feature","geometry":{"type":"Point","coordinates":[-49.269724,-25.484171]},"properties":{"id":"1855631338310986","veg":13.9,"date":"2025-06-06","h":918.8}},{"type":"Feature","geometry":{"type":"Point","coordinates":[-49.269823,-25.484301]},"properties":{"id":"3984402301827253","veg":3.9,"date":"2025-06-06","h":918.8}},{"type":"Feature","geometry":{"type":"Point","coordinates":[-49.269908,-25.484421]},"properties":{"id":"3956345447952902","veg":10.5,"date":"2025-06-06","h":918.8}},{"type":"Feature","geometry":{"type":"Point","coordinates":[-49.269876,-25.484376]},"properties":{"id":"690812433860713","veg":8.6,"date":"2025-06-06","h":918.8}},{"type":"Feature","geometry":{"type":"Point","coordinates":[-49.269933,-25.484457]},"properties":{"id":"693804380092189","veg":12.5,"date":"2025-06-06","h":918.8}},{"type":"Feature","geometry":{"type":"Point","coordinates":[-49.269802,-25.484272]},"properties":{"id":"708099742114695","veg":4.7,"date":"2025-06-06","h":918.8}},{"type":"Feature","geometry":{"type":"Point","coordinates":[-49.269777,-25.484234]},"properties":{"id":"9998192916886513","veg":4.2,"date":"2025-06-06","h":918.8}},{"type":"Feature","geometry":{"type":"Point","coordinates":[-49.269846,-25.484334]},"properties":{"id":"9146292042139918","veg":5.3,"date":"2025-06-06","h":918.8}},{"type":"Feature","geometry":{"type":"Point","coordinates":[-49.270095,-25.484691]},"properties":{"id":"1228525498749338","veg":12.4,"date":"2025-06-06","h":926.3}},{"type":"Feature","geometry":{"type":"Point","coordinates":[-49.270142,-25.484754]},"properties":{"id":"1375353310417200","veg":19.3,"date":"2025-06-06","h":926.3}},{"type":"Feature","geometry":{"type":"Point","coordinates":[-49.270656,-25.485425]},"properties":{"id":"1410315353341935","veg":10.1,"date":"2025-06-06","h":926.3}},{"type":"Feature","geometry":{"type":"Point","coordinates":[-49.270445,-25.485155]},"properties":{"id":"1035380818576636","veg":23.6,"date":"2025-06-06","h":926.3}},{"type":"Feature","geometry":{"type":"Point","coordinates":[-49.270254,-25.484901]},"properties":{"id":"1027315606217651","veg":28.6,"date":"2025-06-06","h":926.3}},{"type":"Feature","geometry":{"type":"Point","coordinates":[-49.270316,-25.484984]},"properties":{"id":"1283923423449563","veg":26.6,"date":"2025-06-06","h":926.3}},{"type":"Feature","geometry":{"type":"Point","coordinates":[-49.270514,-25.485244]},"properties":{"id":"1011352947816635","veg":27.5,"date":"2025-06-06","h":926.3}},{"type":"Feature","geometry":{"type":"Point","coordinates":[-49.270199,-25.484829]},"properties":{"id":"23877933438504644","veg":29.2,"date":"2025-06-06","h":926.3}},{"type":"Feature","geometry":{"type":"Point","coordinates":[-49.270582,-25.485331]},"properties":{"id":"685341270918737","veg":15.6,"date":"2025-06-06","h":926.3}},{"type":"Feature","geometry":{"type":"Point","coordinates":[-49.270372,-25.485059]},"properties":{"id":"1754937975096889","veg":26.9,"date":"2025-06-06","h":926.3}},{"type":"Feature","geometry":{"type":"Point","coordinates":[-49.270727,-25.485516]},"properties":{"id":"541743778869365","veg":14.9,"date":"2025-06-06","h":926.3}},{"type":"Feature","geometry":{"type":"Point","coordinates":[-49.270803,-25.485614]},"properties":{"id":"1052787849630266","veg":20.9,"date":"2025-06-06","h":926.3}},{"type":"Feature","geometry":{"type":"Point","coordinates":[-49.268308,-25.487108]},"properties":{"id":"2323313411409922","veg":18.9,"date":"2026-05-31","h":0.0}},{"type":"Feature","geometry":{"type":"Point","coordinates":[-49.268816,-25.487756]},"properties":{"id":"858168107329797","veg":15.2,"date":"2026-05-31","h":0.0}},{"type":"Feature","geometry":{"type":"Point","coordinates":[-49.268517,-25.487506]},"properties":{"id":"1535007034729746","veg":20.9,"date":"2026-05-31","h":0.0}},{"type":"Feature","geometry":{"type":"Point","coordinates":[-49.270962,-25.485816]},"properties":{"id":"1264712105225343","veg":30.1,"date":"2025-06-06","h":926.3}},{"type":"Feature","geometry":{"type":"Point","coordinates":[-49.270887,-25.485719]},"properties":{"id":"1259732062426331","veg":17.3,"date":"2025-06-06","h":926.3}},{"type":"Feature","geometry":{"type":"Point","coordinates":[-49.271282,-25.486216]},"properties":{"id":"1246938530557673","veg":7.6,"date":"2025-06-06","h":926.3}},{"type":"Feature","geometry":{"type":"Point","coordinates":[-49.271352,-25.486306]},"properties":{"id":"23983812231244536","veg":6.8,"date":"2025-06-06","h":926.3}},{"type":"Feature","geometry":{"type":"Point","coordinates":[-49.271038,-25.485912]},"properties":{"id":"3674677109499946","veg":13.3,"date":"2025-06-06","h":926.3}},{"type":"Feature","geometry":{"type":"Point","coordinates":[-49.27112,-25.486014]},"properties":{"id":"1347657499652237","veg":7.9,"date":"2025-06-06","h":926.3}},{"type":"Feature","geometry":{"type":"Point","coordinates":[-49.271197,-25.486111]},"properties":{"id":"2171806359932128","veg":7.5,"date":"2025-06-06","h":926.3}},{"type":"Feature","geometry":{"type":"Point","coordinates":[-49.271584,-25.4866]},"properties":{"id":"555218717471825","veg":20.5,"date":"2025-06-06","h":926.3}},{"type":"Feature","geometry":{"type":"Point","coordinates":[-49.271512,-25.486509]},"properties":{"id":"1774472383449652","veg":6.9,"date":"2025-06-06","h":926.3}},{"type":"Feature","geometry":{"type":"Point","coordinates":[-49.271429,-25.486404]},"properties":{"id":"676164018515129","veg":4.9,"date":"2025-06-06","h":926.3}},{"type":"Feature","geometry":{"type":"Point","coordinates":[-49.271735,-25.486787]},"properties":{"id":"919062417012243","veg":18.2,"date":"2025-06-06","h":926.3}},{"type":"Feature","geometry":{"type":"Point","coordinates":[-49.271949,-25.487055]},"properties":{"id":"1041021687609111","veg":21.8,"date":"2025-06-06","h":926.3}},{"type":"Feature","geometry":{"type":"Point","coordinates":[-49.271663,-25.486697]},"properties":{"id":"1772234790386818","veg":13.7,"date":"2025-06-06","h":926.3}},{"type":"Feature","geometry":{"type":"Point","coordinates":[-49.271812,-25.486885]},"properties":{"id":"733409865800834","veg":21.7,"date":"2025-06-06","h":926.3}},{"type":"Feature","geometry":{"type":"Point","coordinates":[-49.271881,-25.486971]},"properties":{"id":"746319088060772","veg":12.5,"date":"2025-06-06","h":926.3}},{"type":"Feature","geometry":{"type":"Point","coordinates":[-49.272018,-25.487141]},"properties":{"id":"663500066848987","veg":23.9,"date":"2025-06-06","h":926.3}},{"type":"Feature","geometry":{"type":"Point","coordinates":[-49.272079,-25.487217]},"properties":{"id":"1220974856489587","veg":29.1,"date":"2025-06-06","h":926.3}},{"type":"Feature","geometry":{"type":"Point","coordinates":[-49.272149,-25.487302]},"properties":{"id":"1242539060911829","veg":18.4,"date":"2025-06-06","h":926.3}},{"type":"Feature","geometry":{"type":"Point","coordinates":[-49.27221,-25.487377]},"properties":{"id":"24650781744524831","veg":23.3,"date":"2025-06-06","h":926.3}},{"type":"Feature","geometry":{"type":"Point","coordinates":[-49.272415,-25.487629]},"properties":{"id":"1057338102987757","veg":29.2,"date":"2025-06-06","h":926.3}},{"type":"Feature","geometry":{"type":"Point","coordinates":[-49.272544,-25.487788]},"properties":{"id":"1256277012050486","veg":11.8,"date":"2025-06-06","h":926.5}},{"type":"Feature","geometry":{"type":"Point","coordinates":[-49.272578,-25.487832]},"properties":{"id":"1377339046707531","veg":8.3,"date":"2025-06-06","h":926.5}},{"type":"Feature","geometry":{"type":"Point","coordinates":[-49.272677,-25.487954]},"properties":{"id":"1426180841734438","veg":3.5,"date":"2025-06-06","h":926.5}},{"type":"Feature","geometry":{"type":"Point","coordinates":[-49.272516,-25.487753]},"properties":{"id":"2654312561425058","veg":15.9,"date":"2025-06-06","h":926.5}},{"type":"Feature","geometry":{"type":"Point","coordinates":[-49.272367,-25.48757]},"properties":{"id":"1875110913343153","veg":18.4,"date":"2025-06-06","h":926.3}},{"type":"Feature","geometry":{"type":"Point","coordinates":[-49.272486,-25.487716]},"properties":{"id":"485896784582181","veg":16.9,"date":"2025-06-06","h":926.5}},{"type":"Feature","geometry":{"type":"Point","coordinates":[-49.272453,-25.487675]},"properties":{"id":"722884550282504","veg":23.0,"date":"2025-06-06","h":926.5}},{"type":"Feature","geometry":{"type":"Point","coordinates":[-49.272264,-25.487443]},"properties":{"id":"555639930757738","veg":18.2,"date":"2025-06-06","h":926.3}},{"type":"Feature","geometry":{"type":"Point","coordinates":[-49.27232,-25.487511]},"properties":{"id":"723236463545872","veg":16.4,"date":"2025-06-06","h":926.3}},{"type":"Feature","geometry":{"type":"Point","coordinates":[-49.272623,-25.487887]},"properties":{"id":"696631336680183","veg":6.3,"date":"2025-06-06","h":926.5}},{"type":"Feature","geometry":{"type":"Point","coordinates":[-49.265626,-25.48408]},"properties":{"id":"1536059518240611","veg":4.8,"date":"2026-05-31","h":0.0}},{"type":"Feature","geometry":{"type":"Point","coordinates":[-49.265452,-25.483807]},"properties":{"id":"1926089858098045","veg":13.0,"date":"2026-05-31","h":0.0}},{"type":"Feature","geometry":{"type":"Point","coordinates":[-49.265821,-25.484331]},"properties":{"id":"1315266219988167","veg":11.9,"date":"2026-05-31","h":0.0}},{"type":"Feature","geometry":{"type":"Point","coordinates":[-49.266411,-25.485132]},"properties":{"id":"1302717588675818","veg":3.6,"date":"2026-05-31","h":0.0}},{"type":"Feature","geometry":{"type":"Point","coordinates":[-49.266812,-25.485447]},"properties":{"id":"972036508939160","veg":9.0,"date":"2026-05-31","h":0.0}},{"type":"Feature","geometry":{"type":"Point","coordinates":[-49.266247,-25.484966]},"properties":{"id":"1485220539951327","veg":3.6,"date":"2026-05-31","h":0.0}},{"type":"Feature","geometry":{"type":"Point","coordinates":[-49.266026,-25.484576]},"properties":{"id":"1013724434508044","veg":5.0,"date":"2026-05-31","h":0.0}},{"type":"Feature","geometry":{"type":"Point","coordinates":[-49.268109,-25.485192]},"properties":{"id":"1948219209335718","veg":11.5,"date":"2025-06-06","h":925.6}},{"type":"Feature","geometry":{"type":"Point","coordinates":[-49.268175,-25.485148]},"properties":{"id":"3879688708949484","veg":10.5,"date":"2025-06-06","h":925.6}},{"type":"Feature","geometry":{"type":"Point","coordinates":[-49.268189,-25.485139]},"properties":{"id":"4023493711226323","veg":9.9,"date":"2025-06-06","h":918.8}},{"type":"Feature","geometry":{"type":"Point","coordinates":[-49.268072,-25.485218]},"properties":{"id":"706875075616080","veg":12.3,"date":"2025-06-06","h":925.6}},{"type":"Feature","geometry":{"type":"Point","coordinates":[-49.267766,-25.485424]},"properties":{"id":"1005746831715718","veg":8.6,"date":"2025-06-06","h":925.6}},{"type":"Feature","geometry":{"type":"Point","coordinates":[-49.267834,-25.485378]},"properties":{"id":"1027515059513817","veg":7.2,"date":"2025-06-06","h":925.6}},{"type":"Feature","geometry":{"type":"Point","coordinates":[-49.267904,-25.485331]},"properties":{"id":"2555063014664337","veg":5.5,"date":"2025-06-06","h":925.6}},{"type":"Feature","geometry":{"type":"Point","coordinates":[-49.268018,-25.485255]},"properties":{"id":"745254211214414","veg":9.1,"date":"2025-06-06","h":925.6}},{"type":"Feature","geometry":{"type":"Point","coordinates":[-49.267964,-25.485291]},"properties":{"id":"746823751006594","veg":4.2,"date":"2025-06-06","h":925.6}},{"type":"Feature","geometry":{"type":"Point","coordinates":[-49.265101,-25.483319]},"properties":{"id":"2007963133165996","veg":17.4,"date":"2026-05-31","h":0.0}},{"type":"Feature","geometry":{"type":"Point","coordinates":[-49.264743,-25.482807]},"properties":{"id":"838715885975627","veg":17.6,"date":"2026-05-31","h":0.0}},{"type":"Feature","geometry":{"type":"Point","coordinates":[-49.265291,-25.483529]},"properties":{"id":"1027819999579526","veg":8.1,"date":"2026-05-31","h":0.0}},{"type":"Feature","geometry":{"type":"Point","coordinates":[-49.263014,-25.484602]},"properties":{"id":"1235884491502497","veg":25.9,"date":"2025-06-06","h":920.1}},{"type":"Feature","geometry":{"type":"Point","coordinates":[-49.26281,-25.484521]},"properties":{"id":"1631882747476092","veg":23.0,"date":"2025-06-06","h":920.1}},{"type":"Feature","geometry":{"type":"Point","coordinates":[-49.262915,-25.484562]},"properties":{"id":"1283751886606874","veg":37.9,"date":"2025-06-06","h":920.1}},{"type":"Feature","geometry":{"type":"Point","coordinates":[-49.262706,-25.484479]},"properties":{"id":"2528182010876746","veg":26.9,"date":"2025-06-06","h":920.1}},{"type":"Feature","geometry":{"type":"Point","coordinates":[-49.263117,-25.484645]},"properties":{"id":"2045317652625978","veg":22.1,"date":"2025-06-06","h":920.1}},{"type":"Feature","geometry":{"type":"Point","coordinates":[-49.263646,-25.48486]},"properties":{"id":"1428511694824916","veg":19.8,"date":"2025-06-06","h":920.1}},{"type":"Feature","geometry":{"type":"Point","coordinates":[-49.26322,-25.484684]},"properties":{"id":"9969256356455143","veg":15.0,"date":"2025-06-06","h":920.1}},{"type":"Feature","geometry":{"type":"Point","coordinates":[-49.263308,-25.484724]},"properties":{"id":"1283851413331397","veg":33.1,"date":"2025-06-06","h":920.1}},{"type":"Feature","geometry":{"type":"Point","coordinates":[-49.263486,-25.484796]},"properties":{"id":"1213722993290834","veg":23.1,"date":"2025-06-06","h":920.1}},{"type":"Feature","geometry":{"type":"Point","coordinates":[-49.263779,-25.484913]},"properties":{"id":"1618879022115500","veg":26.1,"date":"2025-06-06","h":920.1}},{"type":"Feature","geometry":{"type":"Point","coordinates":[-49.263859,-25.484949]},"properties":{"id":"2204644763342151","veg":30.3,"date":"2025-06-06","h":923.0}},{"type":"Feature","geometry":{"type":"Point","coordinates":[-49.263825,-25.484934]},"properties":{"id":"590436617412241","veg":32.1,"date":"2025-06-06","h":923.0}},{"type":"Feature","geometry":{"type":"Point","coordinates":[-49.263398,-25.484761]},"properties":{"id":"728390349730330","veg":33.2,"date":"2025-06-06","h":920.1}},{"type":"Feature","geometry":{"type":"Point","coordinates":[-49.263576,-25.484832]},"properties":{"id":"644503851938350","veg":25.3,"date":"2025-06-06","h":920.1}},{"type":"Feature","geometry":{"type":"Point","coordinates":[-49.263721,-25.48489]},"properties":{"id":"9798590876877042","veg":18.6,"date":"2025-06-06","h":920.1}},{"type":"Feature","geometry":{"type":"Point","coordinates":[-49.263917,-25.484973]},"properties":{"id":"1013354074325016","veg":34.7,"date":"2025-06-06","h":923.0}},{"type":"Feature","geometry":{"type":"Point","coordinates":[-49.263896,-25.484966]},"properties":{"id":"1380454216569933","veg":32.7,"date":"2025-06-06","h":923.0}},{"type":"Feature","geometry":{"type":"Point","coordinates":[-49.264004,-25.485008]},"properties":{"id":"723302434190706","veg":41.0,"date":"2025-06-06","h":923.0}},{"type":"Feature","geometry":{"type":"Point","coordinates":[-49.263957,-25.484989]},"properties":{"id":"610504991441352","veg":37.4,"date":"2025-06-06","h":923.0}},{"type":"Feature","geometry":{"type":"Point","coordinates":[-49.264153,-25.485068]},"properties":{"id":"1064070455783275","veg":28.8,"date":"2025-06-06","h":923.0}},{"type":"Feature","geometry":{"type":"Point","coordinates":[-49.264435,-25.48518]},"properties":{"id":"1228350021998304","veg":16.0,"date":"2025-06-06","h":923.0}},{"type":"Feature","geometry":{"type":"Point","coordinates":[-49.264067,-25.485033]},"properties":{"id":"2587768944888051","veg":37.5,"date":"2025-06-06","h":923.0}},{"type":"Feature","geometry":{"type":"Point","coordinates":[-49.264246,-25.485106]},"properties":{"id":"2519364925122529","veg":17.6,"date":"2025-06-06","h":923.0}},{"type":"Feature","geometry":{"type":"Point","coordinates":[-49.264344,-25.485145]},"properties":{"id":"3834004430230887","veg":17.3,"date":"2025-06-06","h":923.0}},{"type":"Feature","geometry":{"type":"Point","coordinates":[-49.264631,-25.485258]},"properties":{"id":"1060710645939267","veg":11.9,"date":"2025-06-06","h":923.0}},{"type":"Feature","geometry":{"type":"Point","coordinates":[-49.264531,-25.485219]},"properties":{"id":"1398418031487449","veg":13.7,"date":"2025-06-06","h":923.0}},{"type":"Feature","geometry":{"type":"Point","coordinates":[-49.264939,-25.485382]},"properties":{"id":"1671703343480781","veg":11.4,"date":"2025-06-06","h":923.0}},{"type":"Feature","geometry":{"type":"Point","coordinates":[-49.265,-25.48541]},"properties":{"id":"2547168158951253","veg":9.2,"date":"2025-06-06","h":923.0}},{"type":"Feature","geometry":{"type":"Point","coordinates":[-49.264716,-25.485291]},"properties":{"id":"1468431660840563","veg":11.7,"date":"2025-06-06","h":923.0}},{"type":"Feature","geometry":{"type":"Point","coordinates":[-49.264877,-25.485355]},"properties":{"id":"1205295177536337","veg":18.4,"date":"2025-06-06","h":923.0}},{"type":"Feature","geometry":{"type":"Point","coordinates":[-49.264798,-25.485323]},"properties":{"id":"668892616144311","veg":19.1,"date":"2025-06-06","h":923.0}},{"type":"Feature","geometry":{"type":"Point","coordinates":[-49.265181,-25.485489]},"properties":{"id":"1821397852119331","veg":30.4,"date":"2025-06-06","h":922.9}},{"type":"Feature","geometry":{"type":"Point","coordinates":[-49.265208,-25.4855]},"properties":{"id":"1088121833364224","veg":37.1,"date":"2025-06-06","h":925.6}},{"type":"Feature","geometry":{"type":"Point","coordinates":[-49.265186,-25.485491]},"properties":{"id":"1417691799243557","veg":30.7,"date":"2025-06-06","h":925.6}},{"type":"Feature","geometry":{"type":"Point","coordinates":[-49.265247,-25.485516]},"properties":{"id":"1434389464402571","veg":41.6,"date":"2025-06-06","h":925.6}},{"type":"Feature","geometry":{"type":"Point","coordinates":[-49.265151,-25.485478]},"properties":{"id":"1419505272830449","veg":21.5,"date":"2025-06-06","h":923.0}},{"type":"Feature","geometry":{"type":"Point","coordinates":[-49.265081,-25.485447]},"properties":{"id":"1352066122565157","veg":8.8,"date":"2025-06-06","h":925.0}},{"type":"Feature","geometry":{"type":"Point","coordinates":[-49.265306,-25.485541]},"properties":{"id":"1373649573850783","veg":43.3,"date":"2025-06-06","h":925.6}},{"type":"Feature","geometry":{"type":"Point","coordinates":[-49.265387,-25.485574]},"properties":{"id":"710715091911765","veg":48.2,"date":"2025-06-06","h":925.6}},{"type":"Feature","geometry":{"type":"Point","coordinates":[-49.267695,-25.485474]},"properties":{"id":"890256686619150","veg":12.9,"date":"2025-06-06","h":925.6}},{"type":"Feature","geometry":{"type":"Point","coordinates":[-49.266976,-25.485877]},"properties":{"id":"1265610738267037","veg":23.3,"date":"2025-06-06","h":925.6}},{"type":"Feature","geometry":{"type":"Point","coordinates":[-49.2668,-25.485905]},"properties":{"id":"1232771105145289","veg":41.2,"date":"2025-06-06","h":925.6}},{"type":"Feature","geometry":{"type":"Point","coordinates":[-49.266948,-25.485424]},"properties":{"id":"1468491267765785","veg":21.7,"date":"2026-05-31","h":0.0}},{"type":"Feature","geometry":{"type":"Point","coordinates":[-49.266881,-25.485895]},"properties":{"id":"691500963660757","veg":31.2,"date":"2025-06-06","h":925.6}},{"type":"Feature","geometry":{"type":"Point","coordinates":[-49.267628,-25.48552]},"properties":{"id":"1353677985936092","veg":10.8,"date":"2025-06-06","h":925.6}},{"type":"Feature","geometry":{"type":"Point","coordinates":[-49.267555,-25.485568]},"properties":{"id":"1622699315058398","veg":12.1,"date":"2025-06-06","h":925.6}},{"type":"Feature","geometry":{"type":"Point","coordinates":[-49.267477,-25.48562]},"properties":{"id":"4256930691202411","veg":12.4,"date":"2025-06-06","h":925.6}},{"type":"Feature","geometry":{"type":"Point","coordinates":[-49.26692,-25.485882]},"properties":{"id":"2493427321128889","veg":21.8,"date":"2026-05-31","h":0.0}},{"type":"Feature","geometry":{"type":"Point","coordinates":[-49.267091,-25.485839]},"properties":{"id":"24361425216796692","veg":17.2,"date":"2025-06-06","h":925.6}},{"type":"Feature","geometry":{"type":"Point","coordinates":[-49.267035,-25.485859]},"properties":{"id":"2238365313247567","veg":20.3,"date":"2025-06-06","h":925.6}},{"type":"Feature","geometry":{"type":"Point","coordinates":[-49.26734,-25.485706]},"properties":{"id":"3103040206512271","veg":14.4,"date":"2025-06-06","h":925.6}},{"type":"Feature","geometry":{"type":"Point","coordinates":[-49.267199,-25.485788]},"properties":{"id":"990561133264492","veg":13.2,"date":"2025-06-06","h":925.6}},{"type":"Feature","geometry":{"type":"Point","coordinates":[-49.267128,-25.485823]},"properties":{"id":"679858018342938","veg":16.4,"date":"2025-06-06","h":925.6}},{"type":"Feature","geometry":{"type":"Point","coordinates":[-49.267269,-25.485749]},"properties":{"id":"699316229475159","veg":13.2,"date":"2025-06-06","h":925.6}},{"type":"Feature","geometry":{"type":"Point","coordinates":[-49.267405,-25.485665]},"properties":{"id":"957579176362806","veg":12.9,"date":"2025-06-06","h":925.6}},{"type":"Feature","geometry":{"type":"Point","coordinates":[-49.267497,-25.486219]},"properties":{"id":"918536251258479","veg":10.8,"date":"2026-05-31","h":0.0}},{"type":"Feature","geometry":{"type":"Point","coordinates":[-49.267601,-25.486493]},"properties":{"id":"1638807370549830","veg":13.2,"date":"2026-05-31","h":0.0}},{"type":"Feature","geometry":{"type":"Point","coordinates":[-49.265683,-25.485696]},"properties":{"id":"10065614343501825","veg":48.3,"date":"2025-06-06","h":925.6}},{"type":"Feature","geometry":{"type":"Point","coordinates":[-49.265485,-25.485615]},"properties":{"id":"1211875063958865","veg":47.5,"date":"2025-06-06","h":925.6}},{"type":"Feature","geometry":{"type":"Point","coordinates":[-49.265581,-25.485655]},"properties":{"id":"2162727920844569","veg":41.6,"date":"2025-06-06","h":925.6}},{"type":"Feature","geometry":{"type":"Point","coordinates":[-49.266623,-25.485908]},"properties":{"id":"2122072674967416","veg":31.5,"date":"2025-06-06","h":925.6}},{"type":"Feature","geometry":{"type":"Point","coordinates":[-49.266531,-25.485899]},"properties":{"id":"704458652330650","veg":31.5,"date":"2025-06-06","h":925.6}},{"type":"Feature","geometry":{"type":"Point","coordinates":[-49.26671,-25.48591]},"properties":{"id":"680643618140143","veg":35.8,"date":"2025-06-06","h":925.6}},{"type":"Feature","geometry":{"type":"Point","coordinates":[-49.26645,-25.485886]},"properties":{"id":"590493543620360","veg":35.6,"date":"2025-06-06","h":925.6}},{"type":"Feature","geometry":{"type":"Point","coordinates":[-49.266145,-25.485878]},"properties":{"id":"1033298555561709","veg":53.0,"date":"2025-06-06","h":925.6}},{"type":"Feature","geometry":{"type":"Point","coordinates":[-49.26579,-25.485738]},"properties":{"id":"1242675490766883","veg":48.2,"date":"2025-06-06","h":925.6}},{"type":"Feature","geometry":{"type":"Point","coordinates":[-49.266389,-25.485949]},"properties":{"id":"1218118176656829","veg":44.0,"date":"2025-06-06","h":925.6}},{"type":"Feature","geometry":{"type":"Point","coordinates":[-49.266223,-25.485898]},"properties":{"id":"1743270102938593","veg":54.9,"date":"2025-06-06","h":925.6}},{"type":"Feature","geometry":{"type":"Point","coordinates":[-49.266001,-25.485823]},"properties":{"id":"1285647869598712","veg":54.0,"date":"2025-06-06","h":925.6}},{"type":"Feature","geometry":{"type":"Point","coordinates":[-49.266095,-25.485859]},"properties":{"id":"2972785579569292","veg":53.5,"date":"2025-06-06","h":925.6}},{"type":"Feature","geometry":{"type":"Point","coordinates":[-49.266367,-25.485864]},"properties":{"id":"688535174101598","veg":38.2,"date":"2025-06-06","h":925.6}},{"type":"Feature","geometry":{"type":"Point","coordinates":[-49.265904,-25.485784]},"properties":{"id":"732471409316129","veg":45.6,"date":"2025-06-06","h":925.6}},{"type":"Feature","geometry":{"type":"Point","coordinates":[-49.268181,-25.486748]},"properties":{"id":"27215513044723817","veg":24.1,"date":"2026-05-31","h":0.0}},{"type":"Feature","geometry":{"type":"Point","coordinates":[-49.267609,-25.486868]},"properties":{"id":"815752364748884","veg":13.8,"date":"2026-05-31","h":0.0}},{"type":"Feature","geometry":{"type":"Point","coordinates":[-49.273361,-25.488805]},"properties":{"id":"1254982516633787","veg":1.4,"date":"2025-06-06","h":926.5}},{"type":"Feature","geometry":{"type":"Point","coordinates":[-49.273429,-25.48889]},"properties":{"id":"676408355156898","veg":3.1,"date":"2025-06-06","h":926.5}},{"type":"Feature","geometry":{"type":"Point","coordinates":[-49.273558,-25.489053]},"properties":{"id":"1338876187177174","veg":4.4,"date":"2025-06-06","h":926.5}},{"type":"Feature","geometry":{"type":"Point","coordinates":[-49.2735,-25.48898]},"properties":{"id":"643505638741862","veg":5.6,"date":"2025-06-06","h":926.5}},{"type":"Feature","geometry":{"type":"Point","coordinates":[-49.272806,-25.488113]},"properties":{"id":"1452555985730400","veg":14.0,"date":"2025-06-06","h":926.5}},{"type":"Feature","geometry":{"type":"Point","coordinates":[-49.272734,-25.488023]},"properties":{"id":"728080062905324","veg":3.9,"date":"2025-06-06","h":926.5}},{"type":"Feature","geometry":{"type":"Point","coordinates":[-49.273295,-25.488723]},"properties":{"id":"1354544599111928","veg":2.2,"date":"2025-06-06","h":926.5}},{"type":"Feature","geometry":{"type":"Point","coordinates":[-49.273227,-25.488638]},"properties":{"id":"1479431443022759","veg":1.3,"date":"2025-06-06","h":926.5}},{"type":"Feature","geometry":{"type":"Point","coordinates":[-49.273155,-25.488547]},"properties":{"id":"1242876800583136","veg":2.3,"date":"2025-06-06","h":926.5}},{"type":"Feature","geometry":{"type":"Point","coordinates":[-49.272951,-25.488291]},"properties":{"id":"1896988194486741","veg":4.0,"date":"2025-06-06","h":926.5}},{"type":"Feature","geometry":{"type":"Point","coordinates":[-49.272877,-25.4882]},"properties":{"id":"1822557584979759","veg":6.0,"date":"2025-06-06","h":926.5}},{"type":"Feature","geometry":{"type":"Point","coordinates":[-49.273088,-25.48846]},"properties":{"id":"632065246515922","veg":3.8,"date":"2025-06-06","h":926.5}},{"type":"Feature","geometry":{"type":"Point","coordinates":[-49.273019,-25.488375]},"properties":{"id":"662207876821655","veg":4.0,"date":"2025-06-06","h":926.5}},{"type":"Feature","geometry":{"type":"Point","coordinates":[-49.27009,-25.489176]},"properties":{"id":"845720891483551","veg":14.9,"date":"2026-05-31","h":0.0}},{"type":"Feature","geometry":{"type":"Point","coordinates":[-49.269714,-25.48904]},"properties":{"id":"956306757284454","veg":15.8,"date":"2026-05-31","h":0.0}},{"type":"Feature","geometry":{"type":"Point","coordinates":[-49.269205,-25.488323]},"properties":{"id":"1309208884687708","veg":17.8,"date":"2026-05-31","h":0.0}},{"type":"Feature","geometry":{"type":"Point","coordinates":[-49.268988,-25.488017]},"properties":{"id":"2071630197101918","veg":21.2,"date":"2026-05-31","h":0.0}},{"type":"Feature","geometry":{"type":"Point","coordinates":[-49.26897,-25.48876]},"properties":{"id":"4385877294959881","veg":16.4,"date":"2026-05-31","h":0.0}},{"type":"Feature","geometry":{"type":"Point","coordinates":[-49.270221,-25.489477]},"properties":{"id":"960830470081290","veg":18.8,"date":"2026-05-31","h":0.0}},{"type":"Feature","geometry":{"type":"Point","coordinates":[-49.270847,-25.490216]},"properties":{"id":"1315395290004612","veg":21.3,"date":"2026-05-31","h":0.0}},{"type":"Feature","geometry":{"type":"Point","coordinates":[-49.270259,-25.489714]},"properties":{"id":"2065675090711900","veg":26.3,"date":"2026-05-31","h":0.0}},{"type":"Feature","geometry":{"type":"Point","coordinates":[-49.270503,-25.489954]},"properties":{"id":"2505357536566096","veg":28.3,"date":"2026-05-31","h":0.0}},{"type":"Feature","geometry":{"type":"Point","coordinates":[-49.270979,-25.490492]},"properties":{"id":"1470855748150297","veg":18.5,"date":"2026-05-31","h":0.0}},{"type":"Feature","geometry":{"type":"Point","coordinates":[-49.271186,-25.490843]},"properties":{"id":"1547220303426353","veg":24.7,"date":"2026-05-31","h":0.0}},{"type":"Feature","geometry":{"type":"Point","coordinates":[-49.271466,-25.491003]},"properties":{"id":"856334660863124","veg":16.6,"date":"2026-05-31","h":0.0}},{"type":"Feature","geometry":{"type":"Point","coordinates":[-49.271863,-25.491589]},"properties":{"id":"1018171067310481","veg":18.6,"date":"2026-05-31","h":0.0}},{"type":"Feature","geometry":{"type":"Point","coordinates":[-49.271673,-25.491308]},"properties":{"id":"972582118945415","veg":13.9,"date":"2026-05-31","h":0.0}},{"type":"Feature","geometry":{"type":"Point","coordinates":[-49.272101,-25.491868]},"properties":{"id":"1314887717503412","veg":11.0,"date":"2026-05-31","h":0.0}},{"type":"Feature","geometry":{"type":"Point","coordinates":[-49.27233,-25.492148]},"properties":{"id":"1318813293041017","veg":13.6,"date":"2026-05-31","h":0.0}},{"type":"Feature","geometry":{"type":"Point","coordinates":[-49.272613,-25.492412]},"properties":{"id":"1015146344268994","veg":14.3,"date":"2026-05-31","h":0.0}},{"type":"Feature","geometry":{"type":"Point","coordinates":[-49.272678,-25.492727]},"properties":{"id":"941031172231831","veg":7.1,"date":"2026-05-31","h":0.0}},{"type":"Feature","geometry":{"type":"Point","coordinates":[-49.273013,-25.49293]},"properties":{"id":"1637623070799480","veg":7.6,"date":"2026-05-31","h":0.0}},{"type":"Feature","geometry":{"type":"Point","coordinates":[-49.273653,-25.493783]},"properties":{"id":"1703581234399231","veg":25.4,"date":"2026-05-31","h":0.0}},{"type":"Feature","geometry":{"type":"Point","coordinates":[-49.273433,-25.493506]},"properties":{"id":"2192017391566260","veg":20.6,"date":"2026-05-31","h":0.0}},{"type":"Feature","geometry":{"type":"Point","coordinates":[-49.27321,-25.493233]},"properties":{"id":"2764086297308982","veg":12.9,"date":"2026-05-31","h":0.0}},{"type":"Feature","geometry":{"type":"Point","coordinates":[-49.270796,-25.496474]},"properties":{"id":"704431575657765","veg":2.1,"date":"2025-06-06","h":936.3}},{"type":"Feature","geometry":{"type":"Point","coordinates":[-49.270709,-25.496471]},"properties":{"id":"1394725745013291","veg":1.6,"date":"2025-06-06","h":936.3}},{"type":"Feature","geometry":{"type":"Point","coordinates":[-49.270626,-25.496469]},"properties":{"id":"1711563592798673","veg":1.4,"date":"2025-06-06","h":936.3}},{"type":"Feature","geometry":{"type":"Point","coordinates":[-49.270337,-25.496488]},"properties":{"id":"1346451419791184","veg":1.1,"date":"2025-06-06","h":936.0}},{"type":"Feature","geometry":{"type":"Point","coordinates":[-49.270549,-25.496469]},"properties":{"id":"1297052748618823","veg":1.1,"date":"2025-06-06","h":936.0}},{"type":"Feature","geometry":{"type":"Point","coordinates":[-49.270468,-25.496472]},"properties":{"id":"603938188801584","veg":0.9,"date":"2025-06-06","h":936.0}},{"type":"Feature","geometry":{"type":"Point","coordinates":[-49.270207,-25.496514]},"properties":{"id":"649771318075151","veg":3.2,"date":"2025-06-06","h":935.6}},{"type":"Feature","geometry":{"type":"Point","coordinates":[-49.270397,-25.496479]},"properties":{"id":"1407538773718872","veg":1.0,"date":"2025-06-06","h":936.0}},{"type":"Feature","geometry":{"type":"Point","coordinates":[-49.270288,-25.496497]},"properties":{"id":"706603782006589","veg":1.2,"date":"2025-06-06","h":936.0}},{"type":"Feature","geometry":{"type":"Point","coordinates":[-49.270232,-25.496509]},"properties":{"id":"915950833979548","veg":2.9,"date":"2025-06-06","h":935.6}},{"type":"Feature","geometry":{"type":"Point","coordinates":[-49.270877,-25.496478]},"properties":{"id":"559369430360798","veg":3.0,"date":"2025-06-06","h":936.3}},{"type":"Feature","geometry":{"type":"Point","coordinates":[-49.269379,-25.496694]},"properties":{"id":"1009152241203159","veg":2.8,"date":"2025-06-06","h":932.8}},{"type":"Feature","geometry":{"type":"Point","coordinates":[-49.269023,-25.496788]},"properties":{"id":"1448652732973814","veg":2.4,"date":"2025-06-06","h":932.8}},{"type":"Feature","geometry":{"type":"Point","coordinates":[-49.269128,-25.496754]},"properties":{"id":"722683026876212","veg":2.2,"date":"2025-06-06","h":932.8}},{"type":"Feature","geometry":{"type":"Point","coordinates":[-49.269225,-25.496729]},"properties":{"id":"721312587143468","veg":2.7,"date":"2025-06-06","h":932.8}},{"type":"Feature","geometry":{"type":"Point","coordinates":[-49.269306,-25.496711]},"properties":{"id":"724710813580373","veg":2.6,"date":"2025-06-06","h":932.8}},{"type":"Feature","geometry":{"type":"Point","coordinates":[-49.269526,-25.496663]},"properties":{"id":"1140020571217898","veg":3.1,"date":"2025-06-06","h":934.9}},{"type":"Feature","geometry":{"type":"Point","coordinates":[-49.269491,-25.496671]},"properties":{"id":"1673367799963757","veg":3.6,"date":"2025-06-06","h":932.8}},{"type":"Feature","geometry":{"type":"Point","coordinates":[-49.269467,-25.496676]},"properties":{"id":"1826429564593178","veg":5.3,"date":"2025-06-06","h":932.8}},{"type":"Feature","geometry":{"type":"Point","coordinates":[-49.26943,-25.496684]},"properties":{"id":"9974943429288444","veg":4.2,"date":"2025-06-06","h":932.8}},{"type":"Feature","geometry":{"type":"Point","coordinates":[-49.26881,-25.496896]},"properties":{"id":"1211842637004806","veg":7.1,"date":"2025-06-06","h":932.8}},{"type":"Feature","geometry":{"type":"Point","coordinates":[-49.268908,-25.49684]},"properties":{"id":"1401001627717890","veg":2.2,"date":"2025-06-06","h":932.8}},{"type":"Feature","geometry":{"type":"Point","coordinates":[-49.268444,-25.497207]},"properties":{"id":"1201537241452381","veg":8.1,"date":"2025-06-06","h":932.8}},{"type":"Feature","geometry":{"type":"Point","coordinates":[-49.268615,-25.497041]},"properties":{"id":"715340437540381","veg":32.7,"date":"2025-06-06","h":932.8}},{"type":"Feature","geometry":{"type":"Point","coordinates":[-49.268708,-25.496965]},"properties":{"id":"735056198962826","veg":18.9,"date":"2025-06-06","h":932.8}},{"type":"Feature","geometry":{"type":"Point","coordinates":[-49.268525,-25.497124]},"properties":{"id":"1830580094189829","veg":11.3,"date":"2025-06-06","h":932.8}},{"type":"Feature","geometry":{"type":"Point","coordinates":[-49.268284,-25.497403]},"properties":{"id":"980198544189199","veg":12.0,"date":"2025-06-06","h":932.8}},{"type":"Feature","geometry":{"type":"Point","coordinates":[-49.268362,-25.497301]},"properties":{"id":"1387698742444480","veg":20.7,"date":"2025-06-06","h":932.8}},{"type":"Feature","geometry":{"type":"Point","coordinates":[-49.268403,-25.497252]},"properties":{"id":"747498854896100","veg":19.6,"date":"2025-06-06","h":932.8}},{"type":"Feature","geometry":{"type":"Point","coordinates":[-49.269571,-25.496654]},"properties":{"id":"9658185080958547","veg":4.9,"date":"2025-06-06","h":935.2}},{"type":"Feature","geometry":{"type":"Point","coordinates":[-49.269831,-25.496595]},"properties":{"id":"1051853480374378","veg":1.1,"date":"2025-06-06","h":935.2}},{"type":"Feature","geometry":{"type":"Point","coordinates":[-49.269604,-25.496646]},"properties":{"id":"1052703093499905","veg":4.1,"date":"2025-06-06","h":935.2}},{"type":"Feature","geometry":{"type":"Point","coordinates":[-49.269651,-25.496635]},"properties":{"id":"1226939702174462","veg":2.2,"date":"2025-06-06","h":935.2}},{"type":"Feature","geometry":{"type":"Point","coordinates":[-49.269698,-25.496625]},"properties":{"id":"1267555278375036","veg":0.5,"date":"2025-06-06","h":935.2}},{"type":"Feature","geometry":{"type":"Point","coordinates":[-49.26974,-25.496615]},"properties":{"id":"686112467734264","veg":0.6,"date":"2025-06-06","h":935.2}},{"type":"Feature","geometry":{"type":"Point","coordinates":[-49.269784,-25.496605]},"properties":{"id":"711213288180723","veg":0.9,"date":"2025-06-06","h":935.2}},{"type":"Feature","geometry":{"type":"Point","coordinates":[-49.272373,-25.496595]},"properties":{"id":"1236990724552283","veg":26.9,"date":"2025-06-06","h":935.4}},{"type":"Feature","geometry":{"type":"Point","coordinates":[-49.273443,-25.496523]},"properties":{"id":"3705830219717063","veg":0.0,"date":"2025-06-06","h":935.4}},{"type":"Feature","geometry":{"type":"Point","coordinates":[-49.273031,-25.496576]},"properties":{"id":"1222409079421501","veg":27.1,"date":"2025-06-06","h":935.4}},{"type":"Feature","geometry":{"type":"Point","coordinates":[-49.273165,-25.496561]},"properties":{"id":"3971121636464512","veg":0.7,"date":"2025-06-06","h":935.4}},{"type":"Feature","geometry":{"type":"Point","coordinates":[-49.272133,-25.496582]},"properties":{"id":"1642241773150939","veg":20.4,"date":"2025-06-06","h":935.4}},{"type":"Feature","geometry":{"type":"Point","coordinates":[-49.272257,-25.496587]},"properties":{"id":"637053522712808","veg":19.6,"date":"2025-06-06","h":935.4}},{"type":"Feature","geometry":{"type":"Point","coordinates":[-49.271029,-25.496485]},"properties":{"id":"1398300824774874","veg":6.9,"date":"2025-06-06","h":936.3}},{"type":"Feature","geometry":{"type":"Point","coordinates":[-49.271181,-25.496493]},"properties":{"id":"1429301381437020","veg":11.8,"date":"2025-06-06","h":936.3}},{"type":"Feature","geometry":{"type":"Point","coordinates":[-49.27143,-25.496509]},"properties":{"id":"1864967040932256","veg":2.0,"date":"2025-06-06","h":935.4}},{"type":"Feature","geometry":{"type":"Point","coordinates":[-49.271267,-25.496499]},"properties":{"id":"4146972968918307","veg":18.8,"date":"2025-06-06","h":935.4}},{"type":"Feature","geometry":{"type":"Point","coordinates":[-49.271322,-25.496502]},"properties":{"id":"3087273034771256","veg":8.6,"date":"2025-06-06","h":935.4}},{"type":"Feature","geometry":{"type":"Point","coordinates":[-49.27115,-25.496492]},"properties":{"id":"3158865460945812","veg":18.8,"date":"2025-06-06","h":936.3}},{"type":"Feature","geometry":{"type":"Point","coordinates":[-49.271557,-25.496517]},"properties":{"id":"24100206886250919","veg":2.9,"date":"2025-06-06","h":935.4}},{"type":"Feature","geometry":{"type":"Point","coordinates":[-49.27108,-25.496488]},"properties":{"id":"629899330065055","veg":11.3,"date":"2025-06-06","h":936.3}},{"type":"Feature","geometry":{"type":"Point","coordinates":[-49.271124,-25.49649]},"properties":{"id":"599177422642184","veg":17.4,"date":"2025-06-06","h":936.3}},{"type":"Feature","geometry":{"type":"Point","coordinates":[-49.271378,-25.496505]},"properties":{"id":"755234776830727","veg":2.4,"date":"2025-06-06","h":935.4}},{"type":"Feature","geometry":{"type":"Point","coordinates":[-49.270957,-25.496482]},"properties":{"id":"512643261843002","veg":4.3,"date":"2025-06-06","h":936.3}},{"type":"Feature","geometry":{"type":"Point","coordinates":[-49.271721,-25.496534]},"properties":{"id":"1219613263124192","veg":5.2,"date":"2025-06-06","h":935.4}},{"type":"Feature","geometry":{"type":"Point","coordinates":[-49.271639,-25.496522]},"properties":{"id":"1004955381627848","veg":3.7,"date":"2025-06-06","h":935.4}},{"type":"Feature","geometry":{"type":"Point","coordinates":[-49.27191,-25.496565]},"properties":{"id":"1389064742238817","veg":20.3,"date":"2025-06-06","h":935.4}},{"type":"Feature","geometry":{"type":"Point","coordinates":[-49.271493,-25.496512]},"properties":{"id":"1597732290915681","veg":3.2,"date":"2025-06-06","h":935.4}},{"type":"Feature","geometry":{"type":"Point","coordinates":[-49.271809,-25.496551]},"properties":{"id":"1929378717822714","veg":9.9,"date":"2025-06-06","h":935.4}},{"type":"Feature","geometry":{"type":"Point","coordinates":[-49.272024,-25.496575]},"properties":{"id":"701907755765340","veg":25.0,"date":"2025-06-06","h":935.4}},{"type":"Feature","geometry":{"type":"Point","coordinates":[-49.272642,-25.496598]},"properties":{"id":"1032561185750545","veg":34.0,"date":"2025-06-06","h":935.4}},{"type":"Feature","geometry":{"type":"Point","coordinates":[-49.272514,-25.496598]},"properties":{"id":"2120212051819402","veg":34.3,"date":"2025-06-06","h":935.4}},{"type":"Feature","geometry":{"type":"Point","coordinates":[-49.272772,-25.496594]},"properties":{"id":"9931004636955321","veg":35.5,"date":"2025-06-06","h":935.4}},{"type":"Feature","geometry":{"type":"Point","coordinates":[-49.268218,-25.497504]},"properties":{"id":"702178319217896","veg":24.1,"date":"2025-06-06","h":932.8}},{"type":"Feature","geometry":{"type":"Point","coordinates":[-49.268117,-25.497724]},"properties":{"id":"1066734558725666","veg":36.1,"date":"2025-06-06","h":932.8}},{"type":"Feature","geometry":{"type":"Point","coordinates":[-49.268082,-25.497827]},"properties":{"id":"752225937230765","veg":33.7,"date":"2025-06-06","h":932.8}},{"type":"Feature","geometry":{"type":"Point","coordinates":[-49.268164,-25.497607]},"properties":{"id":"694142906669441","veg":38.3,"date":"2025-06-06","h":932.8}},{"type":"Feature","geometry":{"type":"Point","coordinates":[-49.268015,-25.49803]},"properties":{"id":"2827219434125091","veg":29.3,"date":"2025-06-06","h":932.8}},{"type":"Feature","geometry":{"type":"Point","coordinates":[-49.268049,-25.497926]},"properties":{"id":"711270457938371","veg":27.8,"date":"2025-06-06","h":932.8}},{"type":"Feature","geometry":{"type":"Point","coordinates":[-49.267976,-25.498386]},"properties":{"id":"1882099549302468","veg":14.1,"date":"2025-06-06","h":932.8}},{"type":"Feature","geometry":{"type":"Point","coordinates":[-49.268137,-25.498168]},"properties":{"id":"1405715753914561","veg":14.8,"date":"2025-06-06","h":932.8}},{"type":"Feature","geometry":{"type":"Point","coordinates":[-49.267985,-25.498125]},"properties":{"id":"1621616288550806","veg":24.2,"date":"2025-06-06","h":932.8}},{"type":"Feature","geometry":{"type":"Point","coordinates":[-49.26793,-25.498303]},"properties":{"id":"1052609146266339","veg":13.1,"date":"2025-06-06","h":932.8}},{"type":"Feature","geometry":{"type":"Point","coordinates":[-49.267905,-25.498381]},"properties":{"id":"1437362764071961","veg":14.6,"date":"2025-06-06","h":932.8}},{"type":"Feature","geometry":{"type":"Point","coordinates":[-49.267959,-25.498211]},"properties":{"id":"715606387612641","veg":15.8,"date":"2025-06-06","h":932.8}},{"type":"Feature","geometry":{"type":"Point","coordinates":[-49.267859,-25.498518]},"properties":{"id":"689667147112384","veg":9.6,"date":"2025-06-06","h":932.8}},{"type":"Feature","geometry":{"type":"Point","coordinates":[-49.267879,-25.498459]},"properties":{"id":"637693052630320","veg":13.8,"date":"2025-06-06","h":932.8}},{"type":"Feature","geometry":{"type":"Point","coordinates":[-49.267118,-25.498871]},"properties":{"id":"1111163280853174","veg":4.1,"date":"2025-06-06","h":928.3}},{"type":"Feature","geometry":{"type":"Point","coordinates":[-49.267059,-25.498839]},"properties":{"id":"1234064588354324","veg":2.6,"date":"2025-06-06","h":928.3}},{"type":"Feature","geometry":{"type":"Point","coordinates":[-49.267238,-25.498942]},"properties":{"id":"1019771650337058","veg":3.8,"date":"2025-06-06","h":928.3}},{"type":"Feature","geometry":{"type":"Point","coordinates":[-49.267184,-25.498909]},"properties":{"id":"1666717513977021","veg":4.5,"date":"2025-06-06","h":928.3}},{"type":"Feature","geometry":{"type":"Point","coordinates":[-49.267538,-25.499077]},"properties":{"id":"1500279138022102","veg":2.1,"date":"2025-06-06","h":932.3}},{"type":"Feature","geometry":{"type":"Point","coordinates":[-49.267782,-25.498902]},"properties":{"id":"1255052442995235","veg":7.0,"date":"2025-06-06","h":932.4}},{"type":"Feature","geometry":{"type":"Point","coordinates":[-49.26737,-25.498998]},"properties":{"id":"1346372029763756","veg":2.0,"date":"2025-06-06","h":931.8}},{"type":"Feature","geometry":{"type":"Point","coordinates":[-49.267555,-25.498928]},"properties":{"id":"1002963318524983","veg":4.7,"date":"2025-06-06","h":932.4}},{"type":"Feature","geometry":{"type":"Point","coordinates":[-49.267494,-25.499061]},"properties":{"id":"1431988574595816","veg":4.1,"date":"2025-06-06","h":932.0}},{"type":"Feature","geometry":{"type":"Point","coordinates":[-49.267408,-25.499119]},"properties":{"id":"1015057714125628","veg":3.9,"date":"2025-06-06","h":932.4}},{"type":"Feature","geometry":{"type":"Point","coordinates":[-49.267294,-25.498971]},"properties":{"id":"1211024776967935","veg":3.3,"date":"2025-06-06","h":928.3}},{"type":"Feature","geometry":{"type":"Point","coordinates":[-49.267407,-25.499018]},"properties":{"id":"1212891600301237","veg":3.4,"date":"2025-06-06","h":932.0}},{"type":"Feature","geometry":{"type":"Point","coordinates":[-49.267742,-25.498963]},"properties":{"id":"664051573294304","veg":5.0,"date":"2025-06-06","h":932.4}},{"type":"Feature","geometry":{"type":"Point","coordinates":[-49.267682,-25.499069]},"properties":{"id":"2023648181498131","veg":1.1,"date":"2025-06-06","h":932.3}},{"type":"Feature","geometry":{"type":"Point","coordinates":[-49.267272,-25.49896]},"properties":{"id":"1922023701940524","veg":1.9,"date":"2025-06-06","h":928.3}},{"type":"Feature","geometry":{"type":"Point","coordinates":[-49.267672,-25.498775]},"properties":{"id":"4551500485076197","veg":6.6,"date":"2025-06-06","h":932.8}},{"type":"Feature","geometry":{"type":"Point","coordinates":[-49.267455,-25.499042]},"properties":{"id":"4165059343775497","veg":4.0,"date":"2025-06-06","h":932.0}},{"type":"Feature","geometry":{"type":"Point","coordinates":[-49.267701,-25.499051]},"properties":{"id":"586412974492109","veg":3.0,"date":"2025-06-06","h":932.3}},{"type":"Feature","geometry":{"type":"Point","coordinates":[-49.267753,-25.498662]},"properties":{"id":"680302551563749","veg":9.1,"date":"2025-06-06","h":932.8}},{"type":"Feature","geometry":{"type":"Point","coordinates":[-49.26804,-25.498905]},"properties":{"id":"587185703982571","veg":3.9,"date":"2025-06-06","h":932.3}},{"type":"Feature","geometry":{"type":"Point","coordinates":[-49.267331,-25.498984]},"properties":{"id":"687717870705832","veg":0.6,"date":"2025-06-06","h":931.8}},{"type":"Feature","geometry":{"type":"Point","coordinates":[-49.263507,-25.498218]},"properties":{"id":"725177159889171","veg":4.3,"date":"2025-06-06","h":932.4}},{"type":"Feature","geometry":{"type":"Point","coordinates":[-49.267572,-25.499086]},"properties":{"id":"725414349929285","veg":2.7,"date":"2025-06-06","h":932.3}},{"type":"Feature","geometry":{"type":"Point","coordinates":[-49.267635,-25.49909]},"properties":{"id":"691864907026735","veg":2.4,"date":"2025-06-06","h":932.3}},{"type":"Feature","geometry":{"type":"Point","coordinates":[-49.267836,-25.498541]},"properties":{"id":"799239326108127","veg":10.2,"date":"2025-06-06","h":932.8}},{"type":"Feature","geometry":{"type":"Point","coordinates":[-49.265722,-25.498157]},"properties":{"id":"1226862249098908","veg":6.6,"date":"2025-06-06","h":912.6}},{"type":"Feature","geometry":{"type":"Point","coordinates":[-49.265617,-25.498124]},"properties":{"id":"1371382970794465","veg":3.6,"date":"2025-06-06","h":912.6}},{"type":"Feature","geometry":{"type":"Point","coordinates":[-49.265827,-25.498206]},"properties":{"id":"1217723686560731","veg":12.4,"date":"2025-06-06","h":912.6}},{"type":"Feature","geometry":{"type":"Point","coordinates":[-49.265506,-25.498108]},"properties":{"id":"1315580893366607","veg":2.3,"date":"2025-06-06","h":912.6}},{"type":"Feature","geometry":{"type":"Point","coordinates":[-49.266714,-25.498661]},"properties":{"id":"1196244738867144","veg":3.8,"date":"2025-06-06","h":912.6}},{"type":"Feature","geometry":{"type":"Point","coordinates":[-49.266668,-25.498638]},"properties":{"id":"1386985515755912","veg":2.5,"date":"2025-06-06","h":912.6}},{"type":"Feature","geometry":{"type":"Point","coordinates":[-49.266804,-25.49871]},"properties":{"id":"1075239631161974","veg":1.2,"date":"2025-06-06","h":928.3}},{"type":"Feature","geometry":{"type":"Point","coordinates":[-49.266836,-25.498727]},"properties":{"id":"1254102089705564","veg":1.2,"date":"2025-06-06","h":928.3}},{"type":"Feature","geometry":{"type":"Point","coordinates":[-49.266773,-25.498693]},"properties":{"id":"1222787279494693","veg":1.5,"date":"2025-06-06","h":928.3}},{"type":"Feature","geometry":{"type":"Point","coordinates":[-49.266863,-25.49874]},"properties":{"id":"1367461411174564","veg":1.6,"date":"2025-06-06","h":928.3}},{"type":"Feature","geometry":{"type":"Point","coordinates":[-49.266922,-25.498768]},"properties":{"id":"1258381662325524","veg":2.5,"date":"2025-06-06","h":928.3}},{"type":"Feature","geometry":{"type":"Point","coordinates":[-49.266632,-25.498618]},"properties":{"id":"2853782374828644","veg":2.4,"date":"2025-06-06","h":912.6}},{"type":"Feature","geometry":{"type":"Point","coordinates":[-49.267,-25.498808]},"properties":{"id":"685730220938712","veg":3.2,"date":"2025-06-06","h":928.3}},{"type":"Feature","geometry":{"type":"Point","coordinates":[-49.266742,-25.498677]},"properties":{"id":"735170055606436","veg":2.3,"date":"2025-06-06","h":928.3}},{"type":"Feature","geometry":{"type":"Point","coordinates":[-49.266563,-25.498583]},"properties":{"id":"670268029170705","veg":5.4,"date":"2025-06-06","h":912.6}},{"type":"Feature","geometry":{"type":"Point","coordinates":[-49.266169,-25.498382]},"properties":{"id":"1483780909650925","veg":14.8,"date":"2025-06-06","h":912.6}},{"type":"Feature","geometry":{"type":"Point","coordinates":[-49.266482,-25.498541]},"properties":{"id":"1491416738901398","veg":3.4,"date":"2025-06-06","h":912.6}},{"type":"Feature","geometry":{"type":"Point","coordinates":[-49.266052,-25.498323]},"properties":{"id":"1400879107776216","veg":10.2,"date":"2025-06-06","h":912.6}},{"type":"Feature","geometry":{"type":"Point","coordinates":[-49.266282,-25.49844]},"properties":{"id":"1416708726029102","veg":14.5,"date":"2025-06-06","h":912.6}},{"type":"Feature","geometry":{"type":"Point","coordinates":[-49.266391,-25.498495]},"properties":{"id":"1788219955407660","veg":5.4,"date":"2025-06-06","h":912.6}},{"type":"Feature","geometry":{"type":"Point","coordinates":[-49.26594,-25.498265]},"properties":{"id":"1862817317900930","veg":19.9,"date":"2025-06-06","h":912.6}},{"type":"Feature","geometry":{"type":"Point","coordinates":[-49.265272,-25.498105]},"properties":{"id":"24117057844567401","veg":28.5,"date":"2025-06-06","h":912.6}},{"type":"Feature","geometry":{"type":"Point","coordinates":[-49.265396,-25.498105]},"properties":{"id":"580778045071445","veg":15.0,"date":"2025-06-06","h":912.6}},{"type":"Feature","geometry":{"type":"Point","coordinates":[-49.264711,-25.498109]},"properties":{"id":"1883058232266335","veg":3.1,"date":"2025-06-06","h":912.6}},{"type":"Feature","geometry":{"type":"Point","coordinates":[-49.265161,-25.498103]},"properties":{"id":"686061437723033","veg":20.6,"date":"2025-06-06","h":912.6}},{"type":"Feature","geometry":{"type":"Point","coordinates":[-49.264814,-25.498107]},"properties":{"id":"595352013593041","veg":5.9,"date":"2025-06-06","h":912.6}},{"type":"Feature","geometry":{"type":"Point","coordinates":[-49.265035,-25.498104]},"properties":{"id":"1129155312598704","veg":13.0,"date":"2025-06-06","h":912.6}},{"type":"Feature","geometry":{"type":"Point","coordinates":[-49.264925,-25.498106]},"properties":{"id":"576201998518121","veg":15.8,"date":"2025-06-06","h":912.6}},{"type":"Feature","geometry":{"type":"Point","coordinates":[-49.264517,-25.498114]},"properties":{"id":"2044942889366390","veg":6.5,"date":"2025-06-06","h":912.6}},{"type":"Feature","geometry":{"type":"Point","coordinates":[-49.264387,-25.498117]},"properties":{"id":"576992375085708","veg":23.9,"date":"2025-06-06","h":912.6}},{"type":"Feature","geometry":{"type":"Point","coordinates":[-49.264178,-25.498121]},"properties":{"id":"903505608584188","veg":5.2,"date":"2025-06-06","h":912.6}},{"type":"Feature","geometry":{"type":"Point","coordinates":[-49.264287,-25.498119]},"properties":{"id":"684952611169703","veg":12.2,"date":"2025-06-06","h":912.6}},{"type":"Feature","geometry":{"type":"Point","coordinates":[-49.264084,-25.498123]},"properties":{"id":"669837039211753","veg":5.0,"date":"2025-06-06","h":912.6}},{"type":"Feature","geometry":{"type":"Point","coordinates":[-49.264599,-25.498112]},"properties":{"id":"1388448318965922","veg":3.3,"date":"2025-06-06","h":912.6}},{"type":"Feature","geometry":{"type":"Point","coordinates":[-49.263269,-25.498301]},"properties":{"id":"29911052121874005","veg":22.7,"date":"2025-06-06","h":912.6}},{"type":"Feature","geometry":{"type":"Point","coordinates":[-49.263506,-25.498232]},"properties":{"id":"1221066262839786","veg":28.9,"date":"2025-06-06","h":912.6}},{"type":"Feature","geometry":{"type":"Point","coordinates":[-49.263653,-25.498182]},"properties":{"id":"1197387085200901","veg":13.2,"date":"2025-06-06","h":912.6}},{"type":"Feature","geometry":{"type":"Point","coordinates":[-49.263573,-25.498209]},"properties":{"id":"1211919147319180","veg":13.4,"date":"2025-06-06","h":912.6}},{"type":"Feature","geometry":{"type":"Point","coordinates":[-49.263724,-25.498157]},"properties":{"id":"1719824888654488","veg":2.7,"date":"2025-06-06","h":912.6}},{"type":"Feature","geometry":{"type":"Point","coordinates":[-49.263341,-25.498286]},"properties":{"id":"634802602943139","veg":24.2,"date":"2025-06-06","h":912.6}},{"type":"Feature","geometry":{"type":"Point","coordinates":[-49.263387,-25.49827]},"properties":{"id":"4044855005841938","veg":22.5,"date":"2025-06-06","h":912.6}},{"type":"Feature","geometry":{"type":"Point","coordinates":[-49.2633,-25.498297]},"properties":{"id":"533504066379449","veg":28.5,"date":"2025-06-06","h":912.6}},{"type":"Feature","geometry":{"type":"Point","coordinates":[-49.263445,-25.498252]},"properties":{"id":"690569623585717","veg":33.8,"date":"2025-06-06","h":912.6}},{"type":"Feature","geometry":{"type":"Point","coordinates":[-49.263814,-25.498134]},"properties":{"id":"691314997089818","veg":1.5,"date":"2025-06-06","h":912.6}},{"type":"Feature","geometry":{"type":"Point","coordinates":[-49.263122,-25.498262]},"properties":{"id":"1118351056992025","veg":9.4,"date":"2025-06-06","h":913.2}},{"type":"Feature","geometry":{"type":"Point","coordinates":[-49.262879,-25.498173]},"properties":{"id":"1220772839642959","veg":6.3,"date":"2025-06-06","h":913.2}},{"type":"Feature","geometry":{"type":"Point","coordinates":[-49.262953,-25.498197]},"properties":{"id":"1247248073481755","veg":5.9,"date":"2025-06-06","h":913.2}},{"type":"Feature","geometry":{"type":"Point","coordinates":[-49.263098,-25.498251]},"properties":{"id":"1022590809855205","veg":8.6,"date":"2025-06-06","h":913.2}},{"type":"Feature","geometry":{"type":"Point","coordinates":[-49.263013,-25.498217]},"properties":{"id":"592375487236449","veg":5.6,"date":"2025-06-06","h":913.2}},{"type":"Feature","geometry":{"type":"Point","coordinates":[-49.262809,-25.498152]},"properties":{"id":"701990062531115","veg":6.1,"date":"2025-06-06","h":913.2}},{"type":"Feature","geometry":{"type":"Point","coordinates":[-49.262735,-25.498129]},"properties":{"id":"709620091609849","veg":31.1,"date":"2025-06-06","h":913.2}},{"type":"Feature","geometry":{"type":"Point","coordinates":[-49.263058,-25.498234]},"properties":{"id":"1443932566639672","veg":7.2,"date":"2025-06-06","h":913.2}},{"type":"Feature","geometry":{"type":"Point","coordinates":[-49.263902,-25.498123]},"properties":{"id":"1254289086222931","veg":2.5,"date":"2025-06-06","h":912.6}},{"type":"Feature","geometry":{"type":"Point","coordinates":[-49.263993,-25.498123]},"properties":{"id":"1457606535400208","veg":2.5,"date":"2025-06-06","h":912.6}},{"type":"Feature","geometry":{"type":"Point","coordinates":[-49.281051,-25.492879]},"properties":{"id":"1132446355589018","veg":3.6,"date":"2025-06-06","h":927.5}},{"type":"Feature","geometry":{"type":"Point","coordinates":[-49.280926,-25.492917]},"properties":{"id":"1242938163379109","veg":3.7,"date":"2025-06-06","h":931.3}},{"type":"Feature","geometry":{"type":"Point","coordinates":[-49.280881,-25.492992]},"properties":{"id":"1415711166336776","veg":8.4,"date":"2025-06-06","h":927.5}},{"type":"Feature","geometry":{"type":"Point","coordinates":[-49.280685,-25.493138]},"properties":{"id":"1880944646032581","veg":2.7,"date":"2025-06-06","h":931.3}},{"type":"Feature","geometry":{"type":"Point","coordinates":[-49.280971,-25.492932]},"properties":{"id":"1097436388875840","veg":3.9,"date":"2025-06-06","h":927.5}},{"type":"Feature","geometry":{"type":"Point","coordinates":[-49.280714,-25.493106]},"properties":{"id":"1210702000257623","veg":11.3,"date":"2025-06-06","h":927.5}},{"type":"Feature","geometry":{"type":"Point","coordinates":[-49.280848,-25.492987]},"properties":{"id":"1226400352302625","veg":3.3,"date":"2025-06-06","h":931.3}},{"type":"Feature","geometry":{"type":"Point","coordinates":[-49.280803,-25.493045]},"properties":{"id":"10071360759620058","veg":10.8,"date":"2025-06-06","h":927.5}},{"type":"Feature","geometry":{"type":"Point","coordinates":[-49.280217,-25.493229]},"properties":{"id":"1765680941041738","veg":3.0,"date":"2025-06-06","h":931.3}},{"type":"Feature","geometry":{"type":"Point","coordinates":[-49.280747,-25.493886]},"properties":{"id":"1100216458656113","veg":24.7,"date":"2025-06-06","h":933.1}},{"type":"Feature","geometry":{"type":"Point","coordinates":[-49.280932,-25.494047]},"properties":{"id":"1602194777114502","veg":3.3,"date":"2025-06-06","h":933.1}},{"type":"Feature","geometry":{"type":"Point","coordinates":[-49.280814,-25.493943]},"properties":{"id":"2455707318125122","veg":10.6,"date":"2025-06-06","h":933.1}},{"type":"Feature","geometry":{"type":"Point","coordinates":[-49.280874,-25.493996]},"properties":{"id":"581230921699873","veg":4.9,"date":"2025-06-06","h":933.1}},{"type":"Feature","geometry":{"type":"Point","coordinates":[-49.280213,-25.493444]},"properties":{"id":"668342132866126","veg":5.4,"date":"2025-06-06","h":927.5}},{"type":"Feature","geometry":{"type":"Point","coordinates":[-49.28012,-25.493507]},"properties":{"id":"1079209880779559","veg":10.9,"date":"2025-06-06","h":927.5}},{"type":"Feature","geometry":{"type":"Point","coordinates":[-49.280294,-25.493389]},"properties":{"id":"1437341870597782","veg":8.6,"date":"2025-06-06","h":927.5}},{"type":"Feature","geometry":{"type":"Point","coordinates":[-49.279405,-25.493985]},"properties":{"id":"560177230261845","veg":8.9,"date":"2025-06-06","h":934.3}},{"type":"Feature","geometry":{"type":"Point","coordinates":[-49.27949,-25.493929]},"properties":{"id":"729343432893071","veg":8.0,"date":"2025-06-06","h":927.5}},{"type":"Feature","geometry":{"type":"Point","coordinates":[-49.279547,-25.49389]},"properties":{"id":"1201600298375774","veg":12.1,"date":"2025-06-06","h":927.5}},{"type":"Feature","geometry":{"type":"Point","coordinates":[-49.278853,-25.49471]},"properties":{"id":"1372459393963483","veg":11.7,"date":"2025-06-06","h":934.3}},{"type":"Feature","geometry":{"type":"Point","coordinates":[-49.278906,-25.494693]},"properties":{"id":"2405493926498412","veg":12.9,"date":"2025-06-06","h":934.3}},{"type":"Feature","geometry":{"type":"Point","coordinates":[-49.279618,-25.493843]},"properties":{"id":"1470936764278084","veg":13.0,"date":"2025-06-06","h":927.5}},{"type":"Feature","geometry":{"type":"Point","coordinates":[-49.279452,-25.493953]},"properties":{"id":"583723361022324","veg":9.1,"date":"2025-06-06","h":927.5}},{"type":"Feature","geometry":{"type":"Point","coordinates":[-49.278876,-25.494702]},"properties":{"id":"591630966827263","veg":12.8,"date":"2025-06-06","h":934.3}},{"type":"Feature","geometry":{"type":"Point","coordinates":[-49.279426,-25.493971]},"properties":{"id":"970091631717424","veg":9.0,"date":"2025-06-06","h":927.5}},{"type":"Feature","geometry":{"type":"Point","coordinates":[-49.279861,-25.49368]},"properties":{"id":"1053293866296924","veg":9.7,"date":"2025-06-06","h":927.5}},{"type":"Feature","geometry":{"type":"Point","coordinates":[-49.279701,-25.493787]},"properties":{"id":"1411908056716712","veg":10.3,"date":"2025-06-06","h":927.5}},{"type":"Feature","geometry":{"type":"Point","coordinates":[-49.279951,-25.49362]},"properties":{"id":"671683059024916","veg":9.8,"date":"2025-06-06","h":927.5}},{"type":"Feature","geometry":{"type":"Point","coordinates":[-49.280026,-25.49357]},"properties":{"id":"723814190038208","veg":17.4,"date":"2025-06-06","h":927.5}},{"type":"Feature","geometry":{"type":"Point","coordinates":[-49.27978,-25.493735]},"properties":{"id":"1367007001224609","veg":14.8,"date":"2025-06-06","h":927.5}},{"type":"Feature","geometry":{"type":"Point","coordinates":[-49.280547,-25.493221]},"properties":{"id":"1506396570342069","veg":6.7,"date":"2025-06-06","h":927.5}},{"type":"Feature","geometry":{"type":"Point","coordinates":[-49.280349,-25.493552]},"properties":{"id":"1183016953598698","veg":8.7,"date":"2025-06-06","h":931.3}},{"type":"Feature","geometry":{"type":"Point","coordinates":[-49.28042,-25.493376]},"properties":{"id":"1236888864815491","veg":31.5,"date":"2025-06-06","h":931.3}},{"type":"Feature","geometry":{"type":"Point","coordinates":[-49.280335,-25.493521]},"properties":{"id":"1258592905978449","veg":3.2,"date":"2025-06-06","h":931.3}},{"type":"Feature","geometry":{"type":"Point","coordinates":[-49.280417,-25.493609]},"properties":{"id":"1627116207990255","veg":5.6,"date":"2025-06-06","h":933.1}},{"type":"Feature","geometry":{"type":"Point","coordinates":[-49.280378,-25.493418]},"properties":{"id":"1889326001629523","veg":18.8,"date":"2025-06-06","h":931.3}},{"type":"Feature","geometry":{"type":"Point","coordinates":[-49.280368,-25.493569]},"properties":{"id":"1851203832090199","veg":8.9,"date":"2025-06-06","h":931.3}},{"type":"Feature","geometry":{"type":"Point","coordinates":[-49.28038,-25.493333]},"properties":{"id":"1812747899297593","veg":6.2,"date":"2025-06-06","h":927.5}},{"type":"Feature","geometry":{"type":"Point","coordinates":[-49.2804,-25.493595]},"properties":{"id":"2231805940612891","veg":5.6,"date":"2025-06-06","h":933.1}},{"type":"Feature","geometry":{"type":"Point","coordinates":[-49.28034,-25.493499]},"properties":{"id":"3636014146705030","veg":14.3,"date":"2025-06-06","h":931.3}},{"type":"Feature","geometry":{"type":"Point","coordinates":[-49.280469,-25.493273]},"properties":{"id":"737503952070536","veg":3.8,"date":"2025-06-06","h":927.5}},{"type":"Feature","geometry":{"type":"Point","coordinates":[-49.280452,-25.493639]},"properties":{"id":"723510236816540","veg":10.8,"date":"2025-06-06","h":933.1}},{"type":"Feature","geometry":{"type":"Point","coordinates":[-49.280476,-25.493328]},"properties":{"id":"555764650750699","veg":5.8,"date":"2025-06-06","h":931.3}},{"type":"Feature","geometry":{"type":"Point","coordinates":[-49.279715,-25.494559]},"properties":{"id":"1059861128810000","veg":7.9,"date":"2025-06-06","h":933.2}},{"type":"Feature","geometry":{"type":"Point","coordinates":[-49.278938,-25.494684]},"properties":{"id":"1778137863086973","veg":9.0,"date":"2025-06-06","h":934.3}},{"type":"Feature","geometry":{"type":"Point","coordinates":[-49.279635,-25.494571]},"properties":{"id":"601767292951016","veg":6.6,"date":"2025-06-06","h":933.2}},{"type":"Feature","geometry":{"type":"Point","coordinates":[-49.279784,-25.494549]},"properties":{"id":"1026106279655366","veg":9.4,"date":"2025-06-06","h":933.2}},{"type":"Feature","geometry":{"type":"Point","coordinates":[-49.279925,-25.494528]},"properties":{"id":"1088200286456618","veg":17.6,"date":"2025-06-06","h":933.2}},{"type":"Feature","geometry":{"type":"Point","coordinates":[-49.279994,-25.494518]},"properties":{"id":"1459959718337741","veg":28.8,"date":"2025-06-06","h":933.2}},{"type":"Feature","geometry":{"type":"Point","coordinates":[-49.280077,-25.494506]},"properties":{"id":"1409880276806087","veg":34.5,"date":"2025-06-06","h":933.2}},{"type":"Feature","geometry":{"type":"Point","coordinates":[-49.280156,-25.494494]},"properties":{"id":"2101552153647467","veg":34.7,"date":"2025-06-06","h":933.2}},{"type":"Feature","geometry":{"type":"Point","coordinates":[-49.27985,-25.494539]},"properties":{"id":"24748153138253326","veg":11.5,"date":"2025-06-06","h":933.2}},{"type":"Feature","geometry":{"type":"Point","coordinates":[-49.280238,-25.494482]},"properties":{"id":"704496635873002","veg":6.0,"date":"2025-06-06","h":933.2}},{"type":"Feature","geometry":{"type":"Point","coordinates":[-49.279331,-25.494617]},"properties":{"id":"1003728208512083","veg":6.9,"date":"2025-06-06","h":933.2}},{"type":"Feature","geometry":{"type":"Point","coordinates":[-49.280314,-25.494471]},"properties":{"id":"685638944388416","veg":4.0,"date":"2025-06-06","h":933.2}},{"type":"Feature","geometry":{"type":"Point","coordinates":[-49.279406,-25.494606]},"properties":{"id":"1443593540155505","veg":6.3,"date":"2025-06-06","h":933.2}},{"type":"Feature","geometry":{"type":"Point","coordinates":[-49.279483,-25.494594]},"properties":{"id":"1218523033093340","veg":5.7,"date":"2025-06-06","h":933.2}},{"type":"Feature","geometry":{"type":"Point","coordinates":[-49.279257,-25.494629]},"properties":{"id":"2164499124068451","veg":4.6,"date":"2025-06-06","h":933.2}},{"type":"Feature","geometry":{"type":"Point","coordinates":[-49.279192,-25.494639]},"properties":{"id":"1201934841244107","veg":3.6,"date":"2025-06-06","h":933.2}},{"type":"Feature","geometry":{"type":"Point","coordinates":[-49.279559,-25.494582]},"properties":{"id":"716355300767673","veg":6.0,"date":"2025-06-06","h":933.2}},{"type":"Feature","geometry":{"type":"Point","coordinates":[-49.280459,-25.494449]},"properties":{"id":"1057986222929426","veg":2.3,"date":"2025-06-06","h":933.2}},{"type":"Feature","geometry":{"type":"Point","coordinates":[-49.280513,-25.494441]},"properties":{"id":"24011973851803455","veg":1.4,"date":"2025-06-06","h":933.2}},{"type":"Feature","geometry":{"type":"Point","coordinates":[-49.280551,-25.494435]},"properties":{"id":"693453629978276","veg":1.2,"date":"2025-06-06","h":933.2}},{"type":"Feature","geometry":{"type":"Point","coordinates":[-49.280396,-25.494458]},"properties":{"id":"726759346488918","veg":2.6,"date":"2025-06-06","h":933.2}},{"type":"Feature","geometry":{"type":"Point","coordinates":[-49.280923,-25.494387]},"properties":{"id":"1241330774105550","veg":4.6,"date":"2025-06-06","h":933.5}},{"type":"Feature","geometry":{"type":"Point","coordinates":[-49.280847,-25.494397]},"properties":{"id":"1233737454797863","veg":3.2,"date":"2025-06-06","h":933.5}},{"type":"Feature","geometry":{"type":"Point","coordinates":[-49.280992,-25.494381]},"properties":{"id":"588657307605836","veg":6.6,"date":"2025-06-06","h":933.5}},{"type":"Feature","geometry":{"type":"Point","coordinates":[-49.280799,-25.494402]},"properties":{"id":"3175938782563058","veg":2.8,"date":"2025-06-06","h":933.5}},{"type":"Feature","geometry":{"type":"Point","coordinates":[-49.28067,-25.494418]},"properties":{"id":"715963997681980","veg":1.4,"date":"2025-06-06","h":933.5}},{"type":"Feature","geometry":{"type":"Point","coordinates":[-49.28072,-25.494412]},"properties":{"id":"717112394050439","veg":1.7,"date":"2025-06-06","h":933.5}},{"type":"Feature","geometry":{"type":"Point","coordinates":[-49.28063,-25.494423]},"properties":{"id":"722500150466076","veg":1.4,"date":"2025-06-06","h":933.5}},{"type":"Feature","geometry":{"type":"Point","coordinates":[-49.281111,-25.494362]},"properties":{"id":"1377370863541015","veg":3.7,"date":"2025-06-06","h":933.5}},{"type":"Feature","geometry":{"type":"Point","coordinates":[-49.281113,-25.494198]},"properties":{"id":"1412506936545214","veg":1.6,"date":"2025-06-06","h":933.5}},{"type":"Feature","geometry":{"type":"Point","coordinates":[-49.280593,-25.494429]},"properties":{"id":"952113370241449","veg":1.2,"date":"2025-06-06","h":933.2}},{"type":"Feature","geometry":{"type":"Point","coordinates":[-49.281161,-25.494293]},"properties":{"id":"1045877400941622","veg":0.4,"date":"2025-06-06","h":933.5}},{"type":"Feature","geometry":{"type":"Point","coordinates":[-49.281147,-25.494331]},"properties":{"id":"1750533348879665","veg":0.2,"date":"2025-06-06","h":933.5}},{"type":"Feature","geometry":{"type":"Point","coordinates":[-49.281076,-25.494166]},"properties":{"id":"1896117377870147","veg":1.5,"date":"2025-06-06","h":933.5}},{"type":"Feature","geometry":{"type":"Point","coordinates":[-49.28103,-25.49413]},"properties":{"id":"24483821757922129","veg":1.9,"date":"2025-06-06","h":933.5}},{"type":"Feature","geometry":{"type":"Point","coordinates":[-49.281141,-25.49423]},"properties":{"id":"1922453658513420","veg":1.4,"date":"2025-06-06","h":933.5}},{"type":"Feature","geometry":{"type":"Point","coordinates":[-49.281057,-25.494377]},"properties":{"id":"2793188757555061","veg":2.9,"date":"2025-06-06","h":933.5}},{"type":"Feature","geometry":{"type":"Point","coordinates":[-49.281157,-25.494259]},"properties":{"id":"687846713862043","veg":0.9,"date":"2025-06-06","h":933.5}},{"type":"Feature","geometry":{"type":"Point","coordinates":[-49.277058,-25.492999]},"properties":{"id":"1229781008881801","veg":3.4,"date":"2025-06-06","h":933.4}},{"type":"Feature","geometry":{"type":"Point","coordinates":[-49.276966,-25.492907]},"properties":{"id":"1242633567575074","veg":5.3,"date":"2025-06-06","h":933.4}},{"type":"Feature","geometry":{"type":"Point","coordinates":[-49.277715,-25.49366]},"properties":{"id":"1250875616669144","veg":4.3,"date":"2025-06-06","h":933.4}},{"type":"Feature","geometry":{"type":"Point","coordinates":[-49.278039,-25.49398]},"properties":{"id":"725987323263138","veg":9.2,"date":"2025-06-06","h":933.4}},{"type":"Feature","geometry":{"type":"Point","coordinates":[-49.277958,-25.4939]},"properties":{"id":"688307850790290","veg":11.0,"date":"2025-06-06","h":933.4}},{"type":"Feature","geometry":{"type":"Point","coordinates":[-49.277559,-25.493503]},"properties":{"id":"1235300648141123","veg":2.9,"date":"2025-06-06","h":933.4}},{"type":"Feature","geometry":{"type":"Point","coordinates":[-49.277876,-25.493819]},"properties":{"id":"1353443209100973","veg":1.1,"date":"2025-06-06","h":933.4}},{"type":"Feature","geometry":{"type":"Point","coordinates":[-49.277482,-25.493425]},"properties":{"id":"1035629204898978","veg":4.6,"date":"2025-06-06","h":933.4}},{"type":"Feature","geometry":{"type":"Point","coordinates":[-49.277637,-25.493582]},"properties":{"id":"751792620521279","veg":2.1,"date":"2025-06-06","h":933.4}},{"type":"Feature","geometry":{"type":"Point","coordinates":[-49.277791,-25.493736]},"properties":{"id":"9840199532737756","veg":1.6,"date":"2025-06-06","h":933.4}},{"type":"Feature","geometry":{"type":"Point","coordinates":[-49.277395,-25.493337]},"properties":{"id":"1036961518577347","veg":7.6,"date":"2025-06-06","h":933.4}},{"type":"Feature","geometry":{"type":"Point","coordinates":[-49.277148,-25.49309]},"properties":{"id":"1026177879627658","veg":8.5,"date":"2025-06-06","h":933.4}},{"type":"Feature","geometry":{"type":"Point","coordinates":[-49.277315,-25.493257]},"properties":{"id":"1664584807527562","veg":10.1,"date":"2025-06-06","h":933.4}},{"type":"Feature","geometry":{"type":"Point","coordinates":[-49.277231,-25.493173]},"properties":{"id":"615961177466080","veg":12.0,"date":"2025-06-06","h":933.4}},{"type":"Feature","geometry":{"type":"Point","coordinates":[-49.278195,-25.494135]},"properties":{"id":"1229139422268661","veg":2.2,"date":"2025-06-06","h":933.4}},{"type":"Feature","geometry":{"type":"Point","coordinates":[-49.27812,-25.494061]},"properties":{"id":"1014024457381682","veg":5.0,"date":"2025-06-06","h":933.4}},{"type":"Feature","geometry":{"type":"Point","coordinates":[-49.277138,-25.495334]},"properties":{"id":"1733490497593654","veg":10.5,"date":"2025-06-06","h":935.4}},{"type":"Feature","geometry":{"type":"Point","coordinates":[-49.277708,-25.495157]},"properties":{"id":"527026197045632","veg":4.9,"date":"2025-06-06","h":935.4}},{"type":"Feature","geometry":{"type":"Point","coordinates":[-49.277806,-25.495125]},"properties":{"id":"1023192619791835","veg":4.7,"date":"2025-06-06","h":935.4}},{"type":"Feature","geometry":{"type":"Point","coordinates":[-49.277329,-25.495274]},"properties":{"id":"1007895641133467","veg":18.4,"date":"2025-06-06","h":935.4}},{"type":"Feature","geometry":{"type":"Point","coordinates":[-49.27752,-25.495217]},"properties":{"id":"1243486477151562","veg":36.2,"date":"2025-06-06","h":935.4}},{"type":"Feature","geometry":{"type":"Point","coordinates":[-49.27742,-25.495247]},"properties":{"id":"1301575941711166","veg":35.9,"date":"2025-06-06","h":935.4}},{"type":"Feature","geometry":{"type":"Point","coordinates":[-49.27723,-25.495304]},"properties":{"id":"24048422631456170","veg":10.2,"date":"2025-06-06","h":935.4}},{"type":"Feature","geometry":{"type":"Point","coordinates":[-49.277618,-25.495187]},"properties":{"id":"609823161614983","veg":15.9,"date":"2025-06-06","h":935.4}},{"type":"Feature","geometry":{"type":"Point","coordinates":[-49.278975,-25.494673]},"properties":{"id":"1776922349907965","veg":6.1,"date":"2025-06-06","h":934.3}},{"type":"Feature","geometry":{"type":"Point","coordinates":[-49.279013,-25.494661]},"properties":{"id":"693001453330871","veg":6.8,"date":"2025-06-06","h":934.3}},{"type":"Feature","geometry":{"type":"Point","coordinates":[-49.278269,-25.494208]},"properties":{"id":"1771071397179745","veg":1.3,"date":"2025-06-06","h":933.4}},{"type":"Feature","geometry":{"type":"Point","coordinates":[-49.2789,-25.494645]},"properties":{"id":"1381191479784322","veg":7.6,"date":"2025-06-06","h":933.4}},{"type":"Feature","geometry":{"type":"Point","coordinates":[-49.279043,-25.494658]},"properties":{"id":"1013496777245031","veg":0.8,"date":"2025-06-06","h":933.4}},{"type":"Feature","geometry":{"type":"Point","coordinates":[-49.279466,-25.494518]},"properties":{"id":"1065145988388582","veg":0.7,"date":"2025-06-06","h":934.3}},{"type":"Feature","geometry":{"type":"Point","coordinates":[-49.278847,-25.494618]},"properties":{"id":"1598634620807700","veg":3.0,"date":"2025-06-06","h":933.4}},{"type":"Feature","geometry":{"type":"Point","coordinates":[-49.278489,-25.494422]},"properties":{"id":"1717315655844962","veg":3.7,"date":"2025-06-06","h":933.4}},{"type":"Feature","geometry":{"type":"Point","coordinates":[-49.279478,-25.494514]},"properties":{"id":"1442845323823775","veg":0.7,"date":"2025-06-06","h":934.3}},{"type":"Feature","geometry":{"type":"Point","coordinates":[-49.278976,-25.49466]},"properties":{"id":"1763678027907579","veg":2.6,"date":"2025-06-06","h":933.4}},{"type":"Feature","geometry":{"type":"Point","coordinates":[-49.278549,-25.494483]},"properties":{"id":"1519825265645433","veg":9.0,"date":"2025-06-06","h":933.4}},{"type":"Feature","geometry":{"type":"Point","coordinates":[-49.279444,-25.494525]},"properties":{"id":"560525816880796","veg":0.7,"date":"2025-06-06","h":934.3}},{"type":"Feature","geometry":{"type":"Point","coordinates":[-49.278933,-25.494655]},"properties":{"id":"669415422753306","veg":4.1,"date":"2025-06-06","h":933.4}},{"type":"Feature","geometry":{"type":"Point","coordinates":[-49.278424,-25.494358]},"properties":{"id":"721039546981334","veg":1.3,"date":"2025-06-06","h":933.4}},{"type":"Feature","geometry":{"type":"Point","coordinates":[-49.278612,-25.494545]},"properties":{"id":"717211810677532","veg":4.6,"date":"2025-06-06","h":933.4}},{"type":"Feature","geometry":{"type":"Point","coordinates":[-49.279101,-25.494635]},"properties":{"id":"1351474776083514","veg":5.8,"date":"2025-06-06","h":934.3}},{"type":"Feature","geometry":{"type":"Point","coordinates":[-49.279056,-25.494649]},"properties":{"id":"1767202304194104","veg":7.2,"date":"2025-06-06","h":934.3}},{"type":"Feature","geometry":{"type":"Point","coordinates":[-49.279155,-25.494617]},"properties":{"id":"1032542088985777","veg":4.9,"date":"2025-06-06","h":934.3}},{"type":"Feature","geometry":{"type":"Point","coordinates":[-49.279265,-25.494582]},"properties":{"id":"1409124260510989","veg":6.9,"date":"2025-06-06","h":934.3}},{"type":"Feature","geometry":{"type":"Point","coordinates":[-49.279206,-25.494601]},"properties":{"id":"1037572737993963","veg":2.5,"date":"2025-06-06","h":934.3}},{"type":"Feature","geometry":{"type":"Point","coordinates":[-49.278614,-25.494802]},"properties":{"id":"1366751097870219","veg":19.7,"date":"2025-06-06","h":935.4}},{"type":"Feature","geometry":{"type":"Point","coordinates":[-49.278939,-25.494697]},"properties":{"id":"1225160615917577","veg":21.6,"date":"2025-06-06","h":933.3}},{"type":"Feature","geometry":{"type":"Point","coordinates":[-49.278534,-25.49483]},"properties":{"id":"1007054918084376","veg":11.7,"date":"2025-06-06","h":935.4}},{"type":"Feature","geometry":{"type":"Point","coordinates":[-49.279367,-25.49455]},"properties":{"id":"1867775977333578","veg":4.1,"date":"2025-06-06","h":934.3}},{"type":"Feature","geometry":{"type":"Point","coordinates":[-49.278466,-25.494855]},"properties":{"id":"675566325368098","veg":8.9,"date":"2025-06-06","h":935.4}},{"type":"Feature","geometry":{"type":"Point","coordinates":[-49.278696,-25.494773]},"properties":{"id":"1900305780790092","veg":26.5,"date":"2025-06-06","h":935.4}},{"type":"Feature","geometry":{"type":"Point","coordinates":[-49.278743,-25.494757]},"properties":{"id":"1624766971518950","veg":30.0,"date":"2025-06-06","h":935.4}},{"type":"Feature","geometry":{"type":"Point","coordinates":[-49.278875,-25.494714]},"properties":{"id":"1975498482983477","veg":16.6,"date":"2025-06-06","h":933.3}},{"type":"Feature","geometry":{"type":"Point","coordinates":[-49.279007,-25.494679]},"properties":{"id":"1649905735713617","veg":18.0,"date":"2025-06-06","h":933.2}},{"type":"Feature","geometry":{"type":"Point","coordinates":[-49.279409,-25.494537]},"properties":{"id":"1766336394095075","veg":3.5,"date":"2025-06-06","h":934.3}},{"type":"Feature","geometry":{"type":"Point","coordinates":[-49.27881,-25.494735]},"properties":{"id":"1229771962030833","veg":41.9,"date":"2025-06-06","h":935.4}},{"type":"Feature","geometry":{"type":"Point","coordinates":[-49.279315,-25.494567]},"properties":{"id":"2160587554370453","veg":2.8,"date":"2025-06-06","h":934.3}},{"type":"Feature","geometry":{"type":"Point","coordinates":[-49.278974,-25.494687]},"properties":{"id":"678483321823519","veg":20.4,"date":"2025-06-06","h":933.3}},{"type":"Feature","geometry":{"type":"Point","coordinates":[-49.278842,-25.494725]},"properties":{"id":"978205867723766","veg":41.5,"date":"2025-06-06","h":933.3}},{"type":"Feature","geometry":{"type":"Point","coordinates":[-49.27904,-25.494671]},"properties":{"id":"590271214104884","veg":16.9,"date":"2025-06-06","h":933.2}},{"type":"Feature","geometry":{"type":"Point","coordinates":[-49.277977,-25.495068]},"properties":{"id":"1020774863505093","veg":3.9,"date":"2025-06-06","h":935.4}},{"type":"Feature","geometry":{"type":"Point","coordinates":[-49.278787,-25.494743]},"properties":{"id":"9942055909207670","veg":37.0,"date":"2025-06-06","h":935.4}},{"type":"Feature","geometry":{"type":"Point","coordinates":[-49.278127,-25.495009]},"properties":{"id":"1948843235857115","veg":4.2,"date":"2025-06-06","h":935.4}},{"type":"Feature","geometry":{"type":"Point","coordinates":[-49.277891,-25.495097]},"properties":{"id":"1492933052133422","veg":5.0,"date":"2025-06-06","h":935.4}},{"type":"Feature","geometry":{"type":"Point","coordinates":[-49.278291,-25.494927]},"properties":{"id":"1870259517084291","veg":7.7,"date":"2025-06-06","h":935.4}},{"type":"Feature","geometry":{"type":"Point","coordinates":[-49.278202,-25.494972]},"properties":{"id":"2451908928519945","veg":5.2,"date":"2025-06-06","h":935.4}},{"type":"Feature","geometry":{"type":"Point","coordinates":[-49.27805,-25.495043]},"properties":{"id":"1651590265787734","veg":3.7,"date":"2025-06-06","h":935.4}},{"type":"Feature","geometry":{"type":"Point","coordinates":[-49.278376,-25.494889]},"properties":{"id":"646669865067449","veg":6.0,"date":"2025-06-06","h":935.4}},{"type":"Feature","geometry":{"type":"Point","coordinates":[-49.273857,-25.494062]},"properties":{"id":"2320759965124519","veg":19.8,"date":"2026-05-31","h":0.0}},{"type":"Feature","geometry":{"type":"Point","coordinates":[-49.274312,-25.494635]},"properties":{"id":"2916697428680494","veg":16.9,"date":"2026-05-31","h":0.0}},{"type":"Feature","geometry":{"type":"Point","coordinates":[-49.274098,-25.49432]},"properties":{"id":"863101089554799","veg":15.5,"date":"2026-05-31","h":0.0}},{"type":"Feature","geometry":{"type":"Point","coordinates":[-49.274732,-25.495096]},"properties":{"id":"944060078633624","veg":30.8,"date":"2026-05-31","h":0.0}},{"type":"Feature","geometry":{"type":"Point","coordinates":[-49.274548,-25.494864]},"properties":{"id":"951646541018378","veg":19.1,"date":"2026-05-31","h":0.0}},{"type":"Feature","geometry":{"type":"Point","coordinates":[-49.275863,-25.495766]},"properties":{"id":"1457160512116338","veg":4.6,"date":"2025-06-06","h":935.4}},{"type":"Feature","geometry":{"type":"Point","coordinates":[-49.276376,-25.495577]},"properties":{"id":"1383217876133796","veg":1.4,"date":"2025-06-06","h":935.4}},{"type":"Feature","geometry":{"type":"Point","coordinates":[-49.275996,-25.495717]},"properties":{"id":"704347298851507","veg":4.5,"date":"2025-06-06","h":935.4}},{"type":"Feature","geometry":{"type":"Point","coordinates":[-49.276245,-25.495625]},"properties":{"id":"650350451301379","veg":1.2,"date":"2025-06-06","h":935.4}},{"type":"Feature","geometry":{"type":"Point","coordinates":[-49.276113,-25.495674]},"properties":{"id":"691383310316631","veg":2.3,"date":"2025-06-06","h":935.4}},{"type":"Feature","geometry":{"type":"Point","coordinates":[-49.275732,-25.49639]},"properties":{"id":"1001840599256485","veg":4.1,"date":"2026-05-31","h":0.0}},{"type":"Feature","geometry":{"type":"Point","coordinates":[-49.27577,-25.496437]},"properties":{"id":"2043719189834879","veg":3.9,"date":"2026-05-31","h":0.0}},{"type":"Feature","geometry":{"type":"Point","coordinates":[-49.27571,-25.496361]},"properties":{"id":"2218741048957171","veg":3.1,"date":"2026-05-31","h":0.0}},{"type":"Feature","geometry":{"type":"Point","coordinates":[-49.275458,-25.496147]},"properties":{"id":"1304044945220289","veg":5.3,"date":"2026-05-31","h":0.0}},{"type":"Feature","geometry":{"type":"Point","coordinates":[-49.275745,-25.495809]},"properties":{"id":"1031429812027127","veg":3.1,"date":"2025-06-06","h":935.4}},{"type":"Feature","geometry":{"type":"Point","coordinates":[-49.275823,-25.496502]},"properties":{"id":"974350548573029","veg":3.8,"date":"2026-05-31","h":0.0}},{"type":"Feature","geometry":{"type":"Point","coordinates":[-49.275696,-25.496342]},"properties":{"id":"1326160762810914","veg":3.1,"date":"2026-05-31","h":0.0}},{"type":"Feature","geometry":{"type":"Point","coordinates":[-49.275522,-25.496246]},"properties":{"id":"1370398798255082","veg":4.3,"date":"2026-05-31","h":0.0}},{"type":"Feature","geometry":{"type":"Point","coordinates":[-49.275543,-25.49628]},"properties":{"id":"1413033227251662","veg":4.2,"date":"2026-05-31","h":0.0}},{"type":"Feature","geometry":{"type":"Point","coordinates":[-49.27549,-25.496197]},"properties":{"id":"1577876574056690","veg":4.6,"date":"2026-05-31","h":0.0}},{"type":"Feature","geometry":{"type":"Point","coordinates":[-49.275677,-25.496319]},"properties":{"id":"1359631616032686","veg":3.4,"date":"2026-05-31","h":0.0}},{"type":"Feature","geometry":{"type":"Point","coordinates":[-49.275376,-25.496019]},"properties":{"id":"2060788771315700","veg":7.6,"date":"2026-05-31","h":0.0}},{"type":"Feature","geometry":{"type":"Point","coordinates":[-49.275272,-25.495857]},"properties":{"id":"2200431444048396","veg":12.2,"date":"2026-05-31","h":0.0}},{"type":"Feature","geometry":{"type":"Point","coordinates":[-49.275327,-25.495939]},"properties":{"id":"3899532933689182","veg":8.7,"date":"2026-05-31","h":0.0}},{"type":"Feature","geometry":{"type":"Point","coordinates":[-49.275486,-25.495901]},"properties":{"id":"721602590443942","veg":0.8,"date":"2025-06-06","h":935.4}},{"type":"Feature","geometry":{"type":"Point","coordinates":[-49.275418,-25.496084]},"properties":{"id":"985554960870526","veg":6.0,"date":"2026-05-31","h":0.0}},{"type":"Feature","geometry":{"type":"Point","coordinates":[-49.275215,-25.495998]},"properties":{"id":"3833494646941764","veg":1.0,"date":"2025-06-06","h":935.4}},{"type":"Feature","geometry":{"type":"Point","coordinates":[-49.275217,-25.49577]},"properties":{"id":"1550195430020666","veg":8.7,"date":"2026-05-31","h":0.0}},{"type":"Feature","geometry":{"type":"Point","coordinates":[-49.275087,-25.495566]},"properties":{"id":"2130992611560532","veg":8.5,"date":"2026-05-31","h":0.0}},{"type":"Feature","geometry":{"type":"Point","coordinates":[-49.275152,-25.49567]},"properties":{"id":"821075380836724","veg":8.9,"date":"2026-05-31","h":0.0}},{"type":"Feature","geometry":{"type":"Point","coordinates":[-49.274959,-25.495359]},"properties":{"id":"973688675287300","veg":22.7,"date":"2026-05-31","h":0.0}},{"type":"Feature","geometry":{"type":"Point","coordinates":[-49.273725,-25.496474]},"properties":{"id":"1435270117496380","veg":0.2,"date":"2025-06-06","h":935.4}},{"type":"Feature","geometry":{"type":"Point","coordinates":[-49.274932,-25.4961]},"properties":{"id":"1218646006012206","veg":0.6,"date":"2025-06-06","h":935.4}},{"type":"Feature","geometry":{"type":"Point","coordinates":[-49.274316,-25.496311]},"properties":{"id":"1116808933621879","veg":0.0,"date":"2025-06-06","h":935.4}},{"type":"Feature","geometry":{"type":"Point","coordinates":[-49.274611,-25.496203]},"properties":{"id":"2148200142370256","veg":0.0,"date":"2025-06-06","h":935.4}},{"type":"Feature","geometry":{"type":"Point","coordinates":[-49.275966,-25.496675]},"properties":{"id":"1025570346623527","veg":3.1,"date":"2026-05-31","h":0.0}},{"type":"Feature","geometry":{"type":"Point","coordinates":[-49.276074,-25.496765]},"properties":{"id":"1334943895182559","veg":2.4,"date":"2026-05-31","h":0.0}},{"type":"Feature","geometry":{"type":"Point","coordinates":[-49.275891,-25.496585]},"properties":{"id":"4378520795703882","veg":3.2,"date":"2026-05-31","h":0.0}},{"type":"Feature","geometry":{"type":"Point","coordinates":[-49.276459,-25.497212]},"properties":{"id":"1348876570638832","veg":4.3,"date":"2026-05-31","h":0.0}},{"type":"Feature","geometry":{"type":"Point","coordinates":[-49.276821,-25.495435]},"properties":{"id":"1596575471035412","veg":3.6,"date":"2025-06-06","h":935.4}},{"type":"Feature","geometry":{"type":"Point","coordinates":[-49.27703,-25.495367]},"properties":{"id":"1618983188774440","veg":8.5,"date":"2025-06-06","h":935.4}},{"type":"Feature","geometry":{"type":"Point","coordinates":[-49.276725,-25.495465]},"properties":{"id":"560249860252289","veg":3.4,"date":"2025-06-06","h":935.4}},{"type":"Feature","geometry":{"type":"Point","coordinates":[-49.276933,-25.495398]},"properties":{"id":"655742854112960","veg":5.6,"date":"2025-06-06","h":935.4}},{"type":"Feature","geometry":{"type":"Point","coordinates":[-49.276493,-25.495538]},"properties":{"id":"1790364424850903","veg":2.6,"date":"2025-06-06","h":935.4}},{"type":"Feature","geometry":{"type":"Point","coordinates":[-49.276603,-25.495503]},"properties":{"id":"1228343672360870","veg":5.6,"date":"2025-06-06","h":935.4}},{"type":"Feature","geometry":{"type":"Point","coordinates":[-49.276547,-25.497511]},"properties":{"id":"1553973526126294","veg":3.0,"date":"2026-05-31","h":0.0}},{"type":"Feature","geometry":{"type":"Point","coordinates":[-49.276629,-25.497847]},"properties":{"id":"2046078382925906","veg":2.7,"date":"2026-05-31","h":0.0}},{"type":"Feature","geometry":{"type":"Point","coordinates":[-49.277074,-25.497829]},"properties":{"id":"1714645756385911","veg":3.8,"date":"2026-05-31","h":0.0}},{"type":"Feature","geometry":{"type":"Point","coordinates":[-49.277515,-25.498461]},"properties":{"id":"1688065859057979","veg":5.3,"date":"2026-05-31","h":0.0}},{"type":"Feature","geometry":{"type":"Point","coordinates":[-49.27774,-25.498711]},"properties":{"id":"932559466494253","veg":19.4,"date":"2026-05-31","h":0.0}},{"type":"Feature","geometry":{"type":"Point","coordinates":[-49.27726,-25.498229]},"properties":{"id":"996756259406491","veg":4.6,"date":"2026-05-31","h":0.0}},{"type":"Feature","geometry":{"type":"Point","coordinates":[-49.278167,-25.499236]},"properties":{"id":"2445611462554411","veg":14.5,"date":"2026-05-31","h":0.0}},{"type":"Feature","geometry":{"type":"Point","coordinates":[-49.278367,-25.499499]},"properties":{"id":"1666219111321638","veg":19.5,"date":"2026-05-31","h":0.0}},{"type":"Feature","geometry":{"type":"Point","coordinates":[-49.278581,-25.499756]},"properties":{"id":"27565875453017742","veg":18.0,"date":"2026-05-31","h":0.0}},{"type":"Feature","geometry":{"type":"Point","coordinates":[-49.278796,-25.500019]},"properties":{"id":"1747638913059849","veg":21.4,"date":"2026-05-31","h":0.0}},{"type":"Feature","geometry":{"type":"Point","coordinates":[-49.278733,-25.500671]},"properties":{"id":"1518392976633946","veg":18.4,"date":"2026-05-31","h":0.0}},{"type":"Feature","geometry":{"type":"Point","coordinates":[-49.279017,-25.500973]},"properties":{"id":"981059151469620","veg":15.0,"date":"2026-05-31","h":0.0}},{"type":"Feature","geometry":{"type":"Point","coordinates":[-49.279145,-25.501191]},"properties":{"id":"27159455253675548","veg":23.3,"date":"2026-05-31","h":0.0}},{"type":"Feature","geometry":{"type":"Point","coordinates":[-49.279616,-25.501234]},"properties":{"id":"1789525225357804","veg":23.7,"date":"2026-05-31","h":0.0}},{"type":"Feature","geometry":{"type":"Point","coordinates":[-49.27962,-25.501556]},"properties":{"id":"1317673640341182","veg":5.7,"date":"2026-05-31","h":0.0}},{"type":"Feature","geometry":{"type":"Point","coordinates":[-49.280179,-25.501963]},"properties":{"id":"1870773726906057","veg":5.4,"date":"2026-05-31","h":0.0}},{"type":"Feature","geometry":{"type":"Point","coordinates":[-49.279815,-25.501863]},"properties":{"id":"1456961402779930","veg":6.5,"date":"2026-05-31","h":0.0}},{"type":"Feature","geometry":{"type":"Point","coordinates":[-49.280482,-25.502119]},"properties":{"id":"1665224448067830","veg":4.1,"date":"2026-05-31","h":0.0}},{"type":"Feature","geometry":{"type":"Point","coordinates":[-49.280716,-25.502407]},"properties":{"id":"2001951790409993","veg":19.1,"date":"2026-05-31","h":0.0}},{"type":"Feature","geometry":{"type":"Point","coordinates":[-49.280946,-25.502687]},"properties":{"id":"986234587713214","veg":17.4,"date":"2026-05-31","h":0.0}},{"type":"Feature","geometry":{"type":"Point","coordinates":[-49.282083,-25.503936]},"properties":{"id":"2283463832426096","veg":12.7,"date":"2026-05-31","h":0.0}},{"type":"Feature","geometry":{"type":"Point","coordinates":[-49.282101,-25.504255]},"properties":{"id":"934568429584997","veg":8.4,"date":"2026-05-31","h":0.0}},{"type":"Feature","geometry":{"type":"Point","coordinates":[-49.282523,-25.504811]},"properties":{"id":"1899917780693936","veg":10.5,"date":"2026-05-31","h":0.0}},{"type":"Feature","geometry":{"type":"Point","coordinates":[-49.282874,-25.505087]},"properties":{"id":"2761488577559026","veg":20.3,"date":"2026-05-31","h":0.0}},{"type":"Feature","geometry":{"type":"Point","coordinates":[-49.282482,-25.504584]},"properties":{"id":"1627646991870715","veg":10.2,"date":"2026-05-31","h":0.0}},{"type":"Feature","geometry":{"type":"Point","coordinates":[-49.281871,-25.503792]},"properties":{"id":"745251071980034","veg":12.2,"date":"2026-05-31","h":0.0}},{"type":"Feature","geometry":{"type":"Point","coordinates":[-49.281352,-25.503185]},"properties":{"id":"1036604508698294","veg":12.8,"date":"2026-05-31","h":0.0}},{"type":"Feature","geometry":{"type":"Point","coordinates":[-49.281515,-25.503489]},"properties":{"id":"3512160248933404","veg":13.8,"date":"2026-05-31","h":0.0}},{"type":"Feature","geometry":{"type":"Point","coordinates":[-49.281163,-25.502956]},"properties":{"id":"2052308071986532","veg":12.8,"date":"2026-05-31","h":0.0}},{"type":"Feature","geometry":{"type":"Point","coordinates":[-49.283597,-25.506342]},"properties":{"id":"1367572301953796","veg":6.8,"date":"2026-05-31","h":0.0}},{"type":"Feature","geometry":{"type":"Point","coordinates":[-49.28337,-25.506059]},"properties":{"id":"994859713129918","veg":10.2,"date":"2026-05-31","h":0.0}},{"type":"Feature","geometry":{"type":"Point","coordinates":[-49.282939,-25.505468]},"properties":{"id":"1353715366640852","veg":7.9,"date":"2026-05-31","h":0.0}},{"type":"Feature","geometry":{"type":"Point","coordinates":[-49.283143,-25.50577]},"properties":{"id":"999782779675382","veg":15.9,"date":"2026-05-31","h":0.0}},{"type":"Feature","geometry":{"type":"Point","coordinates":[-49.284494,-25.507469]},"properties":{"id":"4216512425326547","veg":9.2,"date":"2026-05-31","h":0.0}},{"type":"Feature","geometry":{"type":"Point","coordinates":[-49.28418,-25.507055]},"properties":{"id":"1318894447080684","veg":8.3,"date":"2026-05-31","h":0.0}},{"type":"Feature","geometry":{"type":"Point","coordinates":[-49.284134,-25.506984]},"properties":{"id":"1029796779379272","veg":4.1,"date":"2026-05-31","h":0.0}},{"type":"Feature","geometry":{"type":"Point","coordinates":[-49.283819,-25.506614]},"properties":{"id":"5455346108023840","veg":4.7,"date":"2026-05-31","h":0.0}},{"type":"Feature","geometry":{"type":"Point","coordinates":[-49.274759,-25.513087]},"properties":{"id":"1512224346855794","veg":7.8,"date":"2025-06-04","h":905.9}},{"type":"Feature","geometry":{"type":"Point","coordinates":[-49.274758,-25.513086]},"properties":{"id":"1226653529102495","veg":8.7,"date":"2025-06-04","h":905.9}},{"type":"Feature","geometry":{"type":"Point","coordinates":[-49.274756,-25.513082]},"properties":{"id":"1211497863413209","veg":11.8,"date":"2025-06-04","h":901.3}},{"type":"Feature","geometry":{"type":"Point","coordinates":[-49.274756,-25.51308]},"properties":{"id":"1652370118797716","veg":10.9,"date":"2025-06-04","h":901.3}},{"type":"Feature","geometry":{"type":"Point","coordinates":[-49.274773,-25.513101]},"properties":{"id":"679239661767395","veg":5.4,"date":"2025-06-04","h":905.9}},{"type":"Feature","geometry":{"type":"Point","coordinates":[-49.274756,-25.513083]},"properties":{"id":"738124978744731","veg":12.3,"date":"2025-06-04","h":901.3}},{"type":"Feature","geometry":{"type":"Point","coordinates":[-49.274766,-25.513095]},"properties":{"id":"1028676522751622","veg":8.2,"date":"2025-06-04","h":905.9}},{"type":"Feature","geometry":{"type":"Point","coordinates":[-49.274763,-25.513092]},"properties":{"id":"1077108450978256","veg":10.4,"date":"2025-06-04","h":905.9}},{"type":"Feature","geometry":{"type":"Point","coordinates":[-49.274776,-25.513103]},"properties":{"id":"1082865103710752","veg":4.4,"date":"2025-06-04","h":905.9}},{"type":"Feature","geometry":{"type":"Point","coordinates":[-49.276891,-25.512632]},"properties":{"id":"1037911495151673","veg":3.9,"date":"2025-06-04","h":910.5}},{"type":"Feature","geometry":{"type":"Point","coordinates":[-49.277046,-25.512532]},"properties":{"id":"1247512430715077","veg":17.9,"date":"2025-06-04","h":910.5}},{"type":"Feature","geometry":{"type":"Point","coordinates":[-49.276969,-25.512583]},"properties":{"id":"4148390992069903","veg":3.8,"date":"2025-06-04","h":910.5}},{"type":"Feature","geometry":{"type":"Point","coordinates":[-49.277112,-25.512494]},"properties":{"id":"716224347564241","veg":19.8,"date":"2025-06-04","h":910.5}},{"type":"Feature","geometry":{"type":"Point","coordinates":[-49.27728,-25.512663]},"properties":{"id":"1091120322938660","veg":14.6,"date":"2025-06-04","h":915.9}},{"type":"Feature","geometry":{"type":"Point","coordinates":[-49.277232,-25.512633]},"properties":{"id":"1443652116788437","veg":11.9,"date":"2025-06-04","h":915.9}},{"type":"Feature","geometry":{"type":"Point","coordinates":[-49.277176,-25.512476]},"properties":{"id":"1016452250631310","veg":8.2,"date":"2025-06-04","h":910.5}},{"type":"Feature","geometry":{"type":"Point","coordinates":[-49.277193,-25.512605]},"properties":{"id":"1609910716348951","veg":10.6,"date":"2025-06-04","h":915.9}},{"type":"Feature","geometry":{"type":"Point","coordinates":[-49.277166,-25.51259]},"properties":{"id":"1087508046530291","veg":16.1,"date":"2025-06-04","h":915.9}},{"type":"Feature","geometry":{"type":"Point","coordinates":[-49.277347,-25.512707]},"properties":{"id":"1674776826499810","veg":6.8,"date":"2025-06-04","h":915.9}},{"type":"Feature","geometry":{"type":"Point","coordinates":[-49.277206,-25.512472]},"properties":{"id":"1763839197824748","veg":5.8,"date":"2025-06-04","h":910.5}},{"type":"Feature","geometry":{"type":"Point","coordinates":[-49.277248,-25.512475]},"properties":{"id":"592946596667925","veg":5.8,"date":"2025-06-04","h":910.5}},{"type":"Feature","geometry":{"type":"Point","coordinates":[-49.279965,-25.514892]},"properties":{"id":"1026859159551187","veg":7.0,"date":"2025-06-04","h":929.4}},{"type":"Feature","geometry":{"type":"Point","coordinates":[-49.280112,-25.514787]},"properties":{"id":"1373143063917167","veg":9.1,"date":"2025-06-04","h":929.4}},{"type":"Feature","geometry":{"type":"Point","coordinates":[-49.279886,-25.51495]},"properties":{"id":"718532797383656","veg":6.0,"date":"2025-06-04","h":929.4}},{"type":"Feature","geometry":{"type":"Point","coordinates":[-49.280036,-25.514841]},"properties":{"id":"4141478966085257","veg":12.3,"date":"2025-06-04","h":929.4}},{"type":"Feature","geometry":{"type":"Point","coordinates":[-49.280273,-25.514676]},"properties":{"id":"3949452241940172","veg":8.5,"date":"2025-06-04","h":929.4}},{"type":"Feature","geometry":{"type":"Point","coordinates":[-49.279742,-25.515056]},"properties":{"id":"1073246648002541","veg":9.2,"date":"2025-06-04","h":929.4}},{"type":"Feature","geometry":{"type":"Point","coordinates":[-49.280195,-25.51473]},"properties":{"id":"9720985551332311","veg":4.4,"date":"2025-06-04","h":929.4}},{"type":"Feature","geometry":{"type":"Point","coordinates":[-49.279813,-25.515004]},"properties":{"id":"1617489112249500","veg":4.3,"date":"2025-06-04","h":929.4}},{"type":"Feature","geometry":{"type":"Point","coordinates":[-49.280416,-25.514574]},"properties":{"id":"1244994900652884","veg":6.7,"date":"2025-06-04","h":929.4}},{"type":"Feature","geometry":{"type":"Point","coordinates":[-49.280484,-25.514525]},"properties":{"id":"1820808021830204","veg":3.4,"date":"2025-06-04","h":929.4}},{"type":"Feature","geometry":{"type":"Point","coordinates":[-49.280343,-25.514626]},"properties":{"id":"2551504191900647","veg":5.2,"date":"2025-06-04","h":929.4}},{"type":"Feature","geometry":{"type":"Point","coordinates":[-49.279384,-25.515143]},"properties":{"id":"1445859096575546","veg":3.1,"date":"2025-06-04","h":929.4}},{"type":"Feature","geometry":{"type":"Point","coordinates":[-49.279307,-25.515039]},"properties":{"id":"1367375071186547","veg":0.6,"date":"2025-06-04","h":929.4}},{"type":"Feature","geometry":{"type":"Point","coordinates":[-49.279676,-25.515104]},"properties":{"id":"1449723836378422","veg":17.3,"date":"2025-06-04","h":929.4}},{"type":"Feature","geometry":{"type":"Point","coordinates":[-49.27942,-25.515179]},"properties":{"id":"571732209306122","veg":20.3,"date":"2025-06-04","h":929.4}},{"type":"Feature","geometry":{"type":"Point","coordinates":[-49.279622,-25.515143]},"properties":{"id":"695193416449249","veg":24.9,"date":"2025-06-04","h":929.4}},{"type":"Feature","geometry":{"type":"Point","coordinates":[-49.279205,-25.514912]},"properties":{"id":"698991169665742","veg":1.6,"date":"2025-06-04","h":929.4}},{"type":"Feature","geometry":{"type":"Point","coordinates":[-49.279256,-25.514975]},"properties":{"id":"697018416420130","veg":0.6,"date":"2025-06-04","h":929.4}},{"type":"Feature","geometry":{"type":"Point","coordinates":[-49.279351,-25.515097]},"properties":{"id":"978604680829120","veg":6.9,"date":"2025-06-04","h":929.4}},{"type":"Feature","geometry":{"type":"Point","coordinates":[-49.280865,-25.514246]},"properties":{"id":"1169611458184764","veg":11.5,"date":"2025-06-04","h":929.4}},{"type":"Feature","geometry":{"type":"Point","coordinates":[-49.280742,-25.514346]},"properties":{"id":"1608928519794042","veg":4.0,"date":"2025-06-04","h":929.4}},{"type":"Feature","geometry":{"type":"Point","coordinates":[-49.280919,-25.514226]},"properties":{"id":"1240037127468257","veg":8.4,"date":"2025-06-04","h":929.4}},{"type":"Feature","geometry":{"type":"Point","coordinates":[-49.280617,-25.514428]},"properties":{"id":"1260926028975145","veg":21.9,"date":"2025-06-04","h":929.4}},{"type":"Feature","geometry":{"type":"Point","coordinates":[-49.280547,-25.514479]},"properties":{"id":"1671688843548133","veg":4.2,"date":"2025-06-04","h":929.4}},{"type":"Feature","geometry":{"type":"Point","coordinates":[-49.28079,-25.514309]},"properties":{"id":"1881389785985464","veg":2.6,"date":"2025-06-04","h":929.4}},{"type":"Feature","geometry":{"type":"Point","coordinates":[-49.280886,-25.514233]},"properties":{"id":"719162243836450","veg":15.0,"date":"2025-06-04","h":929.4}},{"type":"Feature","geometry":{"type":"Point","coordinates":[-49.280678,-25.514384]},"properties":{"id":"921375120081675","veg":7.5,"date":"2025-06-04","h":929.4}},{"type":"Feature","geometry":{"type":"Point","coordinates":[-49.280833,-25.514274]},"properties":{"id":"679548308250060","veg":14.5,"date":"2025-06-04","h":929.4}},{"type":"Feature","geometry":{"type":"Point","coordinates":[-49.281572,-25.514992]},"properties":{"id":"1384237192723686","veg":1.5,"date":"2025-06-04","h":930.7}},{"type":"Feature","geometry":{"type":"Point","coordinates":[-49.281618,-25.515048]},"properties":{"id":"1428568401610163","veg":1.0,"date":"2025-06-04","h":930.7}},{"type":"Feature","geometry":{"type":"Point","coordinates":[-49.281708,-25.515156]},"properties":{"id":"1985521262257921","veg":9.7,"date":"2025-06-04","h":930.7}},{"type":"Feature","geometry":{"type":"Point","coordinates":[-49.281668,-25.515106]},"properties":{"id":"2524373694571217","veg":7.1,"date":"2025-06-04","h":930.7}},{"type":"Feature","geometry":{"type":"Point","coordinates":[-49.281423,-25.514811]},"properties":{"id":"1192013666034211","veg":0.4,"date":"2025-06-04","h":930.7}},{"type":"Feature","geometry":{"type":"Point","coordinates":[-49.281179,-25.514508]},"properties":{"id":"1386220396022403","veg":1.9,"date":"2025-06-04","h":930.7}},{"type":"Feature","geometry":{"type":"Point","coordinates":[-49.28128,-25.514634]},"properties":{"id":"2495504777462758","veg":0.8,"date":"2025-06-04","h":930.7}},{"type":"Feature","geometry":{"type":"Point","coordinates":[-49.281474,-25.514874]},"properties":{"id":"1249351113488203","veg":0.3,"date":"2025-06-04","h":930.7}},{"type":"Feature","geometry":{"type":"Point","coordinates":[-49.280975,-25.514252]},"properties":{"id":"1217517802836004","veg":5.1,"date":"2025-06-04","h":929.6}},{"type":"Feature","geometry":{"type":"Point","coordinates":[-49.281526,-25.514935]},"properties":{"id":"1082675620586077","veg":0.4,"date":"2025-06-04","h":930.7}},{"type":"Feature","geometry":{"type":"Point","coordinates":[-49.28124,-25.514584]},"properties":{"id":"1073936867926174","veg":1.2,"date":"2025-06-04","h":930.7}},{"type":"Feature","geometry":{"type":"Point","coordinates":[-49.281376,-25.514754]},"properties":{"id":"713654911054765","veg":0.5,"date":"2025-06-04","h":930.7}},{"type":"Feature","geometry":{"type":"Point","coordinates":[-49.280954,-25.514234]},"properties":{"id":"1372511120640123","veg":8.7,"date":"2025-06-04","h":929.4}},{"type":"Feature","geometry":{"type":"Point","coordinates":[-49.281076,-25.514376]},"properties":{"id":"1331707175176253","veg":9.4,"date":"2025-06-04","h":929.6}},{"type":"Feature","geometry":{"type":"Point","coordinates":[-49.281139,-25.514456]},"properties":{"id":"984477723563306","veg":3.1,"date":"2025-06-04","h":926.0}},{"type":"Feature","geometry":{"type":"Point","coordinates":[-49.281049,-25.514342]},"properties":{"id":"525899243825071","veg":13.8,"date":"2025-06-04","h":929.6}},{"type":"Feature","geometry":{"type":"Point","coordinates":[-49.281325,-25.51469]},"properties":{"id":"701350849540637","veg":0.6,"date":"2025-06-04","h":930.7}},{"type":"Feature","geometry":{"type":"Point","coordinates":[-49.281205,-25.514542]},"properties":{"id":"689078050752012","veg":1.4,"date":"2025-06-04","h":930.7}},{"type":"Feature","geometry":{"type":"Point","coordinates":[-49.281001,-25.514282]},"properties":{"id":"690703070520900","veg":3.9,"date":"2025-06-04","h":929.6}},{"type":"Feature","geometry":{"type":"Point","coordinates":[-49.281024,-25.514311]},"properties":{"id":"909769891278877","veg":3.0,"date":"2025-06-04","h":929.6}},{"type":"Feature","geometry":{"type":"Point","coordinates":[-49.281853,-25.515336]},"properties":{"id":"1407387470401491","veg":4.8,"date":"2025-06-04","h":928.3}},{"type":"Feature","geometry":{"type":"Point","coordinates":[-49.281874,-25.515361]},"properties":{"id":"1899106810913437","veg":5.1,"date":"2025-06-04","h":928.3}},{"type":"Feature","geometry":{"type":"Point","coordinates":[-49.280976,-25.514331]},"properties":{"id":"1182127443684079","veg":4.0,"date":"2025-06-04","h":928.3}},{"type":"Feature","geometry":{"type":"Point","coordinates":[-49.281841,-25.515321]},"properties":{"id":"1744602792844353","veg":5.0,"date":"2025-06-04","h":928.3}},{"type":"Feature","geometry":{"type":"Point","coordinates":[-49.281744,-25.5152]},"properties":{"id":"1903383563758874","veg":7.5,"date":"2025-06-04","h":930.0}},{"type":"Feature","geometry":{"type":"Point","coordinates":[-49.281807,-25.51528]},"properties":{"id":"1779737162757292","veg":5.5,"date":"2025-06-04","h":930.0}},{"type":"Feature","geometry":{"type":"Point","coordinates":[-49.281779,-25.515246]},"properties":{"id":"2172235456582648","veg":5.8,"date":"2025-06-04","h":930.0}},{"type":"Feature","geometry":{"type":"Point","coordinates":[-49.279514,-25.515166]},"properties":{"id":"1013365290966640","veg":13.8,"date":"2025-06-04","h":929.4}},{"type":"Feature","geometry":{"type":"Point","coordinates":[-49.279567,-25.515167]},"properties":{"id":"739274408773056","veg":6.7,"date":"2025-06-04","h":929.4}},{"type":"Feature","geometry":{"type":"Point","coordinates":[-49.284159,-25.515603]},"properties":{"id":"1438626437312293","veg":27.9,"date":"2025-06-07","h":929.0}},{"type":"Feature","geometry":{"type":"Point","coordinates":[-49.283598,-25.516217]},"properties":{"id":"1439805527383869","veg":12.4,"date":"2025-06-04","h":929.3}},{"type":"Feature","geometry":{"type":"Point","coordinates":[-49.283909,-25.515982]},"properties":{"id":"1750932712297800","veg":15.0,"date":"2025-06-04","h":929.3}},{"type":"Feature","geometry":{"type":"Point","coordinates":[-49.284051,-25.515877]},"properties":{"id":"1108432091086784","veg":12.0,"date":"2025-06-04","h":929.2}},{"type":"Feature","geometry":{"type":"Point","coordinates":[-49.284043,-25.515319]},"properties":{"id":"1244840613909732","veg":7.4,"date":"2025-06-07","h":934.1}},{"type":"Feature","geometry":{"type":"Point","coordinates":[-49.284094,-25.515458]},"properties":{"id":"726188339949914","veg":40.6,"date":"2025-06-07","h":934.1}},{"type":"Feature","geometry":{"type":"Point","coordinates":[-49.283329,-25.51642]},"properties":{"id":"1019894590279943","veg":14.2,"date":"2025-06-04","h":929.3}},{"type":"Feature","geometry":{"type":"Point","coordinates":[-49.284069,-25.515383]},"properties":{"id":"969441761784650","veg":10.9,"date":"2025-06-07","h":934.1}},{"type":"Feature","geometry":{"type":"Point","coordinates":[-49.283946,-25.515954]},"properties":{"id":"1474093403555135","veg":13.5,"date":"2025-06-04","h":929.3}},{"type":"Feature","geometry":{"type":"Point","coordinates":[-49.283393,-25.51637]},"properties":{"id":"1203791284393153","veg":11.6,"date":"2025-06-04","h":929.3}},{"type":"Feature","geometry":{"type":"Point","coordinates":[-49.283464,-25.516318]},"properties":{"id":"730308572780130","veg":10.5,"date":"2025-06-04","h":929.3}},{"type":"Feature","geometry":{"type":"Point","coordinates":[-49.284274,-25.515697]},"properties":{"id":"1817472922146450","veg":8.5,"date":"2025-06-07","h":929.0}},{"type":"Feature","geometry":{"type":"Point","coordinates":[-49.284345,-25.515673]},"properties":{"id":"1806630429919973","veg":7.5,"date":"2025-06-07","h":929.0}},{"type":"Feature","geometry":{"type":"Point","coordinates":[-49.283522,-25.516274]},"properties":{"id":"1066178195466957","veg":10.2,"date":"2025-06-04","h":929.3}},{"type":"Feature","geometry":{"type":"Point","coordinates":[-49.284259,-25.515691]},"properties":{"id":"1451238562700547","veg":24.0,"date":"2025-06-07","h":929.0}},{"type":"Feature","geometry":{"type":"Point","coordinates":[-49.284135,-25.515587]},"properties":{"id":"716300607456594","veg":44.6,"date":"2025-06-07","h":934.1}},{"type":"Feature","geometry":{"type":"Point","coordinates":[-49.284312,-25.515692]},"properties":{"id":"722577593510050","veg":6.3,"date":"2025-06-07","h":929.0}},{"type":"Feature","geometry":{"type":"Point","coordinates":[-49.284208,-25.515646]},"properties":{"id":"639450202462464","veg":19.9,"date":"2025-06-07","h":929.0}},{"type":"Feature","geometry":{"type":"Point","coordinates":[-49.283662,-25.516169]},"properties":{"id":"2704480709749083","veg":10.5,"date":"2025-06-04","h":929.3}},{"type":"Feature","geometry":{"type":"Point","coordinates":[-49.284178,-25.515619]},"properties":{"id":"948154077317542","veg":25.3,"date":"2025-06-07","h":929.0}},{"type":"Feature","geometry":{"type":"Point","coordinates":[-49.283974,-25.515933]},"properties":{"id":"2125161247929976","veg":12.8,"date":"2025-06-04","h":929.3}},{"type":"Feature","geometry":{"type":"Point","coordinates":[-49.283723,-25.516124]},"properties":{"id":"2485304501816473","veg":11.4,"date":"2025-06-04","h":929.3}},{"type":"Feature","geometry":{"type":"Point","coordinates":[-49.283787,-25.516074]},"properties":{"id":"592513740533396","veg":14.0,"date":"2025-06-04","h":929.3}},{"type":"Feature","geometry":{"type":"Point","coordinates":[-49.283854,-25.516023]},"properties":{"id":"3141290789342677","veg":14.6,"date":"2025-06-04","h":929.3}},{"type":"Feature","geometry":{"type":"Point","coordinates":[-49.281991,-25.515496]},"properties":{"id":"1068816935168049","veg":7.5,"date":"2025-06-04","h":928.3}},{"type":"Feature","geometry":{"type":"Point","coordinates":[-49.281947,-25.515445]},"properties":{"id":"1466804634474597","veg":2.8,"date":"2025-06-04","h":928.3}},{"type":"Feature","geometry":{"type":"Point","coordinates":[-49.282045,-25.515557]},"properties":{"id":"704329385671003","veg":19.1,"date":"2025-06-04","h":928.3}},{"type":"Feature","geometry":{"type":"Point","coordinates":[-49.283154,-25.516556]},"properties":{"id":"1102465801928196","veg":9.6,"date":"2025-06-04","h":929.3}},{"type":"Feature","geometry":{"type":"Point","coordinates":[-49.283113,-25.516585]},"properties":{"id":"1821291308432653","veg":2.2,"date":"2025-06-04","h":929.3}},{"type":"Feature","geometry":{"type":"Point","coordinates":[-49.283267,-25.516468]},"properties":{"id":"684639884355484","veg":18.7,"date":"2025-06-04","h":929.3}},{"type":"Feature","geometry":{"type":"Point","coordinates":[-49.283211,-25.516512]},"properties":{"id":"705604688825997","veg":14.3,"date":"2025-06-04","h":929.3}},{"type":"Feature","geometry":{"type":"Point","coordinates":[-49.282961,-25.516633]},"properties":{"id":"1072881714731456","veg":2.5,"date":"2025-06-04","h":928.3}},{"type":"Feature","geometry":{"type":"Point","coordinates":[-49.283055,-25.516627]},"properties":{"id":"1419299559197102","veg":2.7,"date":"2025-06-04","h":929.3}},{"type":"Feature","geometry":{"type":"Point","coordinates":[-49.282859,-25.516542]},"properties":{"id":"1411805850135626","veg":16.2,"date":"2025-06-04","h":928.3}},{"type":"Feature","geometry":{"type":"Point","coordinates":[-49.282817,-25.516493]},"properties":{"id":"1380675519799449","veg":21.1,"date":"2025-06-04","h":928.3}},{"type":"Feature","geometry":{"type":"Point","coordinates":[-49.282913,-25.516599]},"properties":{"id":"1524598618925316","veg":8.7,"date":"2025-06-04","h":928.3}},{"type":"Feature","geometry":{"type":"Point","coordinates":[-49.282893,-25.51658]},"properties":{"id":"1246336990189546","veg":10.4,"date":"2025-06-04","h":928.3}},{"type":"Feature","geometry":{"type":"Point","coordinates":[-49.28308,-25.516609]},"properties":{"id":"1363748318263359","veg":3.0,"date":"2025-06-04","h":929.3}},{"type":"Feature","geometry":{"type":"Point","coordinates":[-49.283003,-25.516643]},"properties":{"id":"737633325595345","veg":1.7,"date":"2025-06-04","h":928.3}},{"type":"Feature","geometry":{"type":"Point","coordinates":[-49.282939,-25.516619]},"properties":{"id":"691081453555692","veg":4.1,"date":"2025-06-04","h":928.3}},{"type":"Feature","geometry":{"type":"Point","coordinates":[-49.277935,-25.51309]},"properties":{"id":"1234564458274616","veg":8.5,"date":"2025-06-04","h":915.9}},{"type":"Feature","geometry":{"type":"Point","coordinates":[-49.278083,-25.513185]},"properties":{"id":"1899798687501481","veg":14.5,"date":"2025-06-04","h":915.9}},{"type":"Feature","geometry":{"type":"Point","coordinates":[-49.278108,-25.513705]},"properties":{"id":"2031065820755982","veg":1.2,"date":"2025-06-04","h":915.9}},{"type":"Feature","geometry":{"type":"Point","coordinates":[-49.278077,-25.513296]},"properties":{"id":"1020278953560169","veg":10.9,"date":"2025-06-04","h":915.9}},{"type":"Feature","geometry":{"type":"Point","coordinates":[-49.278082,-25.51364]},"properties":{"id":"1391852631859667","veg":1.6,"date":"2025-06-04","h":915.9}},{"type":"Feature","geometry":{"type":"Point","coordinates":[-49.278051,-25.513563]},"properties":{"id":"1061311752548032","veg":4.9,"date":"2025-06-04","h":915.9}},{"type":"Feature","geometry":{"type":"Point","coordinates":[-49.278077,-25.513376]},"properties":{"id":"24257927583804373","veg":7.4,"date":"2025-06-04","h":915.9}},{"type":"Feature","geometry":{"type":"Point","coordinates":[-49.278067,-25.513468]},"properties":{"id":"29737356292575881","veg":12.0,"date":"2025-06-04","h":915.9}},{"type":"Feature","geometry":{"type":"Point","coordinates":[-49.278,-25.513131]},"properties":{"id":"9929319413821666","veg":4.9,"date":"2025-06-04","h":915.9}},{"type":"Feature","geometry":{"type":"Point","coordinates":[-49.277714,-25.512923]},"properties":{"id":"1411400433638119","veg":4.2,"date":"2025-06-04","h":915.9}},{"type":"Feature","geometry":{"type":"Point","coordinates":[-49.277641,-25.512879]},"properties":{"id":"1072740841462896","veg":2.8,"date":"2025-06-04","h":915.9}},{"type":"Feature","geometry":{"type":"Point","coordinates":[-49.277832,-25.513018]},"properties":{"id":"1358406598770221","veg":23.8,"date":"2025-06-04","h":915.9}},{"type":"Feature","geometry":{"type":"Point","coordinates":[-49.277773,-25.512968]},"properties":{"id":"1238055151385794","veg":9.7,"date":"2025-06-04","h":915.9}},{"type":"Feature","geometry":{"type":"Point","coordinates":[-49.277882,-25.513056]},"properties":{"id":"560256816918472","veg":14.4,"date":"2025-06-04","h":915.9}},{"type":"Feature","geometry":{"type":"Point","coordinates":[-49.277409,-25.512745]},"properties":{"id":"1063825432353043","veg":4.4,"date":"2025-06-04","h":915.9}},{"type":"Feature","geometry":{"type":"Point","coordinates":[-49.277489,-25.512794]},"properties":{"id":"616391811462365","veg":2.3,"date":"2025-06-04","h":915.9}},{"type":"Feature","geometry":{"type":"Point","coordinates":[-49.277564,-25.512837]},"properties":{"id":"890877466533667","veg":3.0,"date":"2025-06-04","h":915.9}},{"type":"Feature","geometry":{"type":"Point","coordinates":[-49.276482,-25.512905]},"properties":{"id":"1706335660272252","veg":17.3,"date":"2025-06-04","h":910.3}},{"type":"Feature","geometry":{"type":"Point","coordinates":[-49.276556,-25.512856]},"properties":{"id":"1373231110555427","veg":15.6,"date":"2025-06-04","h":910.3}},{"type":"Feature","geometry":{"type":"Point","coordinates":[-49.276633,-25.512803]},"properties":{"id":"1224718659203467","veg":9.6,"date":"2025-06-04","h":910.3}},{"type":"Feature","geometry":{"type":"Point","coordinates":[-49.276721,-25.512744]},"properties":{"id":"1036035475286013","veg":5.8,"date":"2025-06-04","h":910.3}},{"type":"Feature","geometry":{"type":"Point","coordinates":[-49.278468,-25.513976]},"properties":{"id":"1231878148342639","veg":0.6,"date":"2025-06-04","h":929.4}},{"type":"Feature","geometry":{"type":"Point","coordinates":[-49.278794,-25.514395]},"properties":{"id":"1440242387396373","veg":0.6,"date":"2025-06-04","h":929.4}},{"type":"Feature","geometry":{"type":"Point","coordinates":[-49.278855,-25.514471]},"properties":{"id":"1425731588861609","veg":0.5,"date":"2025-06-04","h":929.4}},{"type":"Feature","geometry":{"type":"Point","coordinates":[-49.278612,-25.514165]},"properties":{"id":"1961347824399124","veg":2.6,"date":"2025-06-04","h":929.4}},{"type":"Feature","geometry":{"type":"Point","coordinates":[-49.278732,-25.514317]},"properties":{"id":"1432811651068693","veg":0.7,"date":"2025-06-04","h":929.4}},{"type":"Feature","geometry":{"type":"Point","coordinates":[-49.27851,-25.51403]},"properties":{"id":"1221726496111846","veg":6.9,"date":"2025-06-04","h":929.4}},{"type":"Feature","geometry":{"type":"Point","coordinates":[-49.278667,-25.514236]},"properties":{"id":"23950028251301331","veg":1.2,"date":"2025-06-04","h":929.4}},{"type":"Feature","geometry":{"type":"Point","coordinates":[-49.278556,-25.514089]},"properties":{"id":"637068816018126","veg":4.7,"date":"2025-06-04","h":929.4}},{"type":"Feature","geometry":{"type":"Point","coordinates":[-49.279145,-25.514838]},"properties":{"id":"2183602452070917","veg":1.7,"date":"2025-06-04","h":929.4}},{"type":"Feature","geometry":{"type":"Point","coordinates":[-49.279089,-25.514769]},"properties":{"id":"595723833031999","veg":2.3,"date":"2025-06-04","h":929.4}},{"type":"Feature","geometry":{"type":"Point","coordinates":[-49.278975,-25.514625]},"properties":{"id":"1842365856613762","veg":0.8,"date":"2025-06-04","h":929.4}},{"type":"Feature","geometry":{"type":"Point","coordinates":[-49.279037,-25.514702]},"properties":{"id":"1239780131113555","veg":2.6,"date":"2025-06-04","h":929.4}},{"type":"Feature","geometry":{"type":"Point","coordinates":[-49.27892,-25.514553]},"properties":{"id":"23987772460819050","veg":1.4,"date":"2025-06-04","h":929.4}},{"type":"Feature","geometry":{"type":"Point","coordinates":[-49.276285,-25.51304]},"properties":{"id":"1371406510633180","veg":24.6,"date":"2025-06-04","h":910.3}},{"type":"Feature","geometry":{"type":"Point","coordinates":[-49.276421,-25.512947]},"properties":{"id":"1016185186917689","veg":11.0,"date":"2025-06-04","h":910.3}},{"type":"Feature","geometry":{"type":"Point","coordinates":[-49.27633,-25.513009]},"properties":{"id":"1431799408238079","veg":29.0,"date":"2025-06-04","h":910.3}},{"type":"Feature","geometry":{"type":"Point","coordinates":[-49.276368,-25.512984]},"properties":{"id":"10005976882851351","veg":21.0,"date":"2025-06-04","h":910.3}},{"type":"Feature","geometry":{"type":"Point","coordinates":[-49.275998,-25.513235]},"properties":{"id":"1042293930818248","veg":5.5,"date":"2025-06-04","h":907.0}},{"type":"Feature","geometry":{"type":"Point","coordinates":[-49.276174,-25.513116]},"properties":{"id":"1046658213652746","veg":10.6,"date":"2025-06-04","h":910.3}},{"type":"Feature","geometry":{"type":"Point","coordinates":[-49.275957,-25.513263]},"properties":{"id":"1038395828389308","veg":8.2,"date":"2025-06-04","h":907.0}},{"type":"Feature","geometry":{"type":"Point","coordinates":[-49.276109,-25.51316]},"properties":{"id":"1734965304113775","veg":8.7,"date":"2025-06-04","h":910.3}},{"type":"Feature","geometry":{"type":"Point","coordinates":[-49.276237,-25.513072]},"properties":{"id":"686621394219347","veg":17.0,"date":"2025-06-04","h":910.3}},{"type":"Feature","geometry":{"type":"Point","coordinates":[-49.276034,-25.513211]},"properties":{"id":"659808993723883","veg":6.4,"date":"2025-06-04","h":910.3}},{"type":"Feature","geometry":{"type":"Point","coordinates":[-49.275112,-25.513554]},"properties":{"id":"1099368932025897","veg":4.7,"date":"2025-06-04","h":905.9}},{"type":"Feature","geometry":{"type":"Point","coordinates":[-49.27573,-25.513417]},"properties":{"id":"1220020549778953","veg":10.2,"date":"2025-06-04","h":907.0}},{"type":"Feature","geometry":{"type":"Point","coordinates":[-49.2758,-25.513369]},"properties":{"id":"1497061124997418","veg":6.4,"date":"2025-06-04","h":907.0}},{"type":"Feature","geometry":{"type":"Point","coordinates":[-49.275873,-25.513319]},"properties":{"id":"590170730343698","veg":3.6,"date":"2025-06-04","h":907.0}},{"type":"Feature","geometry":{"type":"Point","coordinates":[-49.275015,-25.513454]},"properties":{"id":"1080746817281851","veg":14.2,"date":"2025-06-04","h":905.9}},{"type":"Feature","geometry":{"type":"Point","coordinates":[-49.275203,-25.51371]},"properties":{"id":"1224694929359456","veg":5.9,"date":"2025-06-04","h":905.9}},{"type":"Feature","geometry":{"type":"Point","coordinates":[-49.274938,-25.513338]},"properties":{"id":"1002602455420929","veg":16.1,"date":"2025-06-04","h":905.9}},{"type":"Feature","geometry":{"type":"Point","coordinates":[-49.275073,-25.513545]},"properties":{"id":"721506337065176","veg":7.7,"date":"2025-06-04","h":905.9}},{"type":"Feature","geometry":{"type":"Point","coordinates":[-49.275426,-25.51362]},"properties":{"id":"1049107463830765","veg":1.4,"date":"2025-06-04","h":907.0}},{"type":"Feature","geometry":{"type":"Point","coordinates":[-49.275332,-25.513663]},"properties":{"id":"2495620684118241","veg":1.9,"date":"2025-06-04","h":907.0}},{"type":"Feature","geometry":{"type":"Point","coordinates":[-49.275284,-25.513658]},"properties":{"id":"1350345649593855","veg":2.3,"date":"2025-06-04","h":907.0}},{"type":"Feature","geometry":{"type":"Point","coordinates":[-49.275465,-25.513594]},"properties":{"id":"1363875878221648","veg":1.1,"date":"2025-06-04","h":907.0}},{"type":"Feature","geometry":{"type":"Point","coordinates":[-49.27538,-25.51365]},"properties":{"id":"1861213668003859","veg":1.8,"date":"2025-06-04","h":907.0}},{"type":"Feature","geometry":{"type":"Point","coordinates":[-49.275663,-25.513462]},"properties":{"id":"1433173797839001","veg":8.3,"date":"2025-06-04","h":907.0}},{"type":"Feature","geometry":{"type":"Point","coordinates":[-49.275504,-25.513567]},"properties":{"id":"1913096489435784","veg":2.2,"date":"2025-06-04","h":907.0}},{"type":"Feature","geometry":{"type":"Point","coordinates":[-49.275596,-25.513506]},"properties":{"id":"1363386741405807","veg":18.4,"date":"2025-06-04","h":907.0}},{"type":"Feature","geometry":{"type":"Point","coordinates":[-49.275543,-25.513541]},"properties":{"id":"676089622079281","veg":7.2,"date":"2025-06-04","h":907.0}},{"type":"Feature","geometry":{"type":"Point","coordinates":[-49.274778,-25.513019]},"properties":{"id":"1056477135810749","veg":5.3,"date":"2025-06-04","h":905.9}},{"type":"Feature","geometry":{"type":"Point","coordinates":[-49.274766,-25.513098]},"properties":{"id":"1037742551667772","veg":16.3,"date":"2025-06-04","h":905.9}},{"type":"Feature","geometry":{"type":"Point","coordinates":[-49.274777,-25.513073]},"properties":{"id":"563184679929128","veg":3.1,"date":"2025-06-04","h":905.9}},{"type":"Feature","geometry":{"type":"Point","coordinates":[-49.274784,-25.51311]},"properties":{"id":"1202067047898145","veg":8.1,"date":"2025-06-04","h":905.9}},{"type":"Feature","geometry":{"type":"Point","coordinates":[-49.274775,-25.513068]},"properties":{"id":"4248972458762090","veg":25.4,"date":"2025-06-04","h":905.9}},{"type":"Feature","geometry":{"type":"Point","coordinates":[-49.274772,-25.513101]},"properties":{"id":"1042124604651483","veg":5.5,"date":"2025-06-04","h":905.9}},{"type":"Feature","geometry":{"type":"Point","coordinates":[-49.274773,-25.513121]},"properties":{"id":"678319351754120","veg":2.7,"date":"2025-06-04","h":905.9}},{"type":"Feature","geometry":{"type":"Point","coordinates":[-49.27486,-25.513226]},"properties":{"id":"955329426589961","veg":3.8,"date":"2025-06-04","h":905.9}},{"type":"Feature","geometry":{"type":"Point","coordinates":[-49.252721,-25.472912]},"properties":{"id":"626764763697743","veg":1.8,"date":"2025-04-06","h":0.0}},{"type":"Feature","geometry":{"type":"Point","coordinates":[-49.262559,-25.47036]},"properties":{"id":"1220049576760555","veg":6.1,"date":"2026-05-31","h":0.0}},{"type":"Feature","geometry":{"type":"Point","coordinates":[-49.262628,-25.470271]},"properties":{"id":"2945341055797462","veg":9.8,"date":"2026-05-31","h":0.0}},{"type":"Feature","geometry":{"type":"Point","coordinates":[-49.262701,-25.470199]},"properties":{"id":"1341827874678216","veg":11.2,"date":"2026-05-31","h":0.0}},{"type":"Feature","geometry":{"type":"Point","coordinates":[-49.262504,-25.470459]},"properties":{"id":"2074956270096312","veg":5.0,"date":"2026-05-31","h":0.0}},{"type":"Feature","geometry":{"type":"Point","coordinates":[-49.262269,-25.470969]},"properties":{"id":"26175764112098791","veg":5.4,"date":"2026-05-31","h":0.0}},{"type":"Feature","geometry":{"type":"Point","coordinates":[-49.262464,-25.470573]},"properties":{"id":"2498426787268828","veg":10.4,"date":"2026-05-31","h":0.0}},{"type":"Feature","geometry":{"type":"Point","coordinates":[-49.262149,-25.471445]},"properties":{"id":"1017842167469228","veg":2.5,"date":"2026-05-31","h":0.0}},{"type":"Feature","geometry":{"type":"Point","coordinates":[-49.26221,-25.471213]},"properties":{"id":"1028372993190299","veg":5.3,"date":"2026-05-31","h":0.0}},{"type":"Feature","geometry":{"type":"Point","coordinates":[-49.262093,-25.471657]},"properties":{"id":"1430288202476995","veg":3.0,"date":"2026-05-31","h":0.0}},{"type":"Feature","geometry":{"type":"Point","coordinates":[-49.262178,-25.471331]},"properties":{"id":"1020010527339050","veg":3.7,"date":"2026-05-31","h":0.0}},{"type":"Feature","geometry":{"type":"Point","coordinates":[-49.262122,-25.47155]},"properties":{"id":"972651215563525","veg":1.8,"date":"2026-05-31","h":0.0}},{"type":"Feature","geometry":{"type":"Point","coordinates":[-49.26206,-25.471763]},"properties":{"id":"974946185156409","veg":3.9,"date":"2026-05-31","h":0.0}},{"type":"Feature","geometry":{"type":"Point","coordinates":[-49.260454,-25.472876]},"properties":{"id":"1325967769501662","veg":7.0,"date":"2026-05-31","h":0.0}},{"type":"Feature","geometry":{"type":"Point","coordinates":[-49.260412,-25.472903]},"properties":{"id":"1453347573493036","veg":4.9,"date":"2026-05-31","h":0.0}},{"type":"Feature","geometry":{"type":"Point","coordinates":[-49.260253,-25.473022]},"properties":{"id":"1545734510238327","veg":7.3,"date":"2026-05-31","h":0.0}},{"type":"Feature","geometry":{"type":"Point","coordinates":[-49.260294,-25.472997]},"properties":{"id":"937953269299548","veg":3.3,"date":"2026-05-31","h":0.0}},{"type":"Feature","geometry":{"type":"Point","coordinates":[-49.260305,-25.47299]},"properties":{"id":"1528436475541242","veg":3.4,"date":"2026-05-31","h":0.0}},{"type":"Feature","geometry":{"type":"Point","coordinates":[-49.261023,-25.472525]},"properties":{"id":"26552995494378542","veg":10.6,"date":"2026-05-31","h":0.0}},{"type":"Feature","geometry":{"type":"Point","coordinates":[-49.260845,-25.472634]},"properties":{"id":"1204532998373479","veg":10.6,"date":"2026-05-31","h":0.0}},{"type":"Feature","geometry":{"type":"Point","coordinates":[-49.260763,-25.472684]},"properties":{"id":"27613172311613066","veg":4.6,"date":"2026-05-31","h":0.0}},{"type":"Feature","geometry":{"type":"Point","coordinates":[-49.260927,-25.472584]},"properties":{"id":"1750896859613834","veg":10.7,"date":"2026-05-31","h":0.0}},{"type":"Feature","geometry":{"type":"Point","coordinates":[-49.260502,-25.472846]},"properties":{"id":"1284668300494858","veg":11.2,"date":"2026-05-31","h":0.0}},{"type":"Feature","geometry":{"type":"Point","coordinates":[-49.260686,-25.472731]},"properties":{"id":"877486328733223","veg":3.1,"date":"2026-05-31","h":0.0}},{"type":"Feature","geometry":{"type":"Point","coordinates":[-49.260559,-25.472809]},"properties":{"id":"964151256489380","veg":16.0,"date":"2026-05-31","h":0.0}},{"type":"Feature","geometry":{"type":"Point","coordinates":[-49.260618,-25.472773]},"properties":{"id":"963356706322235","veg":8.2,"date":"2026-05-31","h":0.0}},{"type":"Feature","geometry":{"type":"Point","coordinates":[-49.261198,-25.472419]},"properties":{"id":"1537069734825822","veg":1.8,"date":"2026-05-31","h":0.0}},{"type":"Feature","geometry":{"type":"Point","coordinates":[-49.261295,-25.472358]},"properties":{"id":"1011643755149372","veg":2.5,"date":"2026-05-31","h":0.0}},{"type":"Feature","geometry":{"type":"Point","coordinates":[-49.261109,-25.472473]},"properties":{"id":"4397305037191771","veg":2.9,"date":"2026-05-31","h":0.0}},{"type":"Feature","geometry":{"type":"Point","coordinates":[-49.261791,-25.472057]},"properties":{"id":"2060956004835672","veg":4.9,"date":"2026-05-31","h":0.0}},{"type":"Feature","geometry":{"type":"Point","coordinates":[-49.26187,-25.472004]},"properties":{"id":"2518535785267660","veg":5.4,"date":"2026-05-31","h":0.0}},{"type":"Feature","geometry":{"type":"Point","coordinates":[-49.261947,-25.471939]},"properties":{"id":"1014576451016837","veg":10.2,"date":"2026-05-31","h":0.0}},{"type":"Feature","geometry":{"type":"Point","coordinates":[-49.262013,-25.471858]},"properties":{"id":"1290457196532911","veg":8.2,"date":"2026-05-31","h":0.0}},{"type":"Feature","geometry":{"type":"Point","coordinates":[-49.250148,-25.479373]},"properties":{"id":"1025659869690555","veg":4.2,"date":"2025-06-06","h":895.9}},{"type":"Feature","geometry":{"type":"Point","coordinates":[-49.250059,-25.479333]},"properties":{"id":"1437186343938866","veg":9.4,"date":"2025-06-06","h":895.9}},{"type":"Feature","geometry":{"type":"Point","coordinates":[-49.250258,-25.47941]},"properties":{"id":"24889386203983538","veg":4.8,"date":"2025-06-06","h":895.9}},{"type":"Feature","geometry":{"type":"Point","coordinates":[-49.249989,-25.479303]},"properties":{"id":"594206027055815","veg":7.6,"date":"2025-06-06","h":895.9}},{"type":"Feature","geometry":{"type":"Point","coordinates":[-49.249847,-25.479266]},"properties":{"id":"1230677775319170","veg":12.8,"date":"2025-06-06","h":895.9}},{"type":"Feature","geometry":{"type":"Point","coordinates":[-49.24961,-25.479529]},"properties":{"id":"1376096563607794","veg":17.3,"date":"2025-06-06","h":893.9}},{"type":"Feature","geometry":{"type":"Point","coordinates":[-49.249736,-25.479268]},"properties":{"id":"1083312373685610","veg":8.3,"date":"2025-06-06","h":893.9}},{"type":"Feature","geometry":{"type":"Point","coordinates":[-49.249926,-25.47928]},"properties":{"id":"1357386088825634","veg":8.0,"date":"2025-06-06","h":895.9}},{"type":"Feature","geometry":{"type":"Point","coordinates":[-49.24964,-25.479467]},"properties":{"id":"1617034806340112","veg":16.0,"date":"2025-06-06","h":893.9}},{"type":"Feature","geometry":{"type":"Point","coordinates":[-49.249719,-25.479301]},"properties":{"id":"1586900045600447","veg":10.8,"date":"2025-06-06","h":893.9}},{"type":"Feature","geometry":{"type":"Point","coordinates":[-49.249698,-25.479346]},"properties":{"id":"1722295795059204","veg":11.2,"date":"2025-06-06","h":893.9}},{"type":"Feature","geometry":{"type":"Point","coordinates":[-49.249578,-25.479592]},"properties":{"id":"1975958139824427","veg":16.4,"date":"2025-06-06","h":893.9}},{"type":"Feature","geometry":{"type":"Point","coordinates":[-49.249549,-25.47965]},"properties":{"id":"2461442434195037","veg":18.9,"date":"2025-06-06","h":893.9}},{"type":"Feature","geometry":{"type":"Point","coordinates":[-49.249669,-25.479407]},"properties":{"id":"668439502859090","veg":12.7,"date":"2025-06-06","h":893.9}},{"type":"Feature","geometry":{"type":"Point","coordinates":[-49.249771,-25.479301]},"properties":{"id":"587090314435395","veg":12.9,"date":"2025-06-06","h":893.9}},{"type":"Feature","geometry":{"type":"Point","coordinates":[-49.24983,-25.479267]},"properties":{"id":"697444852891025","veg":14.9,"date":"2025-06-06","h":895.9}},{"type":"Feature","geometry":{"type":"Point","coordinates":[-49.249882,-25.479269]},"properties":{"id":"990975129572167","veg":10.3,"date":"2025-06-06","h":895.9}},{"type":"Feature","geometry":{"type":"Point","coordinates":[-49.249296,-25.480166]},"properties":{"id":"974191668258689","veg":16.9,"date":"2025-06-06","h":893.2}},{"type":"Feature","geometry":{"type":"Point","coordinates":[-49.249468,-25.479815]},"properties":{"id":"1335585620836696","veg":31.3,"date":"2025-06-06","h":893.9}},{"type":"Feature","geometry":{"type":"Point","coordinates":[-49.24936,-25.480035]},"properties":{"id":"1017375787174118","veg":36.1,"date":"2025-06-06","h":893.9}},{"type":"Feature","geometry":{"type":"Point","coordinates":[-49.249341,-25.480075]},"properties":{"id":"1434850400849279","veg":31.9,"date":"2025-06-06","h":893.9}},{"type":"Feature","geometry":{"type":"Point","coordinates":[-49.24934,-25.480076]},"properties":{"id":"1218348369835358","veg":31.9,"date":"2025-06-06","h":893.2}},{"type":"Feature","geometry":{"type":"Point","coordinates":[-49.249496,-25.479759]},"properties":{"id":"1747905789144752","veg":25.3,"date":"2025-06-06","h":893.9}},{"type":"Feature","geometry":{"type":"Point","coordinates":[-49.249182,-25.480396]},"properties":{"id":"1245815860405051","veg":6.0,"date":"2025-06-06","h":893.1}},{"type":"Feature","geometry":{"type":"Point","coordinates":[-49.249421,-25.47991]},"properties":{"id":"2670246373169000","veg":44.0,"date":"2025-06-06","h":893.9}},{"type":"Feature","geometry":{"type":"Point","coordinates":[-49.249521,-25.479706]},"properties":{"id":"4084321158494279","veg":22.7,"date":"2025-06-06","h":893.9}},{"type":"Feature","geometry":{"type":"Point","coordinates":[-49.249315,-25.480126]},"properties":{"id":"561063800400602","veg":28.0,"date":"2025-06-06","h":893.2}},{"type":"Feature","geometry":{"type":"Point","coordinates":[-49.249397,-25.479959]},"properties":{"id":"726711163200310","veg":31.5,"date":"2025-06-06","h":893.9}},{"type":"Feature","geometry":{"type":"Point","coordinates":[-49.249349,-25.480058]},"properties":{"id":"690691467033902","veg":33.0,"date":"2025-06-06","h":893.9}},{"type":"Feature","geometry":{"type":"Point","coordinates":[-49.249377,-25.48]},"properties":{"id":"673148332210410","veg":36.4,"date":"2025-06-06","h":893.9}},{"type":"Feature","geometry":{"type":"Point","coordinates":[-49.249444,-25.479864]},"properties":{"id":"733233976046312","veg":39.0,"date":"2025-06-06","h":893.9}},{"type":"Feature","geometry":{"type":"Point","coordinates":[-49.249215,-25.480327]},"properties":{"id":"1220490299621858","veg":4.7,"date":"2025-06-06","h":893.1}},{"type":"Feature","geometry":{"type":"Point","coordinates":[-49.249149,-25.480464]},"properties":{"id":"1400545414529374","veg":10.3,"date":"2025-06-06","h":893.1}},{"type":"Feature","geometry":{"type":"Point","coordinates":[-49.249269,-25.480219]},"properties":{"id":"23889797093993356","veg":7.6,"date":"2025-06-06","h":893.2}},{"type":"Feature","geometry":{"type":"Point","coordinates":[-49.249244,-25.480269]},"properties":{"id":"4088596101459996","veg":5.7,"date":"2025-06-06","h":893.1}},{"type":"Feature","geometry":{"type":"Point","coordinates":[-49.250354,-25.479459]},"properties":{"id":"1895537184567657","veg":9.1,"date":"2025-06-06","h":895.9}},{"type":"Feature","geometry":{"type":"Point","coordinates":[-49.250447,-25.479497]},"properties":{"id":"4090401381171239","veg":4.8,"date":"2025-06-06","h":895.9}},{"type":"Feature","geometry":{"type":"Point","coordinates":[-49.250676,-25.479587]},"properties":{"id":"1082070843978919","veg":2.9,"date":"2025-06-06","h":895.9}},{"type":"Feature","geometry":{"type":"Point","coordinates":[-49.250558,-25.479542]},"properties":{"id":"1472520427250972","veg":4.8,"date":"2025-06-06","h":895.9}},{"type":"Feature","geometry":{"type":"Point","coordinates":[-49.251101,-25.479756]},"properties":{"id":"1780842945977720","veg":34.4,"date":"2025-06-06","h":895.9}},{"type":"Feature","geometry":{"type":"Point","coordinates":[-49.250784,-25.47963]},"properties":{"id":"2091981664627299","veg":11.6,"date":"2025-06-06","h":895.9}},{"type":"Feature","geometry":{"type":"Point","coordinates":[-49.250905,-25.479678]},"properties":{"id":"2956272911211364","veg":5.1,"date":"2025-06-06","h":895.9}},{"type":"Feature","geometry":{"type":"Point","coordinates":[-49.251017,-25.479723]},"properties":{"id":"693304160122730","veg":18.9,"date":"2025-06-06","h":895.9}},{"type":"Feature","geometry":{"type":"Point","coordinates":[-49.251451,-25.479897]},"properties":{"id":"1239087690918234","veg":23.0,"date":"2025-06-06","h":895.9}},{"type":"Feature","geometry":{"type":"Point","coordinates":[-49.251568,-25.479945]},"properties":{"id":"1581424892813167","veg":22.9,"date":"2025-06-06","h":895.9}},{"type":"Feature","geometry":{"type":"Point","coordinates":[-49.251344,-25.479854]},"properties":{"id":"2362349144158701","veg":24.7,"date":"2025-06-06","h":895.9}},{"type":"Feature","geometry":{"type":"Point","coordinates":[-49.251226,-25.479806]},"properties":{"id":"699295339629095","veg":39.0,"date":"2025-06-06","h":895.9}},{"type":"Feature","geometry":{"type":"Point","coordinates":[-49.251678,-25.479988]},"properties":{"id":"682795311395022","veg":22.4,"date":"2025-06-06","h":895.9}},{"type":"Feature","geometry":{"type":"Point","coordinates":[-49.248616,-25.48155]},"properties":{"id":"1360356798577342","veg":7.7,"date":"2025-06-06","h":890.0}},{"type":"Feature","geometry":{"type":"Point","coordinates":[-49.248572,-25.48164]},"properties":{"id":"1659344828106568","veg":12.7,"date":"2025-06-06","h":890.0}},{"type":"Feature","geometry":{"type":"Point","coordinates":[-49.24866,-25.481456]},"properties":{"id":"1745330629397359","veg":28.2,"date":"2025-06-06","h":891.0}},{"type":"Feature","geometry":{"type":"Point","coordinates":[-49.248639,-25.481501]},"properties":{"id":"750111350781456","veg":25.3,"date":"2025-06-06","h":890.0}},{"type":"Feature","geometry":{"type":"Point","coordinates":[-49.248596,-25.48159]},"properties":{"id":"694903553498702","veg":13.4,"date":"2025-06-06","h":890.0}},{"type":"Feature","geometry":{"type":"Point","coordinates":[-49.248719,-25.481334]},"properties":{"id":"1401615370952462","veg":24.2,"date":"2025-06-06","h":891.0}},{"type":"Feature","geometry":{"type":"Point","coordinates":[-49.248755,-25.481261]},"properties":{"id":"729502289500665","veg":17.9,"date":"2025-06-06","h":891.0}},{"type":"Feature","geometry":{"type":"Point","coordinates":[-49.248685,-25.481404]},"properties":{"id":"613790487714302","veg":30.2,"date":"2025-06-06","h":891.0}},{"type":"Feature","geometry":{"type":"Point","coordinates":[-49.247959,-25.482903]},"properties":{"id":"1199890758500346","veg":34.0,"date":"2025-06-06","h":890.8}},{"type":"Feature","geometry":{"type":"Point","coordinates":[-49.247988,-25.482844]},"properties":{"id":"1378905066497412","veg":42.6,"date":"2025-06-06","h":890.8}},{"type":"Feature","geometry":{"type":"Point","coordinates":[-49.248018,-25.482785]},"properties":{"id":"687910260882682","veg":19.9,"date":"2025-06-06","h":890.8}},{"type":"Feature","geometry":{"type":"Point","coordinates":[-49.24833,-25.482148]},"properties":{"id":"1631824984199721","veg":39.0,"date":"2025-06-06","h":890.0}},{"type":"Feature","geometry":{"type":"Point","coordinates":[-49.248401,-25.482001]},"properties":{"id":"1033279811808836","veg":29.2,"date":"2025-06-06","h":890.0}},{"type":"Feature","geometry":{"type":"Point","coordinates":[-49.248439,-25.48194]},"properties":{"id":"1758753275025818","veg":17.4,"date":"2025-06-06","h":890.0}},{"type":"Feature","geometry":{"type":"Point","coordinates":[-49.248361,-25.482091]},"properties":{"id":"1385557235825671","veg":19.0,"date":"2025-06-06","h":890.0}},{"type":"Feature","geometry":{"type":"Point","coordinates":[-49.248367,-25.482073]},"properties":{"id":"2140675216407135","veg":35.8,"date":"2025-06-06","h":890.0}},{"type":"Feature","geometry":{"type":"Point","coordinates":[-49.248476,-25.481868]},"properties":{"id":"3840318839601566","veg":18.1,"date":"2025-06-06","h":890.0}},{"type":"Feature","geometry":{"type":"Point","coordinates":[-49.248293,-25.482224]},"properties":{"id":"763841472983217","veg":21.4,"date":"2025-06-06","h":890.0}},{"type":"Feature","geometry":{"type":"Point","coordinates":[-49.248543,-25.481697]},"properties":{"id":"1520497358911558","veg":13.5,"date":"2025-06-06","h":890.0}},{"type":"Feature","geometry":{"type":"Point","coordinates":[-49.249038,-25.480692]},"properties":{"id":"1765568941050147","veg":29.6,"date":"2025-06-06","h":893.1}},{"type":"Feature","geometry":{"type":"Point","coordinates":[-49.249115,-25.480535]},"properties":{"id":"1936183187136255","veg":14.0,"date":"2025-06-06","h":893.1}},{"type":"Feature","geometry":{"type":"Point","coordinates":[-49.249019,-25.480729]},"properties":{"id":"3014109095416756","veg":23.5,"date":"2025-06-06","h":893.1}},{"type":"Feature","geometry":{"type":"Point","coordinates":[-49.249075,-25.480615]},"properties":{"id":"592600793395873","veg":28.2,"date":"2025-06-06","h":893.1}},{"type":"Feature","geometry":{"type":"Point","coordinates":[-49.248964,-25.480839]},"properties":{"id":"1257908822715731","veg":15.6,"date":"2025-06-06","h":893.1}},{"type":"Feature","geometry":{"type":"Point","coordinates":[-49.249,-25.480768]},"properties":{"id":"714062144482830","veg":17.3,"date":"2025-06-06","h":893.1}},{"type":"Feature","geometry":{"type":"Point","coordinates":[-49.26,-25.473175]},"properties":{"id":"1485702285971537","veg":3.2,"date":"2026-05-31","h":0.0}},{"type":"Feature","geometry":{"type":"Point","coordinates":[-49.260185,-25.473063]},"properties":{"id":"3147879458755074","veg":3.9,"date":"2026-05-31","h":0.0}},{"type":"Feature","geometry":{"type":"Point","coordinates":[-49.260099,-25.473115]},"properties":{"id":"4467646366788744","veg":3.8,"date":"2026-05-31","h":0.0}},{"type":"Feature","geometry":{"type":"Point","coordinates":[-49.25943,-25.473527]},"properties":{"id":"1431879695639312","veg":5.5,"date":"2026-05-31","h":0.0}},{"type":"Feature","geometry":{"type":"Point","coordinates":[-49.259164,-25.473689]},"properties":{"id":"1963003620998521","veg":16.9,"date":"2026-05-31","h":0.0}},{"type":"Feature","geometry":{"type":"Point","coordinates":[-49.259342,-25.47358]},"properties":{"id":"2764295683952822","veg":2.2,"date":"2026-05-31","h":0.0}},{"type":"Feature","geometry":{"type":"Point","coordinates":[-49.25925,-25.473637]},"properties":{"id":"829694133231617","veg":3.0,"date":"2026-05-31","h":0.0}},{"type":"Feature","geometry":{"type":"Point","coordinates":[-49.259802,-25.473295]},"properties":{"id":"1517391853410957","veg":1.9,"date":"2026-05-31","h":0.0}},{"type":"Feature","geometry":{"type":"Point","coordinates":[-49.259612,-25.473413]},"properties":{"id":"27025190527148725","veg":4.5,"date":"2026-05-31","h":0.0}},{"type":"Feature","geometry":{"type":"Point","coordinates":[-49.259525,-25.473468]},"properties":{"id":"4434523503359678","veg":6.4,"date":"2026-05-31","h":0.0}},{"type":"Feature","geometry":{"type":"Point","coordinates":[-49.25971,-25.473352]},"properties":{"id":"975616155228729","veg":4.8,"date":"2026-05-31","h":0.0}},{"type":"Feature","geometry":{"type":"Point","coordinates":[-49.259901,-25.473234]},"properties":{"id":"2324826204713843","veg":4.2,"date":"2026-05-31","h":0.0}},{"type":"Feature","geometry":{"type":"Point","coordinates":[-49.258574,-25.474083]},"properties":{"id":"2322570588277038","veg":8.8,"date":"2026-05-31","h":0.0}},{"type":"Feature","geometry":{"type":"Point","coordinates":[-49.258649,-25.474032]},"properties":{"id":"1699470391232790","veg":10.6,"date":"2026-05-31","h":0.0}},{"type":"Feature","geometry":{"type":"Point","coordinates":[-49.258732,-25.473975]},"properties":{"id":"981427458194210","veg":12.0,"date":"2026-05-31","h":0.0}},{"type":"Feature","geometry":{"type":"Point","coordinates":[-49.258815,-25.47392]},"properties":{"id":"1563634428705875","veg":17.8,"date":"2026-05-31","h":0.0}},{"type":"Feature","geometry":{"type":"Point","coordinates":[-49.258908,-25.473857]},"properties":{"id":"1319392886829022","veg":16.9,"date":"2026-05-31","h":0.0}},{"type":"Feature","geometry":{"type":"Point","coordinates":[-49.258985,-25.473805]},"properties":{"id":"2506475126539546","veg":17.7,"date":"2026-05-31","h":0.0}},{"type":"Feature","geometry":{"type":"Point","coordinates":[-49.259078,-25.473744]},"properties":{"id":"28044156271852923","veg":18.9,"date":"2026-05-31","h":0.0}},{"type":"Feature","geometry":{"type":"Point","coordinates":[-49.258405,-25.474157]},"properties":{"id":"1336849974995719","veg":3.0,"date":"2026-05-31","h":0.0}},{"type":"Feature","geometry":{"type":"Point","coordinates":[-49.258219,-25.474189]},"properties":{"id":"1528856145304245","veg":1.6,"date":"2026-05-31","h":0.0}},{"type":"Feature","geometry":{"type":"Point","coordinates":[-49.25832,-25.474176]},"properties":{"id":"1762228121608897","veg":2.6,"date":"2026-05-31","h":0.0}},{"type":"Feature","geometry":{"type":"Point","coordinates":[-49.258497,-25.474125]},"properties":{"id":"986478164311415","veg":4.8,"date":"2026-05-31","h":0.0}},{"type":"Feature","geometry":{"type":"Point","coordinates":[-49.257201,-25.473686]},"properties":{"id":"1732629124571055","veg":5.1,"date":"2026-05-31","h":0.0}},{"type":"Feature","geometry":{"type":"Point","coordinates":[-49.25742,-25.473968]},"properties":{"id":"789130407499289","veg":19.0,"date":"2026-05-31","h":0.0}},{"type":"Feature","geometry":{"type":"Point","coordinates":[-49.257281,-25.473768]},"properties":{"id":"838628505572907","veg":4.1,"date":"2026-05-31","h":0.0}},{"type":"Feature","geometry":{"type":"Point","coordinates":[-49.257628,-25.474212]},"properties":{"id":"1016804287465437","veg":8.0,"date":"2026-05-31","h":0.0}},{"type":"Feature","geometry":{"type":"Point","coordinates":[-49.258123,-25.474203]},"properties":{"id":"1026288349833135","veg":1.3,"date":"2026-05-31","h":0.0}},{"type":"Feature","geometry":{"type":"Point","coordinates":[-49.257942,-25.47424]},"properties":{"id":"1321264026620613","veg":1.3,"date":"2026-05-31","h":0.0}},{"type":"Feature","geometry":{"type":"Point","coordinates":[-49.258036,-25.474218]},"properties":{"id":"1545201870559704","veg":1.0,"date":"2026-05-31","h":0.0}},{"type":"Feature","geometry":{"type":"Point","coordinates":[-49.257716,-25.47435]},"properties":{"id":"1000507735787375","veg":7.6,"date":"2026-05-31","h":0.0}},{"type":"Feature","geometry":{"type":"Point","coordinates":[-49.257715,-25.474322]},"properties":{"id":"1304731034568331","veg":6.1,"date":"2026-05-31","h":0.0}},{"type":"Feature","geometry":{"type":"Point","coordinates":[-49.257867,-25.474267]},"properties":{"id":"1336878928388136","veg":4.4,"date":"2026-05-31","h":0.0}},{"type":"Feature","geometry":{"type":"Point","coordinates":[-49.257795,-25.474424]},"properties":{"id":"1608304150270443","veg":7.1,"date":"2026-05-31","h":0.0}},{"type":"Feature","geometry":{"type":"Point","coordinates":[-49.257665,-25.474389]},"properties":{"id":"1918587055512952","veg":8.2,"date":"2026-05-31","h":0.0}},{"type":"Feature","geometry":{"type":"Point","coordinates":[-49.257785,-25.474308]},"properties":{"id":"1681706016481029","veg":7.8,"date":"2026-05-31","h":0.0}},{"type":"Feature","geometry":{"type":"Point","coordinates":[-49.257384,-25.47489]},"properties":{"id":"1638217338307688","veg":3.0,"date":"2026-05-31","h":0.0}},{"type":"Feature","geometry":{"type":"Point","coordinates":[-49.257487,-25.474658]},"properties":{"id":"1382738170348470","veg":2.9,"date":"2026-05-31","h":0.0}},{"type":"Feature","geometry":{"type":"Point","coordinates":[-49.257408,-25.474834]},"properties":{"id":"1705540417122266","veg":3.5,"date":"2026-05-31","h":0.0}},{"type":"Feature","geometry":{"type":"Point","coordinates":[-49.257467,-25.474703]},"properties":{"id":"2008573653085305","veg":3.0,"date":"2026-05-31","h":0.0}},{"type":"Feature","geometry":{"type":"Point","coordinates":[-49.25748,-25.474673]},"properties":{"id":"1530242938485641","veg":3.4,"date":"2026-05-31","h":0.0}},{"type":"Feature","geometry":{"type":"Point","coordinates":[-49.257451,-25.474741]},"properties":{"id":"2010192812954870","veg":5.0,"date":"2026-05-31","h":0.0}},{"type":"Feature","geometry":{"type":"Point","coordinates":[-49.257431,-25.474784]},"properties":{"id":"2070097236902773","veg":4.7,"date":"2026-05-31","h":0.0}},{"type":"Feature","geometry":{"type":"Point","coordinates":[-49.258463,-25.475266]},"properties":{"id":"1524690375909341","veg":6.9,"date":"2026-05-31","h":0.0}},{"type":"Feature","geometry":{"type":"Point","coordinates":[-49.25831,-25.475069]},"properties":{"id":"1365993092056352","veg":10.7,"date":"2026-05-31","h":0.0}},{"type":"Feature","geometry":{"type":"Point","coordinates":[-49.257244,-25.475206]},"properties":{"id":"1205907581576434","veg":14.3,"date":"2026-05-31","h":0.0}},{"type":"Feature","geometry":{"type":"Point","coordinates":[-49.257302,-25.475079]},"properties":{"id":"1159680652980080","veg":22.8,"date":"2026-05-31","h":0.0}},{"type":"Feature","geometry":{"type":"Point","coordinates":[-49.257212,-25.475264]},"properties":{"id":"1325241958939401","veg":14.1,"date":"2026-05-31","h":0.0}},{"type":"Feature","geometry":{"type":"Point","coordinates":[-49.257356,-25.474953]},"properties":{"id":"1520214246274073","veg":2.1,"date":"2026-05-31","h":0.0}},{"type":"Feature","geometry":{"type":"Point","coordinates":[-49.257274,-25.475144]},"properties":{"id":"27190595860550597","veg":16.8,"date":"2026-05-31","h":0.0}},{"type":"Feature","geometry":{"type":"Point","coordinates":[-49.257329,-25.475017]},"properties":{"id":"3894569927516839","veg":18.4,"date":"2026-05-31","h":0.0}},{"type":"Feature","geometry":{"type":"Point","coordinates":[-49.257614,-25.474439]},"properties":{"id":"1504736544678301","veg":8.9,"date":"2026-05-31","h":0.0}},{"type":"Feature","geometry":{"type":"Point","coordinates":[-49.257959,-25.474628]},"properties":{"id":"1505356647657475","veg":3.8,"date":"2026-05-31","h":0.0}},{"type":"Feature","geometry":{"type":"Point","coordinates":[-49.257529,-25.474568]},"properties":{"id":"1496632848266024","veg":4.9,"date":"2026-05-31","h":0.0}},{"type":"Feature","geometry":{"type":"Point","coordinates":[-49.257513,-25.474602]},"properties":{"id":"2356558158201272","veg":3.9,"date":"2026-05-31","h":0.0}},{"type":"Feature","geometry":{"type":"Point","coordinates":[-49.25755,-25.47453]},"properties":{"id":"2023802344892785","veg":6.0,"date":"2026-05-31","h":0.0}},{"type":"Feature","geometry":{"type":"Point","coordinates":[-49.25813,-25.474842]},"properties":{"id":"3887607828215095","veg":2.7,"date":"2026-05-31","h":0.0}},{"type":"Feature","geometry":{"type":"Point","coordinates":[-49.257577,-25.474486]},"properties":{"id":"962510220004850","veg":7.2,"date":"2026-05-31","h":0.0}},{"type":"Feature","geometry":{"type":"Point","coordinates":[-49.258644,-25.47548]},"properties":{"id":"1296435749362918","veg":11.5,"date":"2026-05-31","h":0.0}},{"type":"Feature","geometry":{"type":"Point","coordinates":[-49.259091,-25.475959]},"properties":{"id":"2350101622065720","veg":5.0,"date":"2026-05-31","h":0.0}},{"type":"Feature","geometry":{"type":"Point","coordinates":[-49.259372,-25.476194]},"properties":{"id":"36719522950979506","veg":8.6,"date":"2026-05-31","h":0.0}},{"type":"Feature","geometry":{"type":"Point","coordinates":[-49.258836,-25.475708]},"properties":{"id":"972053148788377","veg":3.7,"date":"2026-05-31","h":0.0}},{"type":"Feature","geometry":{"type":"Point","coordinates":[-49.259823,-25.476703]},"properties":{"id":"1300864051647438","veg":27.6,"date":"2026-05-31","h":0.0}},{"type":"Feature","geometry":{"type":"Point","coordinates":[-49.259612,-25.476443]},"properties":{"id":"2144510229669834","veg":19.4,"date":"2026-05-31","h":0.0}},{"type":"Feature","geometry":{"type":"Point","coordinates":[-49.260041,-25.476969]},"properties":{"id":"3195540944169032","veg":24.7,"date":"2026-05-31","h":0.0}},{"type":"Feature","geometry":{"type":"Point","coordinates":[-49.26073,-25.477792]},"properties":{"id":"1025886773447174","veg":16.1,"date":"2026-05-31","h":0.0}},{"type":"Feature","geometry":{"type":"Point","coordinates":[-49.260474,-25.477509]},"properties":{"id":"1523089032796229","veg":23.2,"date":"2026-05-31","h":0.0}},{"type":"Feature","geometry":{"type":"Point","coordinates":[-49.260244,-25.477233]},"properties":{"id":"1856609315007578","veg":23.1,"date":"2026-05-31","h":0.0}},{"type":"Feature","geometry":{"type":"Point","coordinates":[-49.256933,-25.473376]},"properties":{"id":"4467654373520606","veg":5.1,"date":"2026-05-31","h":0.0}},{"type":"Feature","geometry":{"type":"Point","coordinates":[-49.257131,-25.473613]},"properties":{"id":"1530397775149180","veg":7.0,"date":"2026-05-31","h":0.0}},{"type":"Feature","geometry":{"type":"Point","coordinates":[-49.257015,-25.473479]},"properties":{"id":"2230599471019997","veg":22.5,"date":"2026-05-31","h":0.0}},{"type":"Feature","geometry":{"type":"Point","coordinates":[-49.257066,-25.473541]},"properties":{"id":"4011219202517313","veg":17.4,"date":"2026-05-31","h":0.0}},{"type":"Feature","geometry":{"type":"Point","coordinates":[-49.256722,-25.473409]},"properties":{"id":"2475483196198816","veg":5.9,"date":"2026-05-31","h":0.0}},{"type":"Feature","geometry":{"type":"Point","coordinates":[-49.256746,-25.473354]},"properties":{"id":"1473090444862674","veg":9.6,"date":"2026-05-31","h":0.0}},{"type":"Feature","geometry":{"type":"Point","coordinates":[-49.256772,-25.473301]},"properties":{"id":"2026341644628622","veg":8.8,"date":"2026-05-31","h":0.0}},{"type":"Feature","geometry":{"type":"Point","coordinates":[-49.25688,-25.473323]},"properties":{"id":"2121965145326197","veg":3.2,"date":"2026-05-31","h":0.0}},{"type":"Feature","geometry":{"type":"Point","coordinates":[-49.25683,-25.473314]},"properties":{"id":"860276386677377","veg":9.2,"date":"2026-05-31","h":0.0}},{"type":"Feature","geometry":{"type":"Point","coordinates":[-49.256692,-25.473477]},"properties":{"id":"974773345444749","veg":2.0,"date":"2026-05-31","h":0.0}},{"type":"Feature","geometry":{"type":"Point","coordinates":[-49.256659,-25.473552]},"properties":{"id":"1324488019098024","veg":2.3,"date":"2026-05-31","h":0.0}},{"type":"Feature","geometry":{"type":"Point","coordinates":[-49.256567,-25.473749]},"properties":{"id":"1354574053216975","veg":7.7,"date":"2026-05-31","h":0.0}},{"type":"Feature","geometry":{"type":"Point","coordinates":[-49.256519,-25.473849]},"properties":{"id":"1302157898695442","veg":21.8,"date":"2026-05-31","h":0.0}},{"type":"Feature","geometry":{"type":"Point","coordinates":[-49.256618,-25.473641]},"properties":{"id":"2141210746449572","veg":3.5,"date":"2026-05-31","h":0.0}},{"type":"Feature","geometry":{"type":"Point","coordinates":[-49.256464,-25.473953]},"properties":{"id":"932113939829224","veg":3.2,"date":"2026-05-31","h":0.0}},{"type":"Feature","geometry":{"type":"Point","coordinates":[-49.256403,-25.474063]},"properties":{"id":"1429533352548626","veg":4.4,"date":"2026-05-31","h":0.0}},{"type":"Feature","geometry":{"type":"Point","coordinates":[-49.256293,-25.474273]},"properties":{"id":"1469137694485789","veg":7.1,"date":"2026-05-31","h":0.0}},{"type":"Feature","geometry":{"type":"Point","coordinates":[-49.256348,-25.474161]},"properties":{"id":"2007507010156997","veg":6.0,"date":"2026-05-31","h":0.0}},{"type":"Feature","geometry":{"type":"Point","coordinates":[-49.2569,-25.47526]},"properties":{"id":"1293828369485614","veg":2.7,"date":"2026-05-31","h":0.0}},{"type":"Feature","geometry":{"type":"Point","coordinates":[-49.257004,-25.475299]},"properties":{"id":"1863082041026305","veg":3.7,"date":"2026-05-31","h":0.0}},{"type":"Feature","geometry":{"type":"Point","coordinates":[-49.256921,-25.475269]},"properties":{"id":"1650327172891845","veg":3.0,"date":"2026-05-31","h":0.0}},{"type":"Feature","geometry":{"type":"Point","coordinates":[-49.257121,-25.475326]},"properties":{"id":"1550791593366846","veg":10.8,"date":"2026-05-31","h":0.0}},{"type":"Feature","geometry":{"type":"Point","coordinates":[-49.257031,-25.475312]},"properties":{"id":"1750475656319194","veg":3.7,"date":"2026-05-31","h":0.0}},{"type":"Feature","geometry":{"type":"Point","coordinates":[-49.257071,-25.475326]},"properties":{"id":"2087066751906191","veg":5.3,"date":"2026-05-31","h":0.0}},{"type":"Feature","geometry":{"type":"Point","coordinates":[-49.257171,-25.475305]},"properties":{"id":"2059303364966222","veg":12.8,"date":"2026-05-31","h":0.0}},{"type":"Feature","geometry":{"type":"Point","coordinates":[-49.256045,-25.474842]},"properties":{"id":"1200343375467122","veg":12.9,"date":"2026-05-31","h":0.0}},{"type":"Feature","geometry":{"type":"Point","coordinates":[-49.256956,-25.475276]},"properties":{"id":"864767526671812","veg":3.1,"date":"2026-05-31","h":0.0}},{"type":"Feature","geometry":{"type":"Point","coordinates":[-49.25612,-25.474685]},"properties":{"id":"1445430574022737","veg":5.5,"date":"2026-05-31","h":0.0}},{"type":"Feature","geometry":{"type":"Point","coordinates":[-49.256164,-25.474591]},"properties":{"id":"1714414199561737","veg":3.9,"date":"2026-05-31","h":0.0}},{"type":"Feature","geometry":{"type":"Point","coordinates":[-49.256147,-25.474917]},"properties":{"id":"1775234093855352","veg":3.9,"date":"2026-05-31","h":0.0}},{"type":"Feature","geometry":{"type":"Point","coordinates":[-49.25608,-25.474886]},"properties":{"id":"1878609169453902","veg":17.0,"date":"2026-05-31","h":0.0}},{"type":"Feature","geometry":{"type":"Point","coordinates":[-49.256218,-25.474949]},"properties":{"id":"2426627271179837","veg":6.2,"date":"2026-05-31","h":0.0}},{"type":"Feature","geometry":{"type":"Point","coordinates":[-49.256094,-25.474749]},"properties":{"id":"4396331370635376","veg":8.5,"date":"2026-05-31","h":0.0}},{"type":"Feature","geometry":{"type":"Point","coordinates":[-49.256252,-25.474381]},"properties":{"id":"1310476387230357","veg":7.9,"date":"2026-05-31","h":0.0}},{"type":"Feature","geometry":{"type":"Point","coordinates":[-49.256212,-25.474481]},"properties":{"id":"1814756542836147","veg":7.7,"date":"2026-05-31","h":0.0}},{"type":"Feature","geometry":{"type":"Point","coordinates":[-49.256501,-25.475079]},"properties":{"id":"1357181182958193","veg":7.9,"date":"2026-05-31","h":0.0}},{"type":"Feature","geometry":{"type":"Point","coordinates":[-49.256781,-25.475207]},"properties":{"id":"1014160678230893","veg":2.6,"date":"2026-05-31","h":0.0}},{"type":"Feature","geometry":{"type":"Point","coordinates":[-49.256309,-25.474991]},"properties":{"id":"1700101481193883","veg":12.9,"date":"2026-05-31","h":0.0}},{"type":"Feature","geometry":{"type":"Point","coordinates":[-49.25641,-25.475038]},"properties":{"id":"1997391137548538","veg":4.9,"date":"2026-05-31","h":0.0}},{"type":"Feature","geometry":{"type":"Point","coordinates":[-49.256853,-25.475239]},"properties":{"id":"2068214937426227","veg":2.8,"date":"2026-05-31","h":0.0}},{"type":"Feature","geometry":{"type":"Point","coordinates":[-49.256599,-25.475123]},"properties":{"id":"2460543097800067","veg":15.7,"date":"2026-05-31","h":0.0}},{"type":"Feature","geometry":{"type":"Point","coordinates":[-49.256692,-25.475166]},"properties":{"id":"2555220241588401","veg":31.9,"date":"2026-05-31","h":0.0}},{"type":"Feature","geometry":{"type":"Point","coordinates":[-49.251786,-25.480032]},"properties":{"id":"754735603545437","veg":18.1,"date":"2025-06-06","h":895.9}},{"type":"Feature","geometry":{"type":"Point","coordinates":[-49.25278,-25.480441]},"properties":{"id":"1006308571489710","veg":24.2,"date":"2025-06-06","h":895.9}},{"type":"Feature","geometry":{"type":"Point","coordinates":[-49.252595,-25.480363]},"properties":{"id":"1124651432747531","veg":21.8,"date":"2025-06-06","h":895.9}},{"type":"Feature","geometry":{"type":"Point","coordinates":[-49.252502,-25.480325]},"properties":{"id":"2092783301229234","veg":14.1,"date":"2025-06-06","h":895.9}},{"type":"Feature","geometry":{"type":"Point","coordinates":[-49.25269,-25.480403]},"properties":{"id":"558548540655816","veg":9.5,"date":"2025-06-06","h":895.9}},{"type":"Feature","geometry":{"type":"Point","coordinates":[-49.252306,-25.480245]},"properties":{"id":"1111244151022297","veg":14.1,"date":"2025-06-06","h":895.9}},{"type":"Feature","geometry":{"type":"Point","coordinates":[-49.252001,-25.48012]},"properties":{"id":"1328612001575504","veg":10.4,"date":"2025-06-06","h":895.9}},{"type":"Feature","geometry":{"type":"Point","coordinates":[-49.2524,-25.480283]},"properties":{"id":"1267683114777963","veg":16.2,"date":"2025-06-06","h":895.9}},{"type":"Feature","geometry":{"type":"Point","coordinates":[-49.251903,-25.48008]},"properties":{"id":"1443401970408250","veg":12.4,"date":"2025-06-06","h":895.9}},{"type":"Feature","geometry":{"type":"Point","coordinates":[-49.252102,-25.480162]},"properties":{"id":"3708926192749879","veg":9.1,"date":"2025-06-06","h":895.9}},{"type":"Feature","geometry":{"type":"Point","coordinates":[-49.252206,-25.480204]},"properties":{"id":"593757817076706","veg":14.4,"date":"2025-06-06","h":895.9}},{"type":"Feature","geometry":{"type":"Point","coordinates":[-49.253681,-25.480805]},"properties":{"id":"1054698043278874","veg":2.3,"date":"2025-06-06","h":897.8}},{"type":"Feature","geometry":{"type":"Point","coordinates":[-49.253454,-25.480715]},"properties":{"id":"1279101767104290","veg":4.3,"date":"2025-06-06","h":897.8}},{"type":"Feature","geometry":{"type":"Point","coordinates":[-49.253527,-25.480746]},"properties":{"id":"1048879847208003","veg":4.2,"date":"2025-06-06","h":897.8}},{"type":"Feature","geometry":{"type":"Point","coordinates":[-49.253565,-25.480759]},"properties":{"id":"1046742857605055","veg":8.2,"date":"2025-06-06","h":897.8}},{"type":"Feature","geometry":{"type":"Point","coordinates":[-49.253291,-25.480651]},"properties":{"id":"1098814185628672","veg":3.7,"date":"2025-06-06","h":895.7}},{"type":"Feature","geometry":{"type":"Point","coordinates":[-49.253109,-25.480578]},"properties":{"id":"1224794912764680","veg":11.0,"date":"2025-06-06","h":895.9}},{"type":"Feature","geometry":{"type":"Point","coordinates":[-49.253396,-25.480692]},"properties":{"id":"1353607275937191","veg":7.0,"date":"2025-06-06","h":897.8}},{"type":"Feature","geometry":{"type":"Point","coordinates":[-49.253224,-25.480625]},"properties":{"id":"2449632542083052","veg":5.6,"date":"2025-06-06","h":895.9}},{"type":"Feature","geometry":{"type":"Point","coordinates":[-49.253352,-25.480679]},"properties":{"id":"24023733470586219","veg":4.3,"date":"2025-06-06","h":897.8}},{"type":"Feature","geometry":{"type":"Point","coordinates":[-49.253314,-25.48066]},"properties":{"id":"2951165735057619","veg":3.2,"date":"2025-06-06","h":895.7}},{"type":"Feature","geometry":{"type":"Point","coordinates":[-49.253173,-25.480604]},"properties":{"id":"683602424474121","veg":7.6,"date":"2025-06-06","h":895.9}},{"type":"Feature","geometry":{"type":"Point","coordinates":[-49.253611,-25.480777]},"properties":{"id":"702013199196469","veg":6.2,"date":"2025-06-06","h":897.8}},{"type":"Feature","geometry":{"type":"Point","coordinates":[-49.253833,-25.480867]},"properties":{"id":"1907383803167525","veg":4.2,"date":"2025-06-06","h":897.8}},{"type":"Feature","geometry":{"type":"Point","coordinates":[-49.25391,-25.480898]},"properties":{"id":"2508057722886238","veg":3.2,"date":"2025-06-06","h":897.8}},{"type":"Feature","geometry":{"type":"Point","coordinates":[-49.254353,-25.481085]},"properties":{"id":"1070082955006529","veg":26.6,"date":"2025-06-06","h":898.1}},{"type":"Feature","geometry":{"type":"Point","coordinates":[-49.253754,-25.480834]},"properties":{"id":"1010765494374481","veg":2.7,"date":"2025-06-06","h":897.8}},{"type":"Feature","geometry":{"type":"Point","coordinates":[-49.253995,-25.480931]},"properties":{"id":"1684589305499051","veg":9.9,"date":"2025-06-06","h":897.8}},{"type":"Feature","geometry":{"type":"Point","coordinates":[-49.254289,-25.481057]},"properties":{"id":"2154882531650414","veg":11.6,"date":"2025-06-06","h":898.1}},{"type":"Feature","geometry":{"type":"Point","coordinates":[-49.254237,-25.481033]},"properties":{"id":"491200427416638","veg":8.0,"date":"2025-06-06","h":897.8}},{"type":"Feature","geometry":{"type":"Point","coordinates":[-49.254073,-25.480961]},"properties":{"id":"716623577445077","veg":8.0,"date":"2025-06-06","h":897.8}},{"type":"Feature","geometry":{"type":"Point","coordinates":[-49.254154,-25.480994]},"properties":{"id":"895256386093677","veg":4.4,"date":"2025-06-06","h":897.8}},{"type":"Feature","geometry":{"type":"Point","coordinates":[-49.254411,-25.481108]},"properties":{"id":"1423265329010544","veg":27.8,"date":"2025-06-06","h":898.1}},{"type":"Feature","geometry":{"type":"Point","coordinates":[-49.254447,-25.481122]},"properties":{"id":"1472068824168913","veg":25.7,"date":"2025-06-06","h":898.1}},{"type":"Feature","geometry":{"type":"Point","coordinates":[-49.252966,-25.480517]},"properties":{"id":"543558962027831","veg":33.9,"date":"2025-06-06","h":895.9}},{"type":"Feature","geometry":{"type":"Point","coordinates":[-49.252874,-25.480479]},"properties":{"id":"542044222173212","veg":33.8,"date":"2025-06-06","h":895.9}},{"type":"Feature","geometry":{"type":"Point","coordinates":[-49.25304,-25.480548]},"properties":{"id":"684283477907103","veg":19.7,"date":"2025-06-06","h":895.9}},{"type":"Feature","geometry":{"type":"Point","coordinates":[-49.255845,-25.481693]},"properties":{"id":"697695369661566","veg":29.1,"date":"2025-06-06","h":903.7}},{"type":"Feature","geometry":{"type":"Point","coordinates":[-49.254685,-25.481218]},"properties":{"id":"1250157476666741","veg":13.2,"date":"2025-06-06","h":899.7}},{"type":"Feature","geometry":{"type":"Point","coordinates":[-49.254768,-25.481252]},"properties":{"id":"1180239550805111","veg":17.5,"date":"2025-06-06","h":899.7}},{"type":"Feature","geometry":{"type":"Point","coordinates":[-49.254538,-25.481159]},"properties":{"id":"1391530725504851","veg":16.1,"date":"2025-06-06","h":899.7}},{"type":"Feature","geometry":{"type":"Point","coordinates":[-49.254858,-25.481289]},"properties":{"id":"1247570040116236","veg":30.8,"date":"2025-06-06","h":899.7}},{"type":"Feature","geometry":{"type":"Point","coordinates":[-49.254957,-25.48133]},"properties":{"id":"1782293668990533","veg":24.3,"date":"2025-06-06","h":899.7}},{"type":"Feature","geometry":{"type":"Point","coordinates":[-49.254479,-25.481135]},"properties":{"id":"499798253221042","veg":20.3,"date":"2025-06-06","h":899.7}},{"type":"Feature","geometry":{"type":"Point","coordinates":[-49.254608,-25.481187]},"properties":{"id":"727935383011701","veg":16.2,"date":"2025-06-06","h":899.7}},{"type":"Feature","geometry":{"type":"Point","coordinates":[-49.254503,-25.481145]},"properties":{"id":"737458771962048","veg":18.7,"date":"2025-06-06","h":899.7}},{"type":"Feature","geometry":{"type":"Point","coordinates":[-49.255729,-25.481646]},"properties":{"id":"1073054508208828","veg":10.4,"date":"2025-06-06","h":903.7}},{"type":"Feature","geometry":{"type":"Point","coordinates":[-49.255773,-25.481663]},"properties":{"id":"1646419946013878","veg":17.5,"date":"2025-06-06","h":903.7}},{"type":"Feature","geometry":{"type":"Point","coordinates":[-49.255694,-25.481631]},"properties":{"id":"2156940028155250","veg":10.7,"date":"2025-06-06","h":903.7}},{"type":"Feature","geometry":{"type":"Point","coordinates":[-49.25564,-25.481609]},"properties":{"id":"1397201351552358","veg":10.6,"date":"2025-06-06","h":903.7}},{"type":"Feature","geometry":{"type":"Point","coordinates":[-49.255307,-25.48147]},"properties":{"id":"1083858106953321","veg":12.5,"date":"2025-06-06","h":899.5}},{"type":"Feature","geometry":{"type":"Point","coordinates":[-49.255607,-25.481595]},"properties":{"id":"1645906483033535","veg":10.6,"date":"2025-06-06","h":903.7}},{"type":"Feature","geometry":{"type":"Point","coordinates":[-49.255382,-25.4815]},"properties":{"id":"1933712477386443","veg":7.9,"date":"2025-06-06","h":899.5}},{"type":"Feature","geometry":{"type":"Point","coordinates":[-49.255142,-25.481405]},"properties":{"id":"23969787129326775","veg":15.7,"date":"2025-06-06","h":899.7}},{"type":"Feature","geometry":{"type":"Point","coordinates":[-49.255567,-25.481577]},"properties":{"id":"23877705671850422","veg":10.1,"date":"2025-06-06","h":903.7}},{"type":"Feature","geometry":{"type":"Point","coordinates":[-49.255229,-25.481439]},"properties":{"id":"573477625494372","veg":18.4,"date":"2025-06-06","h":899.5}},{"type":"Feature","geometry":{"type":"Point","coordinates":[-49.255045,-25.481367]},"properties":{"id":"657631654104031","veg":19.6,"date":"2025-06-06","h":899.7}},{"type":"Feature","geometry":{"type":"Point","coordinates":[-49.255505,-25.481552]},"properties":{"id":"701459862526229","veg":9.9,"date":"2025-06-06","h":899.5}},{"type":"Feature","geometry":{"type":"Point","coordinates":[-49.255455,-25.481532]},"properties":{"id":"717106670811444","veg":9.9,"date":"2025-06-06","h":899.5}},{"type":"Feature","geometry":{"type":"Point","coordinates":[-49.256219,-25.481847]},"properties":{"id":"1357489338884884","veg":28.8,"date":"2025-06-06","h":903.7}},{"type":"Feature","geometry":{"type":"Point","coordinates":[-49.255937,-25.481731]},"properties":{"id":"1251038419800074","veg":33.1,"date":"2025-06-06","h":903.7}},{"type":"Feature","geometry":{"type":"Point","coordinates":[-49.256031,-25.481771]},"properties":{"id":"1687455895224812","veg":34.4,"date":"2025-06-06","h":903.7}},{"type":"Feature","geometry":{"type":"Point","coordinates":[-49.256119,-25.481807]},"properties":{"id":"649154911458869","veg":33.7,"date":"2025-06-06","h":903.7}},{"type":"Feature","geometry":{"type":"Point","coordinates":[-49.256748,-25.48206]},"properties":{"id":"2070565766767778","veg":14.8,"date":"2025-06-06","h":907.6}},{"type":"Feature","geometry":{"type":"Point","coordinates":[-49.256307,-25.481883]},"properties":{"id":"1099675012206991","veg":30.1,"date":"2025-06-06","h":907.6}},{"type":"Feature","geometry":{"type":"Point","coordinates":[-49.25639,-25.481916]},"properties":{"id":"1480133060020102","veg":24.4,"date":"2025-06-06","h":907.6}},{"type":"Feature","geometry":{"type":"Point","coordinates":[-49.256835,-25.482095]},"properties":{"id":"1416380546039508","veg":11.4,"date":"2025-06-06","h":907.6}},{"type":"Feature","geometry":{"type":"Point","coordinates":[-49.256628,-25.482011]},"properties":{"id":"1688477858458478","veg":21.5,"date":"2025-06-06","h":907.6}},{"type":"Feature","geometry":{"type":"Point","coordinates":[-49.256678,-25.482032]},"properties":{"id":"3170383706450033","veg":17.6,"date":"2025-06-06","h":907.6}},{"type":"Feature","geometry":{"type":"Point","coordinates":[-49.256588,-25.481995]},"properties":{"id":"725319256695786","veg":26.4,"date":"2025-06-06","h":907.6}},{"type":"Feature","geometry":{"type":"Point","coordinates":[-49.256539,-25.481976]},"properties":{"id":"720510773813669","veg":33.3,"date":"2025-06-06","h":907.6}},{"type":"Feature","geometry":{"type":"Point","coordinates":[-49.256468,-25.481947]},"properties":{"id":"716403237755164","veg":34.8,"date":"2025-06-06","h":907.6}},{"type":"Feature","geometry":{"type":"Point","coordinates":[-49.256924,-25.482131]},"properties":{"id":"1373080630573507","veg":7.9,"date":"2025-06-06","h":907.6}},{"type":"Feature","geometry":{"type":"Point","coordinates":[-49.257017,-25.482169]},"properties":{"id":"1953984972040298","veg":22.7,"date":"2025-06-06","h":907.6}},{"type":"Feature","geometry":{"type":"Point","coordinates":[-49.257121,-25.482213]},"properties":{"id":"653263274374729","veg":34.8,"date":"2025-06-06","h":907.6}},{"type":"Feature","geometry":{"type":"Point","coordinates":[-49.261367,-25.478593]},"properties":{"id":"2184348418998862","veg":11.4,"date":"2026-05-31","h":0.0}},{"type":"Feature","geometry":{"type":"Point","coordinates":[-49.261908,-25.479162]},"properties":{"id":"1016694424040538","veg":19.8,"date":"2026-05-31","h":0.0}},{"type":"Feature","geometry":{"type":"Point","coordinates":[-49.261551,-25.478772]},"properties":{"id":"1637367344040727","veg":12.6,"date":"2026-05-31","h":0.0}},{"type":"Feature","geometry":{"type":"Point","coordinates":[-49.261125,-25.478383]},"properties":{"id":"1051519767535239","veg":27.8,"date":"2026-05-31","h":0.0}},{"type":"Feature","geometry":{"type":"Point","coordinates":[-49.260907,-25.478008]},"properties":{"id":"979436711662315","veg":27.8,"date":"2026-05-31","h":0.0}},{"type":"Feature","geometry":{"type":"Point","coordinates":[-49.261938,-25.479403]},"properties":{"id":"3443289532511510","veg":17.3,"date":"2026-05-31","h":0.0}},{"type":"Feature","geometry":{"type":"Point","coordinates":[-49.26248,-25.479951]},"properties":{"id":"1663021138142741","veg":17.6,"date":"2026-05-31","h":0.0}},{"type":"Feature","geometry":{"type":"Point","coordinates":[-49.262247,-25.479686]},"properties":{"id":"4335109530087417","veg":26.0,"date":"2026-05-31","h":0.0}},{"type":"Feature","geometry":{"type":"Point","coordinates":[-49.262678,-25.48022]},"properties":{"id":"1805090927129074","veg":12.5,"date":"2026-05-31","h":0.0}},{"type":"Feature","geometry":{"type":"Point","coordinates":[-49.257213,-25.48225]},"properties":{"id":"1288865679623999","veg":35.6,"date":"2025-06-06","h":907.6}},{"type":"Feature","geometry":{"type":"Point","coordinates":[-49.257395,-25.482322]},"properties":{"id":"722557166823134","veg":33.2,"date":"2025-06-06","h":907.6}},{"type":"Feature","geometry":{"type":"Point","coordinates":[-49.257486,-25.482359]},"properties":{"id":"1923362141744959","veg":25.3,"date":"2025-06-06","h":907.6}},{"type":"Feature","geometry":{"type":"Point","coordinates":[-49.25731,-25.482289]},"properties":{"id":"722466494071574","veg":36.4,"date":"2025-06-06","h":907.6}},{"type":"Feature","geometry":{"type":"Point","coordinates":[-49.258459,-25.482752]},"properties":{"id":"1031833802423870","veg":27.8,"date":"2025-06-06","h":912.4}},{"type":"Feature","geometry":{"type":"Point","coordinates":[-49.258561,-25.482795]},"properties":{"id":"1361388875307204","veg":37.8,"date":"2025-06-06","h":912.4}},{"type":"Feature","geometry":{"type":"Point","coordinates":[-49.258347,-25.482708]},"properties":{"id":"1521115825531690","veg":41.5,"date":"2025-06-06","h":912.4}},{"type":"Feature","geometry":{"type":"Point","coordinates":[-49.258237,-25.482662]},"properties":{"id":"1746560415937307","veg":39.2,"date":"2025-06-06","h":912.4}},{"type":"Feature","geometry":{"type":"Point","coordinates":[-49.257538,-25.48238]},"properties":{"id":"1414182606423723","veg":22.0,"date":"2025-06-06","h":912.4}},{"type":"Feature","geometry":{"type":"Point","coordinates":[-49.258028,-25.482579]},"properties":{"id":"1214759923664003","veg":11.4,"date":"2025-06-06","h":912.4}},{"type":"Feature","geometry":{"type":"Point","coordinates":[-49.257741,-25.482459]},"properties":{"id":"1392104401987090","veg":36.5,"date":"2025-06-06","h":912.4}},{"type":"Feature","geometry":{"type":"Point","coordinates":[-49.257607,-25.482407]},"properties":{"id":"1439573827226070","veg":23.4,"date":"2025-06-06","h":912.4}},{"type":"Feature","geometry":{"type":"Point","coordinates":[-49.257939,-25.482541]},"properties":{"id":"1503892940591104","veg":19.2,"date":"2025-06-06","h":912.4}},{"type":"Feature","geometry":{"type":"Point","coordinates":[-49.257701,-25.482444]},"properties":{"id":"1768101397441319","veg":27.6,"date":"2025-06-06","h":912.4}},{"type":"Feature","geometry":{"type":"Point","coordinates":[-49.25766,-25.482427]},"properties":{"id":"3959456347638818","veg":33.0,"date":"2025-06-06","h":912.4}},{"type":"Feature","geometry":{"type":"Point","coordinates":[-49.257787,-25.482477]},"properties":{"id":"4030895233895108","veg":33.7,"date":"2025-06-06","h":912.4}},{"type":"Feature","geometry":{"type":"Point","coordinates":[-49.257857,-25.482507]},"properties":{"id":"712992654452277","veg":31.4,"date":"2025-06-06","h":912.4}},{"type":"Feature","geometry":{"type":"Point","coordinates":[-49.258133,-25.482621]},"properties":{"id":"703931602219505","veg":34.8,"date":"2025-06-06","h":912.4}},{"type":"Feature","geometry":{"type":"Point","coordinates":[-49.25875,-25.482873]},"properties":{"id":"689134657066612","veg":42.6,"date":"2025-06-06","h":912.4}},{"type":"Feature","geometry":{"type":"Point","coordinates":[-49.258658,-25.482836]},"properties":{"id":"996419029350412","veg":38.3,"date":"2025-06-06","h":912.4}},{"type":"Feature","geometry":{"type":"Point","coordinates":[-49.258924,-25.482943]},"properties":{"id":"1895996454524347","veg":43.4,"date":"2025-06-06","h":912.4}},{"type":"Feature","geometry":{"type":"Point","coordinates":[-49.258844,-25.48291]},"properties":{"id":"642248388841977","veg":40.4,"date":"2025-06-06","h":912.4}}]}